"campaignid","sample","filename","periodtime","family","genus","species","maxn","latitude","longitude","date.time","location","status","depth","successful.count","successful.length","unique_id"
"2021-05_PtCloates_BOSS","12","20210520_0809-1314_BOTTOM_0010_0001.mp4","1.01713","Holocentridae","Sargocentron","spp",1,"-22.7137","113.5364","2021-05-20T10:49:29+08:00","Point Cloates","No-take","107","Yes","Yes","2021-05_PtCloates_BOSS_12"
"2021-05_PtCloates_BOSS","12","20210520_0809-1314_BOTTOM_0010_0001.mp4","2.81114","Pinguipedidae","Parapercis","nebulosa",1,"-22.7137","113.5364","2021-05-20T10:49:29+08:00","Point Cloates","No-take","107","Yes","Yes","2021-05_PtCloates_BOSS_12"
"2021-05_PtCloates_BOSS","12","20210520_0809-1314_BOTTOM_0010_0001.mp4","2.18858","SUS","SUS","SUS",2,"-22.7137","113.5364","2021-05-20T10:49:29+08:00","Point Cloates","No-take","107","Yes","Yes","2021-05_PtCloates_BOSS_12"
"2021-05_PtCloates_BOSS","13","20210520_0809-1314_BOTTOM_0012_0001.mp4","0.00000","Holocentridae","Sargocentron","spp",1,"-22.7037","113.5389","2021-05-20T11:16:00+08:00","Point Cloates","No-take","107","Yes","Yes","2021-05_PtCloates_BOSS_13"
"2021-05_PtCloates_BOSS","13","20210520_0809-1314_BOTTOM_0012_0001.mp4","0.33867","Pinguipedidae","Parapercis","nebulosa",1,"-22.7037","113.5389","2021-05-20T11:16:00+08:00","Point Cloates","No-take","107","Yes","Yes","2021-05_PtCloates_BOSS_13"
"2021-05_PtCloates_BOSS","13","20210520_0809-1314_BOTTOM_0012_0001.mp4","0.09732","SUS","SUS","SUS",1,"-22.7037","113.5389","2021-05-20T11:16:00+08:00","Point Cloates","No-take","107","Yes","Yes","2021-05_PtCloates_BOSS_13"
"2021-05_PtCloates_BOSS","18","20210520_0809-1314_BOTTOM_0018_0001.mp4","1.60661","Nemipteridae",NA,NA,3,"-22.6838","113.5489","2021-05-20T13:14:58+08:00","Point Cloates","No-take","102","Yes","Yes","2021-05_PtCloates_BOSS_18"
"2021-05_PtCloates_BOSS","18","20210520_0809-1314_BOTTOM_0018_0001.mp4","0.98181","Priacanthidae","Priacanthus","spp",1,"-22.6838","113.5489","2021-05-20T13:14:58+08:00","Point Cloates","No-take","102","Yes","Yes","2021-05_PtCloates_BOSS_18"
"2021-05_PtCloates_BOSS","18","20210520_0809-1314_BOTTOM_0018_0001.mp4","0.43794","Sparidae","Dentex","spp",1,"-22.6838","113.5489","2021-05-20T13:14:58+08:00","Point Cloates","No-take","102","Yes","Yes","2021-05_PtCloates_BOSS_18"
"2021-05_PtCloates_BOSS","19","20210520_0809-1314_BOTTOM_0002_0001.mp4","2.63903","Pinguipedidae","Parapercis","nebulosa",1,"-22.7314","113.5313","2021-05-20T08:09:34+08:00","Point Cloates","No-take","106","Yes","Yes","2021-05_PtCloates_BOSS_19"
"2021-05_PtCloates_BOSS","19","20210520_0809-1314_BOTTOM_0002_0001.mp4","1.34245","Priacanthidae","Priacanthus","spp",1,"-22.7314","113.5313","2021-05-20T08:09:34+08:00","Point Cloates","No-take","106","Yes","Yes","2021-05_PtCloates_BOSS_19"
"2021-05_PtCloates_BOSS","20","20210520_0809-1314_BOTTOM_0010_0001.mp4","2.55561","Pinguipedidae","Parapercis","nebulosa",1,"-22.7187","113.5265","2021-05-20T10:35:39+08:00","Point Cloates","No-take","120","Yes","Yes","2021-05_PtCloates_BOSS_20"
"2021-05_PtCloates_BOSS","21","20210520_0809-1314_BOTTOM_0017_0001.mp4","0.00000","Chaetodontidae","Heniochus","acuminatus",2,"-22.6963","113.544","2021-05-20T12:33:40+08:00","Point Cloates","No-take","103","Yes","Yes","2021-05_PtCloates_BOSS_21"
"2021-05_PtCloates_BOSS","21","20210520_0809-1314_BOTTOM_0017_0001.mp4","0.98904","Cirrhitidae","Cyprinocirrhites","polyactis",3,"-22.6963","113.544","2021-05-20T12:33:40+08:00","Point Cloates","No-take","103","Yes","Yes","2021-05_PtCloates_BOSS_21"
"2021-05_PtCloates_BOSS","21","20210520_0809-1314_BOTTOM_0017_0001.mp4","2.03314","Labridae","Labroides","dimidiatus",1,"-22.6963","113.544","2021-05-20T12:33:40+08:00","Point Cloates","No-take","103","Yes","Yes","2021-05_PtCloates_BOSS_21"
"2021-05_PtCloates_BOSS","21","20210520_0809-1314_BOTTOM_0017_0001.mp4","1.91024","Mullidae",NA,NA,1,"-22.6963","113.544","2021-05-20T12:33:40+08:00","Point Cloates","No-take","103","Yes","Yes","2021-05_PtCloates_BOSS_21"
"2021-05_PtCloates_BOSS","21","20210520_0809-1314_BOTTOM_0017_0001.mp4","0.98904","Pinguipedidae","Parapercis","nebulosa",1,"-22.6963","113.544","2021-05-20T12:33:40+08:00","Point Cloates","No-take","103","Yes","Yes","2021-05_PtCloates_BOSS_21"
"2021-05_PtCloates_BOSS","21","20210520_0809-1314_BOTTOM_0017_0001.mp4","0.60839","Pomacanthidae","Chaetodontoplus","spp",1,"-22.6963","113.544","2021-05-20T12:33:40+08:00","Point Cloates","No-take","103","Yes","Yes","2021-05_PtCloates_BOSS_21"
"2021-05_PtCloates_BOSS","21","20210520_0809-1314_BOTTOM_0017_0001.mp4","0.79218","Serranidae",NA,"spp",1,"-22.6963","113.544","2021-05-20T12:33:40+08:00","Point Cloates","No-take","103","Yes","Yes","2021-05_PtCloates_BOSS_21"
"2021-05_PtCloates_BOSS","21","20210520_0809-1314_BOTTOM_0017_0001.mp4","2.54198","SUS","SUS","SUS",20,"-22.6963","113.544","2021-05-20T12:33:40+08:00","Point Cloates","No-take","103","Yes","Yes","2021-05_PtCloates_BOSS_21"
"2021-05_PtCloates_BOSS","22","20210520_0809-1314_BOTTOM_0003_0001.mp4","1.05717","Carangidae","Decapterus","spp",59,"-22.7438","113.5337","2021-05-20T08:23:06+08:00","Point Cloates","No-take","96.4","Yes","Yes","2021-05_PtCloates_BOSS_22"
"2021-05_PtCloates_BOSS","22","20210520_0809-1314_BOTTOM_0003_0001.mp4","1.21733","Clupeidae",NA,"spp",100,"-22.7438","113.5337","2021-05-20T08:23:06+08:00","Point Cloates","No-take","96.4","Yes","Yes","2021-05_PtCloates_BOSS_22"
"2021-05_PtCloates_BOSS","22","20210520_0809-1314_BOTTOM_0003_0001.mp4","1.56490","Pinguipedidae","Parapercis","nebulosa",1,"-22.7438","113.5337","2021-05-20T08:23:06+08:00","Point Cloates","No-take","96.4","Yes","Yes","2021-05_PtCloates_BOSS_22"
"2021-05_PtCloates_BOSS","25","20210520_0809-1314_BOTTOM_0006_0001.mp4","0.17323","Carangidae","Pseudocaranx","spp",1,"-22.7262","113.4913","2021-05-20T09:21:43+08:00","Point Cloates","Fished","208","Yes","Yes","2021-05_PtCloates_BOSS_25"
"2021-05_PtCloates_BOSS","25","20210520_0809-1314_BOTTOM_0006_0001.mp4","0.90618","Carcharhinidae","Carcharhinus","spp",1,"-22.7262","113.4913","2021-05-20T09:21:43+08:00","Point Cloates","Fished","208","Yes","Yes","2021-05_PtCloates_BOSS_25"
"2021-05_PtCloates_BOSS","25","20210520_0809-1314_BOTTOM_0006_0001.mp4","1.39278","Gobiidae",NA,"spp",1,"-22.7262","113.4913","2021-05-20T09:21:43+08:00","Point Cloates","Fished","208","Yes","Yes","2021-05_PtCloates_BOSS_25"
"2021-05_PtCloates_BOSS","25","20210520_0809-1314_BOTTOM_0006_0001.mp4","0.97264","Pinguipedidae","Parapercis","nebulosa",1,"-22.7262","113.4913","2021-05-20T09:21:43+08:00","Point Cloates","Fished","208","Yes","Yes","2021-05_PtCloates_BOSS_25"
"2021-05_PtCloates_BOSS","28","20210519_1108-1552_TOP_0004_0001.mp4","2.31092","Carcharhinidae","Carcharhinus","plumbeus",1,"-22.7585","113.4762","2021-05-19T11:26:56+08:00","Point Cloates","Fished","206","Yes","Yes","2021-05_PtCloates_BOSS_28"
"2021-05_PtCloates_BOSS","29","20210519_1108-1552_BOTTOM2_0006_0001.mp4","2.61428","SUS","SUS","SUS",2,"-22.7758","113.494","2021-05-19T14:05:09+08:00","Point Cloates","Fished","152","Yes","Yes","2021-05_PtCloates_BOSS_29"
"2021-05_PtCloates_BOSS","29","20210519_1108-1552_BOTTOM2_0006_0001.mp4","0.64537","Triakidae",NA,"spp",1,"-22.7758","113.494","2021-05-19T14:05:09+08:00","Point Cloates","Fished","152","Yes","Yes","2021-05_PtCloates_BOSS_29"
"2021-05_PtCloates_BOSS","31","20210519_1108-1552_BOTTOM2_0011_0001.mp4","1.67890","Carangidae","Carangoides","spp",1,"-22.7936","113.5041","2021-05-19T15:43:13+08:00","Point Cloates","Fished","116","Yes","Yes","2021-05_PtCloates_BOSS_31"
"2021-05_PtCloates_BOSS","31","20210519_1108-1552_BOTTOM2_0011_0001.mp4","2.63180","Lutjanidae","Pristipomoides","spp",1,"-22.7936","113.5041","2021-05-19T15:43:13+08:00","Point Cloates","Fished","116","Yes","Yes","2021-05_PtCloates_BOSS_31"
"2021-05_PtCloates_BOSS","31","20210519_1108-1552_BOTTOM2_0011_0001.mp4","1.79791","Pinguipedidae","Parapercis","nebulosa",1,"-22.7936","113.5041","2021-05-19T15:43:13+08:00","Point Cloates","Fished","116","Yes","Yes","2021-05_PtCloates_BOSS_31"
"2021-05_PtCloates_BOSS","31","20210519_1108-1552_BOTTOM2_0011_0001.mp4","1.28045","Priacanthidae","Priacanthus","spp",1,"-22.7936","113.5041","2021-05-19T15:43:13+08:00","Point Cloates","Fished","116","Yes","Yes","2021-05_PtCloates_BOSS_31"
"2021-05_PtCloates_BOSS","33","20210520_0809-1314_BOTTOM_0007_0001.mp4","1.00601","Sparidae","Dentex","spp",2,"-22.7163","113.4963","2021-05-20T09:54:39+08:00","Point Cloates","Fished","207","Yes","Yes","2021-05_PtCloates_BOSS_33"
"2021-05_PtCloates_BOSS","33","20210520_0809-1314_BOTTOM_0007_0001.mp4","0.17684","SUS","SUS","SUS",1,"-22.7163","113.4963","2021-05-20T09:54:39+08:00","Point Cloates","Fished","207","Yes","Yes","2021-05_PtCloates_BOSS_33"
"2021-05_PtCloates_BOSS","34","20210519_1108-1552_BOTTOM2_0003_0001.mp4","0.82749","SUS","SUS","SUS",1,"-22.7662","113.4889","2021-05-19T13:14:53+08:00","Point Cloates","Fished","179","Yes","Yes","2021-05_PtCloates_BOSS_34"
"2021-05_PtCloates_BOSS","34","20210519_1108-1552_BOTTOM2_0004_0001.mp4","3.02942","Unknown","Unknown","Unknown",1,"-22.7662","113.4889","2021-05-19T13:14:53+08:00","Point Cloates","Fished","179","Yes","Yes","2021-05_PtCloates_BOSS_34"
"2021-05_PtCloates_BOSS","4","20210520_0809-1314_BOTTOM_0011_0001.mp4","0.69542","SUS","SUS","SUS",1,"-22.7113","113.5415","2021-05-20T11:01:54+08:00","Point Cloates","No-take","100","Yes","Yes","2021-05_PtCloates_BOSS_4"
"2021-05_PtCloates_BOSS","40","20210519_1108-1552_BOTTOM2_0007_0001.mp4","0.16322","Pinguipedidae","Parapercis","nebulosa",2,"-22.7809","113.4964","2021-05-19T14:17:36+08:00","Point Cloates","Fished","138","Yes","Yes","2021-05_PtCloates_BOSS_40"
"2021-05_PtCloates_BOSS","45","20210519_1108-1552_BOTTOM2_0001_0001.mp4","2.51251","Carangidae","Pseudocaranx","spp",1,"-22.7512","113.4889","2021-05-19T12:28:38+08:00","Point Cloates","Fished","191","Yes","Yes","2021-05_PtCloates_BOSS_45"
"2021-05_PtCloates_BOSS","46","20210520_0809-1314_BOTTOM_0004_0001.mp4","0.67150","SUS","SUS","SUS",1,"-22.7463","113.5214","2021-05-20T08:47:47+08:00","Point Cloates","Fished","113","Yes","Yes","2021-05_PtCloates_BOSS_46"
"2021-05_PtCloates_BOSS","47","20210519_1108-1552_BOTTOM2_0004_0001.mp4","1.29073","Carcharhinidae","Carcharhinus","spp",1,"-22.7637","113.4839","2021-05-19T13:28:30+08:00","Point Cloates","Fished","190","Yes","Yes","2021-05_PtCloates_BOSS_47"
"2021-05_PtCloates_BOSS","47","20210519_1108-1552_BOTTOM2_0004_0001.mp4","2.38766","Pinguipedidae","Parapercis","nebulosa",1,"-22.7637","113.4839","2021-05-19T13:28:30+08:00","Point Cloates","Fished","190","Yes","Yes","2021-05_PtCloates_BOSS_47"
"2021-05_PtCloates_BOSS","47","20210519_1108-1552_BOTTOM2_0004_0001.mp4","0.90618","Unknown","Unknown","Unknown",1,"-22.7637","113.4839","2021-05-19T13:28:30+08:00","Point Cloates","Fished","190","Yes","Yes","2021-05_PtCloates_BOSS_47"
"2021-05_PtCloates_BOSS","48","20210519_1108-1552_BOTTOM2_0005_0001.mp4","0.25831","Unknown","Unknown","Unknown",1,"-22.7712","113.4688","2021-05-19T13:44:57+08:00","Point Cloates","Fished","208","Yes","Yes","2021-05_PtCloates_BOSS_48"
"2021-05_PtCloates_BOSS","49","20210519_1108-1552_BOTTOM2_0010_0001.mp4","0.21104","Pinguipedidae","Parapercis","nebulosa",3,"-22.7986","113.4864","2021-05-19T15:28:04+08:00","Point Cloates","Fished","148","Yes","Yes","2021-05_PtCloates_BOSS_49"
"2021-05_PtCloates_BOSS","50","20210520_0809-1314_BOTTOM_0015_0001.mp4","0.43293","Lethrinidae","Lethrinus","miniatus",1,"-22.7026","113.556","2021-05-20T12:11:48+08:00","Point Cloates","No-take","77.6","Yes","Yes","2021-05_PtCloates_BOSS_50"
"2021-05_PtCloates_BOSS","50","20210520_0809-1314_BOTTOM_0015_0001.mp4","0.61228","Pinguipedidae","Parapercis","nebulosa",1,"-22.7026","113.556","2021-05-20T12:11:48+08:00","Point Cloates","No-take","77.6","Yes","Yes","2021-05_PtCloates_BOSS_50"
"2021-05_PtCloates_BOSS","50","20210520_0809-1314_BOTTOM_0015_0001.mp4","0.00000","Priacanthidae","Priacanthus","spp",1,"-22.7026","113.556","2021-05-20T12:11:48+08:00","Point Cloates","No-take","77.6","Yes","Yes","2021-05_PtCloates_BOSS_50"
"2021-05_PtCloates_BOSS","9","20210520_0809-1314_BOTTOM_0016_0001.mp4","0.46352","Pinguipedidae","Parapercis","nebulosa",1,"-22.6937","113.5389","2021-05-20T12:21:40+08:00","Point Cloates","No-take","114","Yes","Yes","2021-05_PtCloates_BOSS_9"
"2022-05_PtCloates_Naked-BOSS","201","20220519_BOTTOM_2_0003_0001.mp4","2.77944","Balistidae","Xanthichthys","lineopunctatus",1,"-22.7488","113.5378","2022-05-19T11:50:14+0800","Point Cloates","No-take","94.9","Yes","Yes","2022-05_PtCloates_Naked-BOSS_201"
"2022-05_PtCloates_Naked-BOSS","201","20220519_BOTTOM_2_0003_0001.mp4","2.47914","Chaetodontidae","Chaetodon","assarius",1,"-22.7488","113.5378","2022-05-19T11:50:14+0800","Point Cloates","No-take","94.9","Yes","Yes","2022-05_PtCloates_Naked-BOSS_201"
"2022-05_PtCloates_Naked-BOSS","201","20220519_BOTTOM_2_0003_0001.mp4","1.88327","Chaetodontidae","Heniochus","diphreutes",2,"-22.7488","113.5378","2022-05-19T11:50:14+0800","Point Cloates","No-take","94.9","Yes","Yes","2022-05_PtCloates_Naked-BOSS_201"
"2022-05_PtCloates_Naked-BOSS","201","20220519_BOTTOM_2_0003_0001.mp4","0.71850","Cirrhitidae","Cyprinocirrhites","polyactis",1,"-22.7488","113.5378","2022-05-19T11:50:14+0800","Point Cloates","No-take","94.9","Yes","Yes","2022-05_PtCloates_Naked-BOSS_201"
"2022-05_PtCloates_Naked-BOSS","201","20220519_BOTTOM_2_0003_0001.mp4","0.72322","Labridae","Labroides","dimidiatus",1,"-22.7488","113.5378","2022-05-19T11:50:14+0800","Point Cloates","No-take","94.9","Yes","Yes","2022-05_PtCloates_Naked-BOSS_201"
"2022-05_PtCloates_Naked-BOSS","201","20220519_BOTTOM_2_0003_0001.mp4","1.91386","Serranidae","Epinephelus","areolatus",1,"-22.7488","113.5378","2022-05-19T11:50:14+0800","Point Cloates","No-take","94.9","Yes","Yes","2022-05_PtCloates_Naked-BOSS_201"
"2022-05_PtCloates_Naked-BOSS","201","20220519_BOTTOM_2_0003_0001.mp4","2.47748","Serranidae","Pseudanthias","spp",7,"-22.7488","113.5378","2022-05-19T11:50:14+0800","Point Cloates","No-take","94.9","Yes","Yes","2022-05_PtCloates_Naked-BOSS_201"
"2022-05_PtCloates_Naked-BOSS","201","20220519_BOTTOM_2_0003_0001.mp4","0.52219","SUS","SUS","SUS",1,"-22.7488","113.5378","2022-05-19T11:50:14+0800","Point Cloates","No-take","94.9","Yes","Yes","2022-05_PtCloates_Naked-BOSS_201"
"2022-05_PtCloates_Naked-BOSS","201","20220519_BOTTOM_2_0003_0001.mp4","0.13903","Unknown","Unknown","Unknown",1,"-22.7488","113.5378","2022-05-19T11:50:14+0800","Point Cloates","No-take","94.9","Yes","Yes","2022-05_PtCloates_Naked-BOSS_201"
"2022-05_PtCloates_Naked-BOSS","202","20220527_BOTTOM_1_0003_0001.mp4","0.96291","Carangidae","Carangoides","coeruleopinnatus",1,"-22.6851","113.5571","2022-05-27T09:03:52+0800","Point Cloates","No-take","91.4","Yes","Yes","2022-05_PtCloates_Naked-BOSS_202"
"2022-05_PtCloates_Naked-BOSS","203","20220519_BOTTOM_1_0008_0001.mp4","1.79930","Carangidae","Decapterus","spp",1,"-22.7548","113.55","2022-05-19T09:44:17+0800","Point Cloates","No-take","75.7","Yes","Yes","2022-05_PtCloates_Naked-BOSS_203"
"2022-05_PtCloates_Naked-BOSS","203","20220519_BOTTOM_1_0008_0001.mp4","1.64108","Cirrhitidae","Cyprinocirrhites","polyactis",2,"-22.7548","113.55","2022-05-19T09:44:17+0800","Point Cloates","No-take","75.7","Yes","Yes","2022-05_PtCloates_Naked-BOSS_203"
"2022-05_PtCloates_Naked-BOSS","203","20220519_BOTTOM_1_0008_0001.mp4","1.72812","Nemipteridae","Pentapodus","nagasakiensis",5,"-22.7548","113.55","2022-05-19T09:44:17+0800","Point Cloates","No-take","75.7","Yes","Yes","2022-05_PtCloates_Naked-BOSS_203"
"2022-05_PtCloates_Naked-BOSS","203","20220519_BOTTOM_1_0008_0001.mp4","0.77160","SUS","SUS","SUS",1,"-22.7548","113.55","2022-05-19T09:44:17+0800","Point Cloates","No-take","75.7","Yes","Yes","2022-05_PtCloates_Naked-BOSS_203"
"2022-05_PtCloates_Naked-BOSS","203","20220519_BOTTOM_1_0008_0001.mp4","0.86948","Unknown","Unknown","Unknown",1,"-22.7548","113.55","2022-05-19T09:44:17+0800","Point Cloates","No-take","75.7","Yes","Yes","2022-05_PtCloates_Naked-BOSS_203"
"2022-05_PtCloates_Naked-BOSS","204","20220526_BOTTOM_3_0003_0001.mp4","2.97102","Lethrinidae","Gymnocranius","sp1",1,"-22.6911","113.5576","2022-05-26T15:07:11+0800","Point Cloates","No-take","85.8","Yes","Yes","2022-05_PtCloates_Naked-BOSS_204"
"2022-05_PtCloates_Naked-BOSS","207","20220519_BOTTOM_1_0009_0001.mp4","0.93232","Lethrinidae","Gymnocranius","sp1",5,"-22.7523","113.5552","2022-05-19T10:00:48+0800","Point Cloates","No-take","71.4","Yes","Yes","2022-05_PtCloates_Naked-BOSS_207"
"2022-05_PtCloates_Naked-BOSS","208","20220525_BOTTOM_3_0005_0001.mp4","0.67846","Lethrinidae","Gymnocranius","sp1",1,"-22.7252","113.5464","2022-05-25T12:23:31+0800","Point Cloates","No-take","89.2","Yes","Yes","2022-05_PtCloates_Naked-BOSS_208"
"2022-05_PtCloates_Naked-BOSS","208","20220525_BOTTOM_3_0005_0001.mp4","0.10844","Lethrinidae","Lethrinus","miniatus",1,"-22.7252","113.5464","2022-05-25T12:23:31+0800","Point Cloates","No-take","89.2","Yes","Yes","2022-05_PtCloates_Naked-BOSS_208"
"2022-05_PtCloates_Naked-BOSS","208","20220525_BOTTOM_3_0005_0001.mp4","0.75742","Lethrinidae","Lethrinus","rubrioperculatus",1,"-22.7252","113.5464","2022-05-25T12:23:31+0800","Point Cloates","No-take","89.2","Yes","Yes","2022-05_PtCloates_Naked-BOSS_208"
"2022-05_PtCloates_Naked-BOSS","208","20220525_BOTTOM_3_0005_0001.mp4","0.54944","Lutjanidae","Lutjanus","sebae",2,"-22.7252","113.5464","2022-05-25T12:23:31+0800","Point Cloates","No-take","89.2","Yes","Yes","2022-05_PtCloates_Naked-BOSS_208"
"2022-05_PtCloates_Naked-BOSS","210","20220527_BOTTOM_1_0003_0001.mp4","0.18630","SUS","SUS","SUS",1,"-22.686","113.5589","2022-05-27T08:51:10+0800","Point Cloates","No-take","87.7","Yes","Yes","2022-05_PtCloates_Naked-BOSS_210"
"2022-05_PtCloates_Naked-BOSS","210","20220527_BOTTOM_1_0003_0001.mp4","0.52775","Unknown","Unknown","Unknown",1,"-22.686","113.5589","2022-05-27T08:51:10+0800","Point Cloates","No-take","87.7","Yes","Yes","2022-05_PtCloates_Naked-BOSS_210"
"2022-05_PtCloates_Naked-BOSS","211","20220519_BOTTOM_1_0006_0001.mp4","0.18018","Carangidae",NA,"spp",1,"-22.7554","113.54","2022-05-19T09:11:46+0800","Point Cloates","No-take","87.2","Yes","Yes","2022-05_PtCloates_Naked-BOSS_211"
"2022-05_PtCloates_Naked-BOSS","211","20220519_BOTTOM_1_0006_0001.mp4","0.96235","Carcharhinidae","Carcharhinus","albimarginatus",1,"-22.7554","113.54","2022-05-19T09:11:46+0800","Point Cloates","No-take","87.2","Yes","Yes","2022-05_PtCloates_Naked-BOSS_211"
"2022-05_PtCloates_Naked-BOSS","211","20220519_BOTTOM_1_0006_0001.mp4","1.76565","Serranidae","Epinephelus","areolatus",1,"-22.7554","113.54","2022-05-19T09:11:46+0800","Point Cloates","No-take","87.2","Yes","Yes","2022-05_PtCloates_Naked-BOSS_211"
"2022-05_PtCloates_Naked-BOSS","211","20220519_BOTTOM_1_0006_0001.mp4","1.05856","Serranidae","Pseudanthias","spp",4,"-22.7554","113.54","2022-05-19T09:11:46+0800","Point Cloates","No-take","87.2","Yes","Yes","2022-05_PtCloates_Naked-BOSS_211"
"2022-05_PtCloates_Naked-BOSS","211","20220519_BOTTOM_1_0006_0001.mp4","0.29613","Unknown","Unknown","Unknown",2,"-22.7554","113.54","2022-05-19T09:11:46+0800","Point Cloates","No-take","87.2","Yes","Yes","2022-05_PtCloates_Naked-BOSS_211"
"2022-05_PtCloates_Naked-BOSS","212","20220523_BOTTOM_3_0001_0001.mp4","1.28601","Labridae","Coris","caudimacula",1,"-22.728","113.556","2022-05-23T11:00:30+0800","Point Cloates","No-take","75","Yes","Yes","2022-05_PtCloates_Naked-BOSS_212"
"2022-05_PtCloates_Naked-BOSS","212","20220523_BOTTOM_3_0001_0001.mp4","0.06173","Nemipteridae","Pentapodus","nagasakiensis",1,"-22.728","113.556","2022-05-23T11:00:30+0800","Point Cloates","No-take","75","Yes","Yes","2022-05_PtCloates_Naked-BOSS_212"
"2022-05_PtCloates_Naked-BOSS","212","20220523_BOTTOM_3_0001_0001.mp4","0.47714","Pomacentridae","Amblypomacentrus","breviceps",1,"-22.728","113.556","2022-05-23T11:00:30+0800","Point Cloates","No-take","75","Yes","Yes","2022-05_PtCloates_Naked-BOSS_212"
"2022-05_PtCloates_Naked-BOSS","213","20220526_BOTTOM_3_0002_0001.mp4","1.99894","Unknown","Unknown","Unknown",2,"-22.6919","113.5534","2022-05-26T14:52:29+0800","Point Cloates","No-take","93.5","Yes","Yes","2022-05_PtCloates_Naked-BOSS_213"
"2022-05_PtCloates_Naked-BOSS","214","20220523_BOTTOM_2_0002_0001.mp4","1.10138","Pinguipedidae","Parapercis","nebulosa",1,"-22.733","113.5497","2022-05-23T09:52:30+0800","Point Cloates","No-take","81.5","Yes","Yes","2022-05_PtCloates_Naked-BOSS_214"
"2022-05_PtCloates_Naked-BOSS","216","20220521_BOTTOM_3_0004_0001.mp4","2.84284","Carangidae","Carangoides","fulvoguttatus",1,"-22.7451","113.5437","2022-05-21T14:12:02+0800","Point Cloates","No-take","86.5","Yes","Yes","2022-05_PtCloates_Naked-BOSS_216"
"2022-05_PtCloates_Naked-BOSS","216","20220521_BOTTOM_3_0004_0001.mp4","2.84284","Carangidae","Carangoides","spp",1,"-22.7451","113.5437","2022-05-21T14:12:02+0800","Point Cloates","No-take","86.5","Yes","Yes","2022-05_PtCloates_Naked-BOSS_216"
"2022-05_PtCloates_Naked-BOSS","216","20220521_BOTTOM_3_0004_0001.mp4","1.44895","Pinguipedidae","Parapercis","nebulosa",3,"-22.7451","113.5437","2022-05-21T14:12:02+0800","Point Cloates","No-take","86.5","Yes","Yes","2022-05_PtCloates_Naked-BOSS_216"
"2022-05_PtCloates_Naked-BOSS","216","20220521_BOTTOM_3_0004_0001.mp4","1.90941","SUS","SUS","SUS",1,"-22.7451","113.5437","2022-05-21T14:12:02+0800","Point Cloates","No-take","86.5","Yes","Yes","2022-05_PtCloates_Naked-BOSS_216"
"2022-05_PtCloates_Naked-BOSS","217","20220525_BOTTOM_4_0002_0001.mp4","2.45551","Gobiidae",NA,"spp",1,"-22.7179","113.5593","2022-05-25T13:28:40+0800","Point Cloates","No-take","73.2","Yes","Yes","2022-05_PtCloates_Naked-BOSS_217"
"2022-05_PtCloates_Naked-BOSS","218","20220525_BOTTOM_3_0004_0001.mp4","0.50606","Pinguipedidae","Parapercis","nebulosa",3,"-22.726","113.5411","2022-05-25T11:55:43+0800","Point Cloates","No-take","97.7","Yes","Yes","2022-05_PtCloates_Naked-BOSS_218"
"2022-05_PtCloates_Naked-BOSS","219","20220521_BOTTOM_4_0003_0001.mp4","1.15310","Labridae","Labroides","dimidiatus",1,"-22.7317","113.543","2022-05-21T16:11:52+0800","Point Cloates","No-take","90.7","Yes","Yes","2022-05_PtCloates_Naked-BOSS_219"
"2022-05_PtCloates_Naked-BOSS","219","20220521_BOTTOM_4_0003_0001.mp4","1.15310","Serranidae","Pseudanthias","georgei",6,"-22.7317","113.543","2022-05-21T16:11:52+0800","Point Cloates","No-take","90.7","Yes","Yes","2022-05_PtCloates_Naked-BOSS_219"
"2022-05_PtCloates_Naked-BOSS","219","20220521_BOTTOM_4_0003_0001.mp4","0.93232","SUS","SUS","SUS",2,"-22.7317","113.543","2022-05-21T16:11:52+0800","Point Cloates","No-take","90.7","Yes","Yes","2022-05_PtCloates_Naked-BOSS_219"
"2022-05_PtCloates_Naked-BOSS","220","20220525_BOTTOM_4_0007_0001.mp4","0.01223","Nemipteridae","Pentapodus","nagasakiensis",1,"-22.7067","113.5554","2022-05-25T15:00:42+0800","Point Cloates","No-take","80.8","Yes","Yes","2022-05_PtCloates_Naked-BOSS_220"
"2022-05_PtCloates_Naked-BOSS","220","20220525_BOTTOM_4_0007_0001.mp4","0.36147","Unknown","Unknown","Unknown",1,"-22.7067","113.5554","2022-05-25T15:00:42+0800","Point Cloates","No-take","80.8","Yes","Yes","2022-05_PtCloates_Naked-BOSS_220"
"2022-05_PtCloates_Naked-BOSS","221","20220519_BOTTOM_1_0009_0001.mp4","0.01279","Carangidae","Carangoides","spp",1,"-22.7519","113.5483","2022-05-19T10:12:53+0800","Point Cloates","No-take","78.4","Yes","Yes","2022-05_PtCloates_Naked-BOSS_221"
"2022-05_PtCloates_Naked-BOSS","221","20220519_BOTTOM_1_0009_0001.mp4","0.28417","Lethrinidae","Gymnocranius","sp1",4,"-22.7519","113.5483","2022-05-19T10:12:53+0800","Point Cloates","No-take","78.4","Yes","Yes","2022-05_PtCloates_Naked-BOSS_221"
"2022-05_PtCloates_Naked-BOSS","221","20220519_BOTTOM_1_0009_0001.mp4","0.40096","Lutjanidae","Lutjanus","sebae",1,"-22.7519","113.5483","2022-05-19T10:12:53+0800","Point Cloates","No-take","78.4","Yes","Yes","2022-05_PtCloates_Naked-BOSS_221"
"2022-05_PtCloates_Naked-BOSS","221","20220519_BOTTOM_1_0009_0001.mp4","0.00028","Lutjanidae","Pristipomoides","sp1",3,"-22.7519","113.5483","2022-05-19T10:12:53+0800","Point Cloates","No-take","78.4","Yes","Yes","2022-05_PtCloates_Naked-BOSS_221"
"2022-05_PtCloates_Naked-BOSS","223","20220525_BOTTOM_4_0003_0001.mp4","2.21916","Carangidae","Carangoides","spp",1,"-22.7188","113.5517","2022-05-25T13:41:07+0800","Point Cloates","No-take","80.5","Yes","Yes","2022-05_PtCloates_Naked-BOSS_223"
"2022-05_PtCloates_Naked-BOSS","224","20220519_BOTTOM_1_0005_0001.mp4","0.40819","Carangidae","Carangoides","gymnostethus",46,"-22.7598","113.5487","2022-05-19T08:44:41+0800","Point Cloates","No-take","76.1","Yes","Yes","2022-05_PtCloates_Naked-BOSS_224"
"2022-05_PtCloates_Naked-BOSS","224","20220519_BOTTOM_1_0005_0001.mp4","2.50528","Unknown","Unknown","Unknown",1,"-22.7598","113.5487","2022-05-19T08:44:41+0800","Point Cloates","No-take","76.1","Yes","Yes","2022-05_PtCloates_Naked-BOSS_224"
"2022-05_PtCloates_Naked-BOSS","225","20220525_BOTTOM_4_0005_0001.mp4","2.18718","Balistidae",NA,"spp",1,"-22.7084","113.5624","2022-05-25T14:33:25+0800","Point Cloates","No-take","72.1","Yes","Yes","2022-05_PtCloates_Naked-BOSS_225"
"2022-05_PtCloates_Naked-BOSS","225","20220525_BOTTOM_4_0005_0001.mp4","2.42186","SUS","SUS","SUS",2,"-22.7084","113.5624","2022-05-25T14:33:25+0800","Point Cloates","No-take","72.1","Yes","Yes","2022-05_PtCloates_Naked-BOSS_225"
"2022-05_PtCloates_Naked-BOSS","226","20220519_BOTTOM_1_0007_0001.mp4","1.37415","Lethrinidae","Gymnocranius","sp1",1,"-22.7536","113.5408","2022-05-19T09:30:58+0800","Point Cloates","No-take","86.6","Yes","Yes","2022-05_PtCloates_Naked-BOSS_226"
"2022-05_PtCloates_Naked-BOSS","226","20220519_BOTTOM_1_0007_0001.mp4","2.86870","SUS","SUS","SUS",2,"-22.7536","113.5408","2022-05-19T09:30:58+0800","Point Cloates","No-take","86.6","Yes","Yes","2022-05_PtCloates_Naked-BOSS_226"
"2022-05_PtCloates_Naked-BOSS","228","20220525_BOTTOM_4_0001_0001.mp4","0.18546","Carangidae","Decapterus","spp",1,"-22.7233","113.5472","2022-05-25T13:01:14+0800","Point Cloates","No-take","88","Yes","Yes","2022-05_PtCloates_Naked-BOSS_228"
"2022-05_PtCloates_Naked-BOSS","228","20220525_BOTTOM_4_0001_0001.mp4","2.47330","Unknown","Unknown","Unknown",1,"-22.7233","113.5472","2022-05-25T13:01:14+0800","Point Cloates","No-take","88","Yes","Yes","2022-05_PtCloates_Naked-BOSS_228"
"2022-05_PtCloates_Naked-BOSS","229","20220526_BOTTOM_2_0006_0001.mp4","1.98782","Pinguipedidae","Parapercis","nebulosa",1,"-22.6961","113.5632","2022-05-26T13:54:13+0800","Point Cloates","No-take","76.2","Yes","Yes","2022-05_PtCloates_Naked-BOSS_229"
"2022-05_PtCloates_Naked-BOSS","230","20220523_BOTTOM_1_0002_0001.mp4","2.98798","Pinguipedidae","Parapercis","nebulosa",1,"-22.7341","113.5543","2022-05-23T08:31:26+0800","Point Cloates","No-take","76.9","Yes","No","2022-05_PtCloates_Naked-BOSS_230"
"2022-05_PtCloates_Naked-BOSS","232","20220519_BOTTOM_1_0006_0001.mp4","0.07980","Chaetodontidae","Chaetodon","assarius",1,"-22.7576","113.5368","2022-05-19T08:59:18+0800","Point Cloates","No-take","90.9","Yes","Yes","2022-05_PtCloates_Naked-BOSS_232"
"2022-05_PtCloates_Naked-BOSS","232","20220519_BOTTOM_1_0006_0001.mp4","0.66427","Cirrhitidae","Cyprinocirrhites","polyactis",3,"-22.7576","113.5368","2022-05-19T08:59:18+0800","Point Cloates","No-take","90.9","Yes","Yes","2022-05_PtCloates_Naked-BOSS_232"
"2022-05_PtCloates_Naked-BOSS","232","20220519_BOTTOM_1_0006_0001.mp4","2.33344","Labridae","Coris","caudimacula",1,"-22.7576","113.5368","2022-05-19T08:59:18+0800","Point Cloates","No-take","90.9","Yes","Yes","2022-05_PtCloates_Naked-BOSS_232"
"2022-05_PtCloates_Naked-BOSS","232","20220519_BOTTOM_1_0006_0001.mp4","2.63624","Pinguipedidae","Parapercis","nebulosa",1,"-22.7576","113.5368","2022-05-19T08:59:18+0800","Point Cloates","No-take","90.9","Yes","Yes","2022-05_PtCloates_Naked-BOSS_232"
"2022-05_PtCloates_Naked-BOSS","232","20220519_BOTTOM_1_0006_0001.mp4","0.10344","Priacanthidae","Priacanthus","hamrur",1,"-22.7576","113.5368","2022-05-19T08:59:18+0800","Point Cloates","No-take","90.9","Yes","Yes","2022-05_PtCloates_Naked-BOSS_232"
"2022-05_PtCloates_Naked-BOSS","232","20220519_BOTTOM_1_0006_0001.mp4","1.09415","Serranidae","Pseudanthias","spp",3,"-22.7576","113.5368","2022-05-19T08:59:18+0800","Point Cloates","No-take","90.9","Yes","Yes","2022-05_PtCloates_Naked-BOSS_232"
"2022-05_PtCloates_Naked-BOSS","233","20220523_BOTTOM_2_0004_0001.mp4","0.29057","Unknown","Unknown","Unknown",1,"-22.7305","113.5526","2022-05-23T10:25:29+0800","Point Cloates","No-take","76.2","Yes","Yes","2022-05_PtCloates_Naked-BOSS_233"
"2022-05_PtCloates_Naked-BOSS","234","20220526_BOTTOM_3_0002_0001.mp4","2.35485","Unknown","Unknown","Unknown",1,"-22.6938","113.5563","2022-05-26T14:39:27+0800","Point Cloates","No-take","85.6","Yes","Yes","2022-05_PtCloates_Naked-BOSS_234"
"2022-05_PtCloates_Naked-BOSS","237","20220519_BOTTOM_2_0003_0001.mp4","0.16906","SUS","SUS","SUS",1,"-22.7502","113.5462","2022-05-19T12:02:40+0800","Point Cloates","No-take","81.8","Yes","Yes","2022-05_PtCloates_Naked-BOSS_237"
"2022-05_PtCloates_Naked-BOSS","239","20220526_BOTTOM_3_0006_0001.mp4","2.87704","Unknown","Unknown","Unknown",1,"-22.6885","113.5564","2022-05-26T16:04:43+0800","Point Cloates","No-take","90.5","Yes","Yes","2022-05_PtCloates_Naked-BOSS_239"
"2022-05_PtCloates_Naked-BOSS","240","20220519_BOTTOM_2_0004_0001.mp4","1.50678","Balistidae","Sufflamen","fraenatum",1,"-22.749","113.5509","2022-05-19T12:18:16+0800","Point Cloates","No-take","75","Yes","Yes","2022-05_PtCloates_Naked-BOSS_240"
"2022-05_PtCloates_Naked-BOSS","241","20220521_BOTTOM_4_0001_0001.mp4","0.00000","Lutjanidae","Lutjanus","sebae",1,"-22.7403","113.5387","2022-05-21T15:31:01+0800","Point Cloates","No-take","94.4","Yes","Yes","2022-05_PtCloates_Naked-BOSS_241"
"2022-05_PtCloates_Naked-BOSS","241","20220521_BOTTOM_4_0001_0001.mp4","2.45662","Lutjanidae","Pristipomoides","sp1",2,"-22.7403","113.5387","2022-05-21T15:31:01+0800","Point Cloates","No-take","94.4","Yes","Yes","2022-05_PtCloates_Naked-BOSS_241"
"2022-05_PtCloates_Naked-BOSS","242","20220525_BOTTOM_5_0002_0001.mp4","1.93221","Chaetodontidae","Heniochus","acuminatus",2,"-22.7009","113.5519","2022-05-25T15:53:38+0800","Point Cloates","No-take","88.5","Yes","Yes","2022-05_PtCloates_Naked-BOSS_242"
"2022-05_PtCloates_Naked-BOSS","242","20220525_BOTTOM_5_0001_0001.mp4","0.31114","Labridae","Suezichthys","cyanolaemus",1,"-22.7009","113.5519","2022-05-25T15:53:38+0800","Point Cloates","No-take","88.5","Yes","Yes","2022-05_PtCloates_Naked-BOSS_242"
"2022-05_PtCloates_Naked-BOSS","243","20220525_BOTTOM_4_0001_0001.mp4","0.84473","Nemipteridae","Pentapodus","nagasakiensis",1,"-22.7206","113.5573","2022-05-25T13:14:20+0800","Point Cloates","No-take","74.4","Yes","Yes","2022-05_PtCloates_Naked-BOSS_243"
"2022-05_PtCloates_Naked-BOSS","244","20220521_BOTTOM_4_0002_0001.mp4","2.88483","Pinguipedidae","Parapercis","nebulosa",2,"-22.7347","113.5406","2022-05-21T15:59:32+0800","Point Cloates","No-take","93","Yes","Yes","2022-05_PtCloates_Naked-BOSS_244"
"2022-05_PtCloates_Naked-BOSS","246","20220526_BOTTOM_3_0005_0001.mp4","2.56812","Unknown","Unknown","Unknown",1,"-22.6891","113.5588","2022-05-26T15:52:13+0800","Point Cloates","No-take","84.3","Yes","Yes","2022-05_PtCloates_Naked-BOSS_246"
"2022-05_PtCloates_Naked-BOSS","248","20220519_BOTTOM_1_0004_0001.mp4","2.94767","Lutjanidae","Lutjanus","sebae",1,"-22.7609","113.5473","2022-05-19T08:27:25+0800","Point Cloates","No-take","76.6","Yes","Yes","2022-05_PtCloates_Naked-BOSS_248"
"2022-05_PtCloates_Naked-BOSS","248","20220519_BOTTOM_1_0004_0001.mp4","0.56640","Ostraciidae",NA,"spp",1,"-22.7609","113.5473","2022-05-19T08:27:25+0800","Point Cloates","No-take","76.6","Yes","Yes","2022-05_PtCloates_Naked-BOSS_248"
"2022-05_PtCloates_Naked-BOSS","248","20220519_BOTTOM_1_0004_0001.mp4","0.09065","Pinguipedidae","Parapercis","nebulosa",1,"-22.7609","113.5473","2022-05-19T08:27:25+0800","Point Cloates","No-take","76.6","Yes","Yes","2022-05_PtCloates_Naked-BOSS_248"
"2022-05_PtCloates_Naked-BOSS","249","20220525_BOTTOM_3_0005_0001.mp4","0.11345","Carangidae","Decapterus","spp",1,"-22.7248","113.5444","2022-05-25T12:07:55+0800","Point Cloates","No-take","92.3","Yes","Yes","2022-05_PtCloates_Naked-BOSS_249"
"2022-05_PtCloates_Naked-BOSS","249","20220525_BOTTOM_3_0005_0001.mp4","1.87270","SUS","SUS","SUS",1,"-22.7248","113.5444","2022-05-25T12:07:55+0800","Point Cloates","No-take","92.3","Yes","Yes","2022-05_PtCloates_Naked-BOSS_249"
"2022-05_PtCloates_Naked-BOSS","250","20220526_BOTTOM_2_0007_0001.mp4","0.73017","Pinguipedidae","Parapercis","nebulosa",1,"-22.6972","113.5605","2022-05-26T14:06:02+0800","Point Cloates","No-take","78.1","Yes","Yes","2022-05_PtCloates_Naked-BOSS_250"
"2022-05_PtCloates_Naked-BOSS","251","20220523_BOTTOM_2_0004_0001.mp4","1.35608","Pinguipedidae","Parapercis","nebulosa",1,"-22.7277","113.554","2022-05-23T10:37:45+0800","Point Cloates","No-take","76.4","Yes","Yes","2022-05_PtCloates_Naked-BOSS_251"
"2022-05_PtCloates_Naked-BOSS","251","20220523_BOTTOM_2_0004_0001.mp4","2.63680","SUS","SUS","SUS",1,"-22.7277","113.554","2022-05-23T10:37:45+0800","Point Cloates","No-take","76.4","Yes","Yes","2022-05_PtCloates_Naked-BOSS_251"
"2022-05_PtCloates_Naked-BOSS","253","20220519_BOTTOM_2_0002_0001.mp4","1.33244","Carangidae","Seriola","spp",1,"-22.7509","113.538","2022-05-19T11:26:11+0800","Point Cloates","No-take","91.2","Yes","Yes","2022-05_PtCloates_Naked-BOSS_253"
"2022-05_PtCloates_Naked-BOSS","253","20220519_BOTTOM_2_0002_0001.mp4","1.72756","Lethrinidae","Lethrinus","miniatus",1,"-22.7509","113.538","2022-05-19T11:26:11+0800","Point Cloates","No-take","91.2","Yes","Yes","2022-05_PtCloates_Naked-BOSS_253"
"2022-05_PtCloates_Naked-BOSS","253","20220519_BOTTOM_2_0002_0001.mp4","2.73495","Pinguipedidae","Parapercis","nebulosa",3,"-22.7509","113.538","2022-05-19T11:26:11+0800","Point Cloates","No-take","91.2","Yes","Yes","2022-05_PtCloates_Naked-BOSS_253"
"2022-05_PtCloates_Naked-BOSS","254","20220525_BOTTOM_5_0001_0001.mp4","0.87059","Pinguipedidae","Parapercis","nebulosa",1,"-22.6993","113.5499","2022-05-25T15:40:10+0800","Point Cloates","No-take","96","Yes","Yes","2022-05_PtCloates_Naked-BOSS_254"
"2022-05_PtCloates_Naked-BOSS","254","20220525_BOTTOM_5_0001_0001.mp4","2.90485","SUS","SUS","SUS",2,"-22.6993","113.5499","2022-05-25T15:40:10+0800","Point Cloates","No-take","96","Yes","Yes","2022-05_PtCloates_Naked-BOSS_254"
"2022-05_PtCloates_Naked-BOSS","255","20220521_BOTTOM_3_0003_0001.mp4","2.29034","Pinguipedidae","Parapercis","nebulosa",2,"-22.7444","113.5428","2022-05-21T13:59:38+0800","Point Cloates","No-take","87.3","Yes","Yes","2022-05_PtCloates_Naked-BOSS_255"
"2022-05_PtCloates_Naked-BOSS","255","20220521_BOTTOM_3_0003_0001.mp4","1.58297","Unknown","Unknown","Unknown",1,"-22.7444","113.5428","2022-05-21T13:59:38+0800","Point Cloates","No-take","87.3","Yes","Yes","2022-05_PtCloates_Naked-BOSS_255"
"2022-05_PtCloates_Naked-BOSS","256","20220523_BOTTOM_2_0003_0001.mp4","1.84963","Monacanthidae",NA,"spp",1,"-22.7326","113.5465","2022-05-23T10:09:25+0800","Point Cloates","No-take","86.1","Yes","Yes","2022-05_PtCloates_Naked-BOSS_256"
"2022-05_PtCloates_Naked-BOSS","256","20220523_BOTTOM_2_0003_0001.mp4","2.49249","Pinguipedidae","Parapercis","nebulosa",1,"-22.7326","113.5465","2022-05-23T10:09:25+0800","Point Cloates","No-take","86.1","Yes","Yes","2022-05_PtCloates_Naked-BOSS_256"
"2022-05_PtCloates_Naked-BOSS","256","20220523_BOTTOM_2_0003_0001.mp4","1.39862","Pomacanthidae","Pomacanthus","semicirculatus",1,"-22.7326","113.5465","2022-05-23T10:09:25+0800","Point Cloates","No-take","86.1","Yes","Yes","2022-05_PtCloates_Naked-BOSS_256"
"2022-05_PtCloates_Naked-BOSS","257","20220525_BOTTOM_5_0003_0001.mp4","2.66572","Carangidae","Carangoides","spp",1,"-22.7001","113.5592","2022-05-25T16:18:12+0800","Point Cloates","No-take","79.4","Yes","Yes","2022-05_PtCloates_Naked-BOSS_257"
"2022-05_PtCloates_Naked-BOSS","257","20220525_BOTTOM_5_0003_0001.mp4","0.61144","Lutjanidae","Lutjanus","sebae",1,"-22.7001","113.5592","2022-05-25T16:18:12+0800","Point Cloates","No-take","79.4","Yes","Yes","2022-05_PtCloates_Naked-BOSS_257"
"2022-05_PtCloates_Naked-BOSS","257","20220525_BOTTOM_5_0003_0001.mp4","1.01768","SUS","SUS","SUS",1,"-22.7001","113.5592","2022-05-25T16:18:12+0800","Point Cloates","No-take","79.4","Yes","Yes","2022-05_PtCloates_Naked-BOSS_257"
"2022-05_PtCloates_Naked-BOSS","257","20220525_BOTTOM_5_0003_0001.mp4","1.50484","Unknown","Unknown","Unknown",2,"-22.7001","113.5592","2022-05-25T16:18:12+0800","Point Cloates","No-take","79.4","Yes","Yes","2022-05_PtCloates_Naked-BOSS_257"
"2022-05_PtCloates_Naked-BOSS","258","20220526_BOTTOM_3_0001_0001.mp4","0.53776","Chaetodontidae","Heniochus","spp",2,"-22.6958","113.5593","2022-05-26T14:20:39+0800","Point Cloates","No-take","79.6","Yes","Yes","2022-05_PtCloates_Naked-BOSS_258"
"2022-05_PtCloates_Naked-BOSS","258","20220526_BOTTOM_3_0001_0001.mp4","1.68418","Lethrinidae","Lethrinus","miniatus",1,"-22.6958","113.5593","2022-05-26T14:20:39+0800","Point Cloates","No-take","79.6","Yes","Yes","2022-05_PtCloates_Naked-BOSS_258"
"2022-05_PtCloates_Naked-BOSS","258","20220526_BOTTOM_3_0001_0001.mp4","2.54727","Unknown","Unknown","Unknown",1,"-22.6958","113.5593","2022-05-26T14:20:39+0800","Point Cloates","No-take","79.6","Yes","Yes","2022-05_PtCloates_Naked-BOSS_258"
"2022-05_PtCloates_Naked-BOSS","259","20220521_BOTTOM_4_0004_0001.mp4","2.20832","Lethrinidae","Gymnocranius","sp1",2,"-22.7312","113.5443","2022-05-21T16:24:58+0800","Point Cloates","No-take","88.9","Yes","Yes","2022-05_PtCloates_Naked-BOSS_259"
"2022-05_PtCloates_Naked-BOSS","259","20220521_BOTTOM_4_0004_0001.mp4","0.15098","Pinguipedidae","Parapercis","nebulosa",1,"-22.7312","113.5443","2022-05-21T16:24:58+0800","Point Cloates","No-take","88.9","Yes","Yes","2022-05_PtCloates_Naked-BOSS_259"
"2022-05_PtCloates_Naked-BOSS","259","20220521_BOTTOM_4_0004_0001.mp4","1.39389","Serranidae","Epinephelus","spp",1,"-22.7312","113.5443","2022-05-21T16:24:58+0800","Point Cloates","No-take","88.9","Yes","Yes","2022-05_PtCloates_Naked-BOSS_259"
"2022-05_PtCloates_Naked-BOSS","259","20220521_BOTTOM_4_0004_0001.mp4","0.35396","Unknown","Unknown","Unknown",1,"-22.7312","113.5443","2022-05-21T16:24:58+0800","Point Cloates","No-take","88.9","Yes","Yes","2022-05_PtCloates_Naked-BOSS_259"
"2022-05_PtCloates_Naked-BOSS","260","20220525_BOTTOM_4_0003_0001.mp4","0.02363","Carcharhinidae","Carcharhinus","albimarginatus",2,"-22.7177","113.5525","2022-05-25T13:53:04+0800","Point Cloates","No-take","83.6","Yes","Yes","2022-05_PtCloates_Naked-BOSS_260"
"2022-05_PtCloates_Naked-BOSS","260","20220525_BOTTOM_4_0003_0001.mp4","2.96936","Nemipteridae","Pentapodus","nagasakiensis",1,"-22.7177","113.5525","2022-05-25T13:53:04+0800","Point Cloates","No-take","83.6","Yes","Yes","2022-05_PtCloates_Naked-BOSS_260"
"2022-05_PtCloates_Naked-BOSS","260","20220525_BOTTOM_4_0003_0001.mp4","0.37760","SUS","SUS","SUS",1,"-22.7177","113.5525","2022-05-25T13:53:04+0800","Point Cloates","No-take","83.6","Yes","Yes","2022-05_PtCloates_Naked-BOSS_260"
"2022-05_PtCloates_Naked-BOSS","261","20220526_BOTTOM_3_0004_0001.mp4","1.18201","Lutjanidae","Lutjanus","sebae",1,"-22.6899","113.5608","2022-05-26T15:21:00+0800","Point Cloates","No-take","78.8","Yes","Yes","2022-05_PtCloates_Naked-BOSS_261"
"2022-05_PtCloates_Naked-BOSS","261","20220526_BOTTOM_3_0004_0001.mp4","2.56339","Nemipteridae","Pentapodus","nagasakiensis",2,"-22.6899","113.5608","2022-05-26T15:21:00+0800","Point Cloates","No-take","78.8","Yes","Yes","2022-05_PtCloates_Naked-BOSS_261"
"2022-05_PtCloates_Naked-BOSS","262","20220519_BOTTOM_1_0011_0001.mp4","0.90285","Balistidae","Xanthichthys","lineopunctatus",1,"-22.7635","113.5347","2022-05-19T10:45:55+0800","Point Cloates","No-take","91","Yes","Yes","2022-05_PtCloates_Naked-BOSS_262"
"2022-05_PtCloates_Naked-BOSS","262","20220519_BOTTOM_1_0011_0001.mp4","1.08330","Chaetodontidae","Heniochus","acuminatus",1,"-22.7635","113.5347","2022-05-19T10:45:55+0800","Point Cloates","No-take","91","Yes","Yes","2022-05_PtCloates_Naked-BOSS_262"
"2022-05_PtCloates_Naked-BOSS","262","20220519_BOTTOM_1_0011_0001.mp4","1.58019","Chaetodontidae","Heniochus","diphreutes",1,"-22.7635","113.5347","2022-05-19T10:45:55+0800","Point Cloates","No-take","91","Yes","Yes","2022-05_PtCloates_Naked-BOSS_262"
"2022-05_PtCloates_Naked-BOSS","262","20220519_BOTTOM_1_0011_0001.mp4","0.97458","Lethrinidae","Gymnocranius","sp1",1,"-22.7635","113.5347","2022-05-19T10:45:55+0800","Point Cloates","No-take","91","Yes","Yes","2022-05_PtCloates_Naked-BOSS_262"
"2022-05_PtCloates_Naked-BOSS","262","20220519_BOTTOM_1_0011_0001.mp4","0.58197","Lethrinidae","Lethrinus","miniatus",1,"-22.7635","113.5347","2022-05-19T10:45:55+0800","Point Cloates","No-take","91","Yes","Yes","2022-05_PtCloates_Naked-BOSS_262"
"2022-05_PtCloates_Naked-BOSS","262","20220519_BOTTOM_1_0011_0001.mp4","0.96457","Lethrinidae",NA,"spp",1,"-22.7635","113.5347","2022-05-19T10:45:55+0800","Point Cloates","No-take","91","Yes","Yes","2022-05_PtCloates_Naked-BOSS_262"
"2022-05_PtCloates_Naked-BOSS","262","20220519_BOTTOM_1_0011_0001.mp4","0.02252","Lutjanidae","Aphareus","rutilans",1,"-22.7635","113.5347","2022-05-19T10:45:55+0800","Point Cloates","No-take","91","Yes","Yes","2022-05_PtCloates_Naked-BOSS_262"
"2022-05_PtCloates_Naked-BOSS","262","20220519_BOTTOM_1_0011_0001.mp4","0.02252","Pinguipedidae","Parapercis","nebulosa",1,"-22.7635","113.5347","2022-05-19T10:45:55+0800","Point Cloates","No-take","91","Yes","Yes","2022-05_PtCloates_Naked-BOSS_262"
"2022-05_PtCloates_Naked-BOSS","262","20220519_BOTTOM_1_0011_0001.mp4","2.96157","SUS","SUS","SUS",1,"-22.7635","113.5347","2022-05-19T10:45:55+0800","Point Cloates","No-take","91","Yes","Yes","2022-05_PtCloates_Naked-BOSS_262"
"2022-05_PtCloates_Naked-BOSS","264","20220519_BOTTOM_1_0010_0001.mp4","0.37259","Chaetodontidae","Chaetodon","assarius",1,"-22.7655","113.5389","2022-05-19T10:34:40+0800","Point Cloates","No-take","81.6","Yes","Yes","2022-05_PtCloates_Naked-BOSS_264"
"2022-05_PtCloates_Naked-BOSS","264","20220519_BOTTOM_1_0010_0001.mp4","0.52219","Chaetodontidae","Heniochus","acuminatus",1,"-22.7655","113.5389","2022-05-19T10:34:40+0800","Point Cloates","No-take","81.6","Yes","Yes","2022-05_PtCloates_Naked-BOSS_264"
"2022-05_PtCloates_Naked-BOSS","264","20220519_BOTTOM_1_0010_0001.mp4","0.03809","Labridae","Bodianus","bilunulatus",1,"-22.7655","113.5389","2022-05-19T10:34:40+0800","Point Cloates","No-take","81.6","Yes","Yes","2022-05_PtCloates_Naked-BOSS_264"
"2022-05_PtCloates_Naked-BOSS","264","20220519_BOTTOM_1_0010_0001.mp4","0.01529","Labridae","Bodianus","solatus",2,"-22.7655","113.5389","2022-05-19T10:34:40+0800","Point Cloates","No-take","81.6","Yes","Yes","2022-05_PtCloates_Naked-BOSS_264"
"2022-05_PtCloates_Naked-BOSS","264","20220519_BOTTOM_1_0010_0001.mp4","0.25470","Labridae","Labroides","dimidiatus",1,"-22.7655","113.5389","2022-05-19T10:34:40+0800","Point Cloates","No-take","81.6","Yes","Yes","2022-05_PtCloates_Naked-BOSS_264"
"2022-05_PtCloates_Naked-BOSS","264","20220519_BOTTOM_1_0011_0001.mp4","1.97892","Lutjanidae","Aphareus","rutilans",1,"-22.7655","113.5389","2022-05-19T10:34:40+0800","Point Cloates","No-take","81.6","Yes","Yes","2022-05_PtCloates_Naked-BOSS_264"
"2022-05_PtCloates_Naked-BOSS","264","20220519_BOTTOM_1_0011_0001.mp4","2.23251","Lutjanidae","Lutjanus","lemniscatus",1,"-22.7655","113.5389","2022-05-19T10:34:40+0800","Point Cloates","No-take","81.6","Yes","Yes","2022-05_PtCloates_Naked-BOSS_264"
"2022-05_PtCloates_Naked-BOSS","264","20220519_BOTTOM_1_0011_0001.mp4","1.17423","Lutjanidae","Lutjanus","sebae",1,"-22.7655","113.5389","2022-05-19T10:34:40+0800","Point Cloates","No-take","81.6","Yes","Yes","2022-05_PtCloates_Naked-BOSS_264"
"2022-05_PtCloates_Naked-BOSS","264","20220519_BOTTOM_1_0011_0001.mp4","1.01101","Mullidae","Parupeneus","cyclostomus",4,"-22.7655","113.5389","2022-05-19T10:34:40+0800","Point Cloates","No-take","81.6","Yes","Yes","2022-05_PtCloates_Naked-BOSS_264"
"2022-05_PtCloates_Naked-BOSS","264","20220519_BOTTOM_1_0010_0001.mp4","0.00640","Mullidae","Parupeneus","spilurus",2,"-22.7655","113.5389","2022-05-19T10:34:40+0800","Point Cloates","No-take","81.6","Yes","Yes","2022-05_PtCloates_Naked-BOSS_264"
"2022-05_PtCloates_Naked-BOSS","264","20220519_BOTTOM_1_0011_0001.mp4","2.40073","Pomacanthidae","Pomacanthus","semicirculatus",1,"-22.7655","113.5389","2022-05-19T10:34:40+0800","Point Cloates","No-take","81.6","Yes","Yes","2022-05_PtCloates_Naked-BOSS_264"
"2022-05_PtCloates_Naked-BOSS","264","20220519_BOTTOM_1_0010_0001.mp4","0.25470","Serranidae","Cephalopholis","sonnerati",1,"-22.7655","113.5389","2022-05-19T10:34:40+0800","Point Cloates","No-take","81.6","Yes","Yes","2022-05_PtCloates_Naked-BOSS_264"
"2022-05_PtCloates_Naked-BOSS","264","20220519_BOTTOM_1_0010_0001.mp4","0.07202","Serranidae","Plectropomus","spp",2,"-22.7655","113.5389","2022-05-19T10:34:40+0800","Point Cloates","No-take","81.6","Yes","Yes","2022-05_PtCloates_Naked-BOSS_264"
"2022-05_PtCloates_Naked-BOSS","264","20220519_BOTTOM_1_0010_0001.mp4","0.41041","SUS","SUS","SUS",1000,"-22.7655","113.5389","2022-05-19T10:34:40+0800","Point Cloates","No-take","81.6","Yes","Yes","2022-05_PtCloates_Naked-BOSS_264"
"2022-05_PtCloates_Naked-BOSS","264","20220519_BOTTOM_1_0011_0001.mp4","2.08291","Unknown","Unknown","Unknown",1,"-22.7655","113.5389","2022-05-19T10:34:40+0800","Point Cloates","No-take","81.6","Yes","Yes","2022-05_PtCloates_Naked-BOSS_264"
"2022-05_PtCloates_Naked-BOSS","265","20220519_BOTTOM_1_0012_0001.mp4","1.86686","Carangidae","Carangoides","chrysophrys",1,"-22.7561","113.529","2022-05-19T10:58:59+0800","Point Cloates","No-take","99.2","Yes","Yes","2022-05_PtCloates_Naked-BOSS_265"
"2022-05_PtCloates_Naked-BOSS","265","20220519_BOTTOM_1_0012_0001.mp4","2.00867","Lethrinidae","Gymnocranius","sp1",6,"-22.7561","113.529","2022-05-19T10:58:59+0800","Point Cloates","No-take","99.2","Yes","Yes","2022-05_PtCloates_Naked-BOSS_265"
"2022-05_PtCloates_Naked-BOSS","265","20220519_BOTTOM_1_0012_0001.mp4","0.12707","Lethrinidae","Lethrinus","miniatus",1,"-22.7561","113.529","2022-05-19T10:58:59+0800","Point Cloates","No-take","99.2","Yes","Yes","2022-05_PtCloates_Naked-BOSS_265"
"2022-05_PtCloates_Naked-BOSS","266","20220519_BOTTOM_2_0001_0001.mp4","0.70014","Lutjanidae","Pristipomoides","sp1",5,"-22.7531","113.5301","2022-05-19T11:11:08+0800","Point Cloates","No-take","98.5","Yes","Yes","2022-05_PtCloates_Naked-BOSS_266"
"2022-05_PtCloates_Naked-BOSS","266","20220519_BOTTOM_2_0001_0001.mp4","2.84173","SUS","SUS","SUS",1,"-22.7531","113.5301","2022-05-19T11:11:08+0800","Point Cloates","No-take","98.5","Yes","Yes","2022-05_PtCloates_Naked-BOSS_266"
"2022-05_PtCloates_Naked-BOSS","267","20220527_BOTTOM_1_0006_0001.mp4","1.75119","Balistidae","Sufflamen","fraenatum",1,"-22.6751","113.5615","2022-05-27T10:02:00+0800","Point Cloates","No-take","88.4","Yes","Yes","2022-05_PtCloates_Naked-BOSS_267"
"2022-05_PtCloates_Naked-BOSS","267","20220527_BOTTOM_1_0006_0001.mp4","1.70559","Cirrhitidae","Cyprinocirrhites","polyactis",2,"-22.6751","113.5615","2022-05-27T10:02:00+0800","Point Cloates","No-take","88.4","Yes","Yes","2022-05_PtCloates_Naked-BOSS_267"
"2022-05_PtCloates_Naked-BOSS","267","20220527_BOTTOM_1_0006_0001.mp4","1.57074","Unknown","Unknown","Unknown",3,"-22.6751","113.5615","2022-05-27T10:02:00+0800","Point Cloates","No-take","88.4","Yes","Yes","2022-05_PtCloates_Naked-BOSS_267"
"2022-05_PtCloates_Naked-BOSS","268","20220525_BOTTOM_4_0007_0001.mp4","0.76465","Carangidae","Carangoides","chrysophrys",1,"-22.7054","113.5501","2022-05-25T15:12:08+0800","Point Cloates","No-take","90.6","Yes","Yes","2022-05_PtCloates_Naked-BOSS_268"
"2022-05_PtCloates_Naked-BOSS","268","20220525_BOTTOM_4_0007_0001.mp4","0.92704","Carangidae","Decapterus","spp",2,"-22.7054","113.5501","2022-05-25T15:12:08+0800","Point Cloates","No-take","90.6","Yes","Yes","2022-05_PtCloates_Naked-BOSS_268"
"2022-05_PtCloates_Naked-BOSS","269","20220521_BOTTOM_3_0005_0001.mp4","0.68735","Carangidae","Gnathanodon","speciosus",52,"-22.7429","113.5458","2022-05-21T14:27:47+0800","Point Cloates","No-take","83.1","Yes","Yes","2022-05_PtCloates_Naked-BOSS_269"
"2022-05_PtCloates_Naked-BOSS","269","20220521_BOTTOM_3_0005_0001.mp4","0.59115","Echeneidae","Echeneis","naucrates",1,"-22.7429","113.5458","2022-05-21T14:27:47+0800","Point Cloates","No-take","83.1","Yes","Yes","2022-05_PtCloates_Naked-BOSS_269"
"2022-05_PtCloates_Naked-BOSS","270","20220519_BOTTOM_2_0002_0001.mp4","2.52530","Apogonidae","Apogon","sp1",125,"-22.7511","113.5387","2022-05-19T11:37:38+0800","Point Cloates","No-take","91","Yes","Yes","2022-05_PtCloates_Naked-BOSS_270"
"2022-05_PtCloates_Naked-BOSS","270","20220519_BOTTOM_2_0002_0001.mp4","0.35341","Balistidae","Xanthichthys","lineopunctatus",1,"-22.7511","113.5387","2022-05-19T11:37:38+0800","Point Cloates","No-take","91","Yes","Yes","2022-05_PtCloates_Naked-BOSS_270"
"2022-05_PtCloates_Naked-BOSS","270","20220519_BOTTOM_2_0002_0001.mp4","0.46463","Carangidae","Carangoides","spp",4,"-22.7511","113.5387","2022-05-19T11:37:38+0800","Point Cloates","No-take","91","Yes","Yes","2022-05_PtCloates_Naked-BOSS_270"
"2022-05_PtCloates_Naked-BOSS","270","20220519_BOTTOM_2_0002_0001.mp4","1.04410","Chaetodontidae","Heniochus","diphreutes",5,"-22.7511","113.5387","2022-05-19T11:37:38+0800","Point Cloates","No-take","91","Yes","Yes","2022-05_PtCloates_Naked-BOSS_270"
"2022-05_PtCloates_Naked-BOSS","270","20220519_BOTTOM_2_0002_0001.mp4","1.55822","Labridae","Bodianus","solatus",3,"-22.7511","113.5387","2022-05-19T11:37:38+0800","Point Cloates","No-take","91","Yes","Yes","2022-05_PtCloates_Naked-BOSS_270"
"2022-05_PtCloates_Naked-BOSS","270","20220519_BOTTOM_2_0002_0001.mp4","1.38638","Lethrinidae","Lethrinus","miniatus",2,"-22.7511","113.5387","2022-05-19T11:37:38+0800","Point Cloates","No-take","91","Yes","Yes","2022-05_PtCloates_Naked-BOSS_270"
"2022-05_PtCloates_Naked-BOSS","270","20220519_BOTTOM_2_0002_0001.mp4","1.32716","Microdesmidae","Ptereleotris","heteroptera",2,"-22.7511","113.5387","2022-05-19T11:37:38+0800","Point Cloates","No-take","91","Yes","Yes","2022-05_PtCloates_Naked-BOSS_270"
"2022-05_PtCloates_Naked-BOSS","270","20220519_BOTTOM_2_0002_0001.mp4","2.55311","Scombridae","Scomberomorus","spp",2,"-22.7511","113.5387","2022-05-19T11:37:38+0800","Point Cloates","No-take","91","Yes","Yes","2022-05_PtCloates_Naked-BOSS_270"
"2022-05_PtCloates_Naked-BOSS","270","20220519_BOTTOM_2_0002_0001.mp4","1.92136","Serranidae","Cephalopholis","sonnerati",1,"-22.7511","113.5387","2022-05-19T11:37:38+0800","Point Cloates","No-take","91","Yes","Yes","2022-05_PtCloates_Naked-BOSS_270"
"2022-05_PtCloates_Naked-BOSS","270","20220519_BOTTOM_2_0002_0001.mp4","1.61105","Serranidae","Epinephelus","multinotatus",1,"-22.7511","113.5387","2022-05-19T11:37:38+0800","Point Cloates","No-take","91","Yes","Yes","2022-05_PtCloates_Naked-BOSS_270"
"2022-05_PtCloates_Naked-BOSS","270","20220519_BOTTOM_2_0002_0001.mp4","0.07174","Serranidae","Pseudanthias","fasciata",1,"-22.7511","113.5387","2022-05-19T11:37:38+0800","Point Cloates","No-take","91","Yes","Yes","2022-05_PtCloates_Naked-BOSS_270"
"2022-05_PtCloates_Naked-BOSS","270","20220519_BOTTOM_2_0002_0001.mp4","0.60227","SUS","SUS","SUS",1000,"-22.7511","113.5387","2022-05-19T11:37:38+0800","Point Cloates","No-take","91","Yes","Yes","2022-05_PtCloates_Naked-BOSS_270"
"2022-05_PtCloates_Naked-BOSS","271","20220527_BOTTOM_1_0005_0001.mp4","1.21566","Nemipteridae","Pentapodus","nagasakiensis",1,"-22.6776","113.5654","2022-05-27T09:32:15+0800","Point Cloates","No-take","79.5","Yes","Yes","2022-05_PtCloates_Naked-BOSS_271"
"2022-05_PtCloates_Naked-BOSS","271","20220527_BOTTOM_1_0005_0001.mp4","0.88867","Pinguipedidae","Parapercis","nebulosa",2,"-22.6776","113.5654","2022-05-27T09:32:15+0800","Point Cloates","No-take","79.5","Yes","Yes","2022-05_PtCloates_Naked-BOSS_271"
"2022-05_PtCloates_Naked-BOSS","271","20220527_BOTTOM_1_0005_0001.mp4","1.21566","Unknown","Unknown","Unknown",3,"-22.6776","113.5654","2022-05-27T09:32:15+0800","Point Cloates","No-take","79.5","Yes","Yes","2022-05_PtCloates_Naked-BOSS_271"
"2022-05_PtCloates_Naked-BOSS","272","20220521_BOTTOM_4_0002_0001.mp4","0.73212","Lethrinidae","Lethrinus","miniatus",1,"-22.7374","113.5422","2022-05-21T15:45:16+0800","Point Cloates","No-take","89.2","Yes","Yes","2022-05_PtCloates_Naked-BOSS_272"
"2022-05_PtCloates_Naked-BOSS","272","20220521_BOTTOM_4_0002_0001.mp4","0.00000","Pinguipedidae","Parapercis","nebulosa",2,"-22.7374","113.5422","2022-05-21T15:45:16+0800","Point Cloates","No-take","89.2","Yes","Yes","2022-05_PtCloates_Naked-BOSS_272"
"2022-05_PtCloates_Naked-BOSS","272","20220521_BOTTOM_4_0002_0001.mp4","1.89439","SUS","SUS","SUS",1,"-22.7374","113.5422","2022-05-21T15:45:16+0800","Point Cloates","No-take","89.2","Yes","Yes","2022-05_PtCloates_Naked-BOSS_272"
"2022-05_PtCloates_Naked-BOSS","273","20220527_BOTTOM_1_0006_0001.mp4","0.92203","Apogonidae","Apogon","sp1",5,"-22.6741","113.5665","2022-05-27T09:48:58+0800","Point Cloates","No-take","77.2","Yes","Yes","2022-05_PtCloates_Naked-BOSS_273"
"2022-05_PtCloates_Naked-BOSS","273","20220527_BOTTOM_1_0006_0001.mp4","0.65760","Apogonidae","Ostorhinchus","aureus",1,"-22.6741","113.5665","2022-05-27T09:48:58+0800","Point Cloates","No-take","77.2","Yes","Yes","2022-05_PtCloates_Naked-BOSS_273"
"2022-05_PtCloates_Naked-BOSS","273","20220527_BOTTOM_1_0006_0001.mp4","0.81971","Balistidae","Xanthichthys","lineopunctatus",1,"-22.6741","113.5665","2022-05-27T09:48:58+0800","Point Cloates","No-take","77.2","Yes","Yes","2022-05_PtCloates_Naked-BOSS_273"
"2022-05_PtCloates_Naked-BOSS","273","20220527_BOTTOM_1_0006_0001.mp4","2.39628","Caesionidae","Pterocaesio","chrysozona",2,"-22.6741","113.5665","2022-05-27T09:48:58+0800","Point Cloates","No-take","77.2","Yes","Yes","2022-05_PtCloates_Naked-BOSS_273"
"2022-05_PtCloates_Naked-BOSS","273","20220527_BOTTOM_1_0006_0001.mp4","2.98187","Chaetodontidae","Heniochus","acuminatus",3,"-22.6741","113.5665","2022-05-27T09:48:58+0800","Point Cloates","No-take","77.2","Yes","Yes","2022-05_PtCloates_Naked-BOSS_273"
"2022-05_PtCloates_Naked-BOSS","273","20220527_BOTTOM_1_0006_0001.mp4","1.75870","Holocentridae","Sargocentron","rubrum",27,"-22.6741","113.5665","2022-05-27T09:48:58+0800","Point Cloates","No-take","77.2","Yes","Yes","2022-05_PtCloates_Naked-BOSS_273"
"2022-05_PtCloates_Naked-BOSS","273","20220527_BOTTOM_1_0006_0001.mp4","0.42543","Labridae","Labroides","dimidiatus",1,"-22.6741","113.5665","2022-05-27T09:48:58+0800","Point Cloates","No-take","77.2","Yes","Yes","2022-05_PtCloates_Naked-BOSS_273"
"2022-05_PtCloates_Naked-BOSS","273","20220527_BOTTOM_1_0006_0001.mp4","0.33756","Lethrinidae","Lethrinus","miniatus",1,"-22.6741","113.5665","2022-05-27T09:48:58+0800","Point Cloates","No-take","77.2","Yes","Yes","2022-05_PtCloates_Naked-BOSS_273"
"2022-05_PtCloates_Naked-BOSS","273","20220527_BOTTOM_1_0006_0001.mp4","2.74385","Lethrinidae","Lethrinus","ravus",1,"-22.6741","113.5665","2022-05-27T09:48:58+0800","Point Cloates","No-take","77.2","Yes","Yes","2022-05_PtCloates_Naked-BOSS_273"
"2022-05_PtCloates_Naked-BOSS","273","20220527_BOTTOM_1_0006_0001.mp4","2.88872","Pomacanthidae","Pomacanthus","semicirculatus",1,"-22.6741","113.5665","2022-05-27T09:48:58+0800","Point Cloates","No-take","77.2","Yes","Yes","2022-05_PtCloates_Naked-BOSS_273"
"2022-05_PtCloates_Naked-BOSS","273","20220527_BOTTOM_1_0006_0001.mp4","2.93710","Serranidae","Cephalopholis","sonnerati",2,"-22.6741","113.5665","2022-05-27T09:48:58+0800","Point Cloates","No-take","77.2","Yes","Yes","2022-05_PtCloates_Naked-BOSS_273"
"2022-05_PtCloates_Naked-BOSS","273","20220527_BOTTOM_1_0006_0001.mp4","0.76743","Serranidae","Pseudanthias","spp",10,"-22.6741","113.5665","2022-05-27T09:48:58+0800","Point Cloates","No-take","77.2","Yes","Yes","2022-05_PtCloates_Naked-BOSS_273"
"2022-05_PtCloates_Naked-BOSS","273","20220527_BOTTOM_1_0006_0001.mp4","0.40457","SUS","SUS","SUS",11,"-22.6741","113.5665","2022-05-27T09:48:58+0800","Point Cloates","No-take","77.2","Yes","Yes","2022-05_PtCloates_Naked-BOSS_273"
"2022-05_PtCloates_Naked-BOSS","274","20220523_BOTTOM_1_0003_0001.mp4","2.77833","Labridae","Bodianus","solatus",1,"-22.7343","113.5502","2022-05-23T08:50:34+0800","Point Cloates","No-take","79.2","Yes","Yes","2022-05_PtCloates_Naked-BOSS_274"
"2022-05_PtCloates_Naked-BOSS","274","20220523_BOTTOM_1_0002_0001.mp4","0.87727","Lethrinidae","Lethrinus","miniatus",1,"-22.7343","113.5502","2022-05-23T08:50:34+0800","Point Cloates","No-take","79.2","Yes","Yes","2022-05_PtCloates_Naked-BOSS_274"
"2022-05_PtCloates_Naked-BOSS","274","20220523_BOTTOM_1_0002_0001.mp4","0.19770","Lethrinidae","Lethrinus","rubrioperculatus",2,"-22.7343","113.5502","2022-05-23T08:50:34+0800","Point Cloates","No-take","79.2","Yes","Yes","2022-05_PtCloates_Naked-BOSS_274"
"2022-05_PtCloates_Naked-BOSS","274","20220523_BOTTOM_1_0002_0001.mp4","1.86742","Nemipteridae","Pentapodus","nagasakiensis",2,"-22.7343","113.5502","2022-05-23T08:50:34+0800","Point Cloates","No-take","79.2","Yes","Yes","2022-05_PtCloates_Naked-BOSS_274"
