"id","campaignid","sample","family","genus","species","length","range","latitude","longitude","date","time","location","status","site","depth","observer","successful.count","successful.length"
"2021-05_Abrolhos_stereo-BRUVs.npz6.10","2021-05_Abrolhos_stereo-BRUVs","npz6.10","Carangidae","Seriola","dumerili",414.13365,1872.45618,-28.0787,113.3764,20210512,11:07:00,"NPZ6","No-take","npz6.10",112,"Molly","Y","Y"
"2021-05_Abrolhos_stereo-BRUVs.npz6.10","2021-05_Abrolhos_stereo-BRUVs","npz6.10","Carangidae","Seriola","dumerili",446.80786,2511.48532,-28.0787,113.3764,20210512,11:07:00,"NPZ6","No-take","npz6.10",112,"Molly","Y","Y"
"2021-05_Abrolhos_stereo-BRUVs.npz6.10","2021-05_Abrolhos_stereo-BRUVs","npz6.10","Carangidae","Seriola","dumerili",446.26441,2083.98847,-28.0787,113.3764,20210512,11:07:00,"NPZ6","No-take","npz6.10",112,"Molly","Y","Y"
"2021-05_Abrolhos_stereo-BRUVs.npz6.10","2021-05_Abrolhos_stereo-BRUVs","npz6.10","Carangidae","Seriola","dumerili",452.64395,1327.79347,-28.0787,113.3764,20210512,11:07:00,"NPZ6","No-take","npz6.10",112,"Molly","Y","Y"
"2021-05_Abrolhos_stereo-BRUVs.npz6.10","2021-05_Abrolhos_stereo-BRUVs","npz6.10","Carangidae","Seriola","dumerili",459.07871,2500.12803,-28.0787,113.3764,20210512,11:07:00,"NPZ6","No-take","npz6.10",112,"Molly","Y","Y"
"2021-05_Abrolhos_stereo-BRUVs.npz6.10","2021-05_Abrolhos_stereo-BRUVs","npz6.10","Sparidae","Chrysophrys","auratus",367.40997,1530.25354,-28.0787,113.3764,20210512,11:07:00,"NPZ6","No-take","npz6.10",112,"Molly","Y","Y"
"2021-05_Abrolhos_stereo-BRUVs.npz6.10","2021-05_Abrolhos_stereo-BRUVs","npz6.10","Sparidae","Chrysophrys","auratus",303.44706,1284.89741,-28.0787,113.3764,20210512,11:07:00,"NPZ6","No-take","npz6.10",112,"Molly","Y","Y"
"2021-05_Abrolhos_stereo-BRUVs.npz6.10","2021-05_Abrolhos_stereo-BRUVs","npz6.10","Sparidae","Chrysophrys","auratus",327.17062,1277.9053,-28.0787,113.3764,20210512,11:07:00,"NPZ6","No-take","npz6.10",112,"Molly","Y","Y"
"2021-05_Abrolhos_stereo-BRUVs.npz6.10","2021-05_Abrolhos_stereo-BRUVs","npz6.10","Sparidae","Chrysophrys","auratus",292.07022,1382.25058,-28.0787,113.3764,20210512,11:07:00,"NPZ6","No-take","npz6.10",112,"Molly","Y","Y"
"2021-05_Abrolhos_stereo-BRUVs.npz6.10","2021-05_Abrolhos_stereo-BRUVs","npz6.10","Tetraodontidae","Lagocephalus","sceleratus",424.6619,2695.93282,-28.0787,113.3764,20210512,11:07:00,"NPZ6","No-take","npz6.10",112,"Molly","Y","Y"
"2021-05_Abrolhos_stereo-BRUVs.npz6.10","2021-05_Abrolhos_stereo-BRUVs","npz6.10","Tetraodontidae","Lagocephalus","sceleratus",591.70621,3868.42491,-28.0787,113.3764,20210512,11:07:00,"NPZ6","No-take","npz6.10",112,"Molly","Y","Y"
"2021-05_Abrolhos_stereo-BRUVs.npz6.13","2021-05_Abrolhos_stereo-BRUVs","npz6.13","Sparidae","Chrysophrys","auratus",544.82221,1240.31316,-28.0611,113.3714,20210512,11:19:00,"NPZ6","No-take","npz6.13",109,"Molly","Y","Y"
"2021-05_Abrolhos_stereo-BRUVs.npz6.13","2021-05_Abrolhos_stereo-BRUVs","npz6.13","Sparidae","Chrysophrys","auratus",478.18797,1802.0467,-28.0611,113.3714,20210512,11:19:00,"NPZ6","No-take","npz6.13",109,"Molly","Y","Y"
"2021-05_Abrolhos_stereo-BRUVs.npz6.13","2021-05_Abrolhos_stereo-BRUVs","npz6.13","Sparidae","Chrysophrys","auratus",426.01511,2235.21474,-28.0611,113.3714,20210512,11:19:00,"NPZ6","No-take","npz6.13",109,"Molly","Y","Y"
"2021-05_Abrolhos_stereo-BRUVs.npz6.13","2021-05_Abrolhos_stereo-BRUVs","npz6.13","Sparidae","Chrysophrys","auratus",441.41138,1830.18918,-28.0611,113.3714,20210512,11:19:00,"NPZ6","No-take","npz6.13",109,"Molly","Y","Y"
"2021-05_Abrolhos_stereo-BRUVs.npz6.14","2021-05_Abrolhos_stereo-BRUVs","npz6.14","Carangidae","Seriola","hippos",542.53282,3130.68968,-28.0937,113.4213,20210512,08:56:00,"NPZ6","No-take","npz6.14",42.1,"Molly","Y","Y"
"2021-05_Abrolhos_stereo-BRUVs.npz6.14","2021-05_Abrolhos_stereo-BRUVs","npz6.14","Labridae","Choerodon","rubescens",425.19382,1719.36352,-28.0937,113.4213,20210512,08:56:00,"NPZ6","No-take","npz6.14",42.1,"Molly","Y","Y"
"2021-05_Abrolhos_stereo-BRUVs.npz6.14","2021-05_Abrolhos_stereo-BRUVs","npz6.14","Labridae","Choerodon","rubescens",270.85874,2035.52127,-28.0937,113.4213,20210512,08:56:00,"NPZ6","No-take","npz6.14",42.1,"Molly","Y","Y"
"2021-05_Abrolhos_stereo-BRUVs.npz6.14","2021-05_Abrolhos_stereo-BRUVs","npz6.14","Lethrinidae","Lethrinus","miniatus",481.74457,2221.94949,-28.0937,113.4213,20210512,08:56:00,"NPZ6","No-take","npz6.14",42.1,"Molly","Y","Y"
"2021-05_Abrolhos_stereo-BRUVs.npz6.14","2021-05_Abrolhos_stereo-BRUVs","npz6.14","Lethrinidae","Lethrinus","miniatus",385.92729,2236.86838,-28.0937,113.4213,20210512,08:56:00,"NPZ6","No-take","npz6.14",42.1,"Molly","Y","Y"
"2021-05_Abrolhos_stereo-BRUVs.npz6.14","2021-05_Abrolhos_stereo-BRUVs","npz6.14","Lethrinidae","Lethrinus","miniatus",322.35062,1595.86071,-28.0937,113.4213,20210512,08:56:00,"NPZ6","No-take","npz6.14",42.1,"Molly","Y","Y"
"2021-05_Abrolhos_stereo-BRUVs.npz6.14","2021-05_Abrolhos_stereo-BRUVs","npz6.14","Lethrinidae","Lethrinus","miniatus",395.60811,1243.95501,-28.0937,113.4213,20210512,08:56:00,"NPZ6","No-take","npz6.14",42.1,"Molly","Y","Y"
"2021-05_Abrolhos_stereo-BRUVs.npz6.14","2021-05_Abrolhos_stereo-BRUVs","npz6.14","Lethrinidae","Lethrinus","miniatus",523.25876,1279.71016,-28.0937,113.4213,20210512,08:56:00,"NPZ6","No-take","npz6.14",42.1,"Molly","Y","Y"
"2021-05_Abrolhos_stereo-BRUVs.npz6.14","2021-05_Abrolhos_stereo-BRUVs","npz6.14","Lethrinidae","Lethrinus","nebulosus",602.06538,4991.72879,-28.0937,113.4213,20210512,08:56:00,"NPZ6","No-take","npz6.14",42.1,"Molly","Y","Y"
"2021-05_Abrolhos_stereo-BRUVs.npz6.15","2021-05_Abrolhos_stereo-BRUVs","npz6.15","Triakidae","Mustelus","spp",728.54002,1663.20264,-28.0588,113.3488,20210512,11:41:00,"NPZ6","No-take","npz6.15",145,"Molly","Y","Y"
"2021-05_Abrolhos_stereo-BRUVs.npz6.17","2021-05_Abrolhos_stereo-BRUVs","npz6.17","Carangidae","Seriola","hippos",648.13341,1605.17073,-28.0837,113.3839,20210512,11:03:00,"NPZ6","No-take","npz6.18",94,"Molly","Y","Y"
"2021-05_Abrolhos_stereo-BRUVs.npz6.17","2021-05_Abrolhos_stereo-BRUVs","npz6.17","Sparidae","Chrysophrys","auratus",510.44865,1166.98323,-28.0837,113.3839,20210512,11:03:00,"NPZ6","No-take","npz6.18",94,"Molly","Y","Y"
"2021-05_Abrolhos_stereo-BRUVs.npz6.17","2021-05_Abrolhos_stereo-BRUVs","npz6.17","Sparidae","Chrysophrys","auratus",436.31224,1714.3946,-28.0837,113.3839,20210512,11:03:00,"NPZ6","No-take","npz6.18",94,"Molly","Y","Y"
"2021-05_Abrolhos_stereo-BRUVs.npz6.17","2021-05_Abrolhos_stereo-BRUVs","npz6.17","Sparidae","Chrysophrys","auratus",366.13704,1516.51434,-28.0837,113.3839,20210512,11:03:00,"NPZ6","No-take","npz6.18",94,"Molly","Y","Y"
"2021-05_Abrolhos_stereo-BRUVs.npz6.18","2021-05_Abrolhos_stereo-BRUVs","npz6.18","Haemulidae","Diagramma","pictum labiosum",666.26856,1968.37392,-28.0962,113.4438,20210512,08:48:00,"NPZ6","No-take","npz6.19",42.7,"Molly","Y","Y"
"2021-05_Abrolhos_stereo-BRUVs.npz6.18","2021-05_Abrolhos_stereo-BRUVs","npz6.18","Haemulidae","Diagramma","pictum labiosum",629.01199,2239.08921,-28.0962,113.4438,20210512,08:48:00,"NPZ6","No-take","npz6.19",42.7,"Molly","Y","Y"
"2021-05_Abrolhos_stereo-BRUVs.npz6.18","2021-05_Abrolhos_stereo-BRUVs","npz6.18","Haemulidae","Diagramma","pictum labiosum",551.74505,1827.17865,-28.0962,113.4438,20210512,08:48:00,"NPZ6","No-take","npz6.19",42.7,"Molly","Y","Y"
"2021-05_Abrolhos_stereo-BRUVs.npz6.18","2021-05_Abrolhos_stereo-BRUVs","npz6.18","Haemulidae","Diagramma","pictum labiosum",632.83368,2004.40577,-28.0962,113.4438,20210512,08:48:00,"NPZ6","No-take","npz6.19",42.7,"Molly","Y","Y"
"2021-05_Abrolhos_stereo-BRUVs.npz6.18","2021-05_Abrolhos_stereo-BRUVs","npz6.18","Haemulidae","Diagramma","pictum labiosum",676.62326,2390.70945,-28.0962,113.4438,20210512,08:48:00,"NPZ6","No-take","npz6.19",42.7,"Molly","Y","Y"
"2021-05_Abrolhos_stereo-BRUVs.npz6.18","2021-05_Abrolhos_stereo-BRUVs","npz6.18","Haemulidae","Diagramma","pictum labiosum",689.92638,2311.57097,-28.0962,113.4438,20210512,08:48:00,"NPZ6","No-take","npz6.19",42.7,"Molly","Y","Y"
"2021-05_Abrolhos_stereo-BRUVs.npz6.18","2021-05_Abrolhos_stereo-BRUVs","npz6.18","Haemulidae","Diagramma","pictum labiosum",609.31968,1774.07899,-28.0962,113.4438,20210512,08:48:00,"NPZ6","No-take","npz6.19",42.7,"Molly","Y","Y"
"2021-05_Abrolhos_stereo-BRUVs.npz6.18","2021-05_Abrolhos_stereo-BRUVs","npz6.18","Haemulidae","Diagramma","pictum labiosum",639.36275,2916.51496,-28.0962,113.4438,20210512,08:48:00,"NPZ6","No-take","npz6.19",42.7,"Molly","Y","Y"
"2021-05_Abrolhos_stereo-BRUVs.npz6.18","2021-05_Abrolhos_stereo-BRUVs","npz6.18","Haemulidae","Diagramma","pictum labiosum",666.49832,2181.61159,-28.0962,113.4438,20210512,08:48:00,"NPZ6","No-take","npz6.19",42.7,"Molly","Y","Y"
"2021-05_Abrolhos_stereo-BRUVs.npz6.2","2021-05_Abrolhos_stereo-BRUVs","npz6.2","Labridae","Choerodon","rubescens",358.3793,2027.70873,-28.0612,113.4339,20210512,09:26:00,"NPZ6","No-take","npz6.2",43.6,"Molly","Y","Y"
"2021-05_Abrolhos_stereo-BRUVs.npz6.2","2021-05_Abrolhos_stereo-BRUVs","npz6.2","Lethrinidae","Lethrinus","miniatus",292.49548,1899.1113,-28.0612,113.4339,20210512,09:26:00,"NPZ6","No-take","npz6.2",43.6,"Molly","Y","Y"
"2021-05_Abrolhos_stereo-BRUVs.npz6.2","2021-05_Abrolhos_stereo-BRUVs","npz6.2","Lethrinidae","Lethrinus","miniatus",327.38365,1946.83829,-28.0612,113.4339,20210512,09:26:00,"NPZ6","No-take","npz6.2",43.6,"Molly","Y","Y"
"2021-05_Abrolhos_stereo-BRUVs.npz6.2","2021-05_Abrolhos_stereo-BRUVs","npz6.2","Scombridae","Scomberomorus","spp",691.3613,3092.39736,-28.0612,113.4339,20210512,09:26:00,"NPZ6","No-take","npz6.2",43.6,"Molly","Y","Y"
"2021-05_Abrolhos_stereo-BRUVs.npz6.20","2021-05_Abrolhos_stereo-BRUVs","npz6.20","Carangidae","Carangoides","spp",769.94355,2005.41885,-28.0736,113.4593,20210512,09:13:00,"NPZ6","No-take","npz6.21",50.4,"Molly","Y","Y"
"2021-05_Abrolhos_stereo-BRUVs.npz6.20","2021-05_Abrolhos_stereo-BRUVs","npz6.20","Haemulidae","Diagramma","pictum labiosum",650.97792,1280.79796,-28.0736,113.4593,20210512,09:13:00,"NPZ6","No-take","npz6.21",50.4,"Molly","Y","Y"
"2021-05_Abrolhos_stereo-BRUVs.npz6.20","2021-05_Abrolhos_stereo-BRUVs","npz6.20","Haemulidae","Diagramma","pictum labiosum",557.49136,1397.60402,-28.0736,113.4593,20210512,09:13:00,"NPZ6","No-take","npz6.21",50.4,"Molly","Y","Y"
"2021-05_Abrolhos_stereo-BRUVs.npz6.20","2021-05_Abrolhos_stereo-BRUVs","npz6.20","Haemulidae","Diagramma","pictum labiosum",535.18968,1492.43634,-28.0736,113.4593,20210512,09:13:00,"NPZ6","No-take","npz6.21",50.4,"Molly","Y","Y"
"2021-05_Abrolhos_stereo-BRUVs.npz6.20","2021-05_Abrolhos_stereo-BRUVs","npz6.20","Labridae","Choerodon","rubescens",336.91902,2062.25401,-28.0736,113.4593,20210512,09:13:00,"NPZ6","No-take","npz6.21",50.4,"Molly","Y","Y"
"2021-05_Abrolhos_stereo-BRUVs.npz6.20","2021-05_Abrolhos_stereo-BRUVs","npz6.20","Labridae","Choerodon","rubescens",251.13499,1284.79624,-28.0736,113.4593,20210512,09:13:00,"NPZ6","No-take","npz6.21",50.4,"Molly","Y","Y"
"2021-05_Abrolhos_stereo-BRUVs.npz6.20","2021-05_Abrolhos_stereo-BRUVs","npz6.20","Lethrinidae","Lethrinus","miniatus",422.51928,1397.27988,-28.0736,113.4593,20210512,09:13:00,"NPZ6","No-take","npz6.21",50.4,"Molly","Y","Y"
"2021-05_Abrolhos_stereo-BRUVs.npz6.20","2021-05_Abrolhos_stereo-BRUVs","npz6.20","Lethrinidae","Lethrinus","miniatus",325.33232,1398.05301,-28.0736,113.4593,20210512,09:13:00,"NPZ6","No-take","npz6.21",50.4,"Molly","Y","Y"
"2021-05_Abrolhos_stereo-BRUVs.npz6.20","2021-05_Abrolhos_stereo-BRUVs","npz6.20","Lethrinidae","Lethrinus","miniatus",373.96972,1245.72397,-28.0736,113.4593,20210512,09:13:00,"NPZ6","No-take","npz6.21",50.4,"Molly","Y","Y"
"2021-05_Abrolhos_stereo-BRUVs.npz6.20","2021-05_Abrolhos_stereo-BRUVs","npz6.20","Lethrinidae","Lethrinus","miniatus",419.0732,2174.64558,-28.0736,113.4593,20210512,09:13:00,"NPZ6","No-take","npz6.21",50.4,"Molly","Y","Y"
"2021-05_Abrolhos_stereo-BRUVs.npz6.20","2021-05_Abrolhos_stereo-BRUVs","npz6.20","Lethrinidae","Lethrinus","nebulosus",686.08892,4562.17345,-28.0736,113.4593,20210512,09:13:00,"NPZ6","No-take","npz6.21",50.4,"Molly","Y","Y"
"2021-05_Abrolhos_stereo-BRUVs.npz6.20","2021-05_Abrolhos_stereo-BRUVs","npz6.20","Lethrinidae","Lethrinus","nebulosus",528.89089,1316.18143,-28.0736,113.4593,20210512,09:13:00,"NPZ6","No-take","npz6.21",50.4,"Molly","Y","Y"
"2021-05_Abrolhos_stereo-BRUVs.npz6.20","2021-05_Abrolhos_stereo-BRUVs","npz6.20","Lethrinidae","Lethrinus","nebulosus",626.32466,1542.32903,-28.0736,113.4593,20210512,09:13:00,"NPZ6","No-take","npz6.21",50.4,"Molly","Y","Y"
"2021-05_Abrolhos_stereo-BRUVs.npz6.21","2021-05_Abrolhos_stereo-BRUVs","npz6.21","Carcharhinidae","Carcharhinus","plumbeus",1185.30176,1290.1122,-28.0714,113.3992,20210512,10:54:00,"NPZ6","No-take","npz6.22",59.3,"Molly","Y","Y"
"2021-05_Abrolhos_stereo-BRUVs.npz6.21","2021-05_Abrolhos_stereo-BRUVs","npz6.21","Labridae","Choerodon","rubescens",393.73422,3424.43424,-28.0714,113.3992,20210512,10:54:00,"NPZ6","No-take","npz6.22",59.3,"Molly","Y","Y"
"2021-05_Abrolhos_stereo-BRUVs.npz6.21","2021-05_Abrolhos_stereo-BRUVs","npz6.21","Labridae","Choerodon","rubescens",473.84596,1419.59079,-28.0714,113.3992,20210512,10:54:00,"NPZ6","No-take","npz6.22",59.3,"Molly","Y","Y"
"2021-05_Abrolhos_stereo-BRUVs.npz6.21","2021-05_Abrolhos_stereo-BRUVs","npz6.21","Labridae","Choerodon","rubescens",387.79128,2533.58083,-28.0714,113.3992,20210512,10:54:00,"NPZ6","No-take","npz6.22",59.3,"Molly","Y","Y"
"2021-05_Abrolhos_stereo-BRUVs.npz6.21","2021-05_Abrolhos_stereo-BRUVs","npz6.21","Lethrinidae","Lethrinus","nebulosus",520.31555,1351.24743,-28.0714,113.3992,20210512,10:54:00,"NPZ6","No-take","npz6.22",59.3,"Molly","Y","Y"
"2021-05_Abrolhos_stereo-BRUVs.npz6.21","2021-05_Abrolhos_stereo-BRUVs","npz6.21","Lethrinidae","Lethrinus","nebulosus",613.54899,1305.19877,-28.0714,113.3992,20210512,10:54:00,"NPZ6","No-take","npz6.22",59.3,"Molly","Y","Y"
"2021-05_Abrolhos_stereo-BRUVs.npz6.21","2021-05_Abrolhos_stereo-BRUVs","npz6.21","Lethrinidae","Lethrinus","nebulosus",503.39618,1392.9713,-28.0714,113.3992,20210512,10:54:00,"NPZ6","No-take","npz6.22",59.3,"Molly","Y","Y"
"2021-05_Abrolhos_stereo-BRUVs.npz6.21","2021-05_Abrolhos_stereo-BRUVs","npz6.21","Lethrinidae","Lethrinus","nebulosus",546.12797,1482.27959,-28.0714,113.3992,20210512,10:54:00,"NPZ6","No-take","npz6.22",59.3,"Molly","Y","Y"
"2021-05_Abrolhos_stereo-BRUVs.npz6.21","2021-05_Abrolhos_stereo-BRUVs","npz6.21","Lethrinidae","Lethrinus","nebulosus",585.99331,1368.12918,-28.0714,113.3992,20210512,10:54:00,"NPZ6","No-take","npz6.22",59.3,"Molly","Y","Y"
"2021-05_Abrolhos_stereo-BRUVs.npz6.21","2021-05_Abrolhos_stereo-BRUVs","npz6.21","Sparidae","Chrysophrys","auratus",447.70679,1312.4569,-28.0714,113.3992,20210512,10:54:00,"NPZ6","No-take","npz6.22",59.3,"Molly","Y","Y"
"2021-05_Abrolhos_stereo-BRUVs.npz6.21","2021-05_Abrolhos_stereo-BRUVs","npz6.21","Sparidae","Chrysophrys","auratus",429.48654,1176.85023,-28.0714,113.3992,20210512,10:54:00,"NPZ6","No-take","npz6.22",59.3,"Molly","Y","Y"
"2021-05_Abrolhos_stereo-BRUVs.npz6.21","2021-05_Abrolhos_stereo-BRUVs","npz6.21","Sparidae","Chrysophrys","auratus",411.48109,1377.6808,-28.0714,113.3992,20210512,10:54:00,"NPZ6","No-take","npz6.22",59.3,"Molly","Y","Y"
"2021-05_Abrolhos_stereo-BRUVs.npz6.21","2021-05_Abrolhos_stereo-BRUVs","npz6.21","Sparidae","Chrysophrys","auratus",637.65007,2321.35858,-28.0714,113.3992,20210512,10:54:00,"NPZ6","No-take","npz6.22",59.3,"Molly","Y","Y"
"2021-05_Abrolhos_stereo-BRUVs.npz6.21","2021-05_Abrolhos_stereo-BRUVs","npz6.21","Sparidae","Chrysophrys","auratus",451.11874,992.8618,-28.0714,113.3992,20210512,10:54:00,"NPZ6","No-take","npz6.22",59.3,"Molly","Y","Y"
"2021-05_Abrolhos_stereo-BRUVs.npz6.24","2021-05_Abrolhos_stereo-BRUVs","npz6.24","Carangidae","Seriola","hippos",865.20955,1967.36931,-28.0787,113.4414,20210512,09:07:00,"NPZ6","No-take","npz6.27",53.7,"Molly","Y","Y"
"2021-05_Abrolhos_stereo-BRUVs.npz6.24","2021-05_Abrolhos_stereo-BRUVs","npz6.24","Carangidae","Seriola","hippos",907.23737,1850.48418,-28.0787,113.4414,20210512,09:07:00,"NPZ6","No-take","npz6.27",53.7,"Molly","Y","Y"
"2021-05_Abrolhos_stereo-BRUVs.npz6.24","2021-05_Abrolhos_stereo-BRUVs","npz6.24","Haemulidae","Diagramma","pictum labiosum",727.99501,4278.97071,-28.0787,113.4414,20210512,09:07:00,"NPZ6","No-take","npz6.27",53.7,"Molly","Y","Y"
"2021-05_Abrolhos_stereo-BRUVs.npz6.24","2021-05_Abrolhos_stereo-BRUVs","npz6.24","Labridae","Choerodon","rubescens",524.64544,3609.79469,-28.0787,113.4414,20210512,09:07:00,"NPZ6","No-take","npz6.27",53.7,"Molly","Y","Y"
"2021-05_Abrolhos_stereo-BRUVs.npz6.24","2021-05_Abrolhos_stereo-BRUVs","npz6.24","Labridae","Suezichthys","cyanolaemus",56.65307,1159.49761,-28.0787,113.4414,20210512,09:07:00,"NPZ6","No-take","npz6.27",53.7,"Molly","Y","Y"
"2021-05_Abrolhos_stereo-BRUVs.npz6.24","2021-05_Abrolhos_stereo-BRUVs","npz6.24","Lethrinidae","Lethrinus","miniatus",666.33792,5872.36234,-28.0787,113.4414,20210512,09:07:00,"NPZ6","No-take","npz6.27",53.7,"Molly","Y","Y"
"2021-05_Abrolhos_stereo-BRUVs.npz6.24","2021-05_Abrolhos_stereo-BRUVs","npz6.24","Lethrinidae","Lethrinus","miniatus",497.94464,1405.99177,-28.0787,113.4414,20210512,09:07:00,"NPZ6","No-take","npz6.27",53.7,"Molly","Y","Y"
"2021-05_Abrolhos_stereo-BRUVs.npz6.24","2021-05_Abrolhos_stereo-BRUVs","npz6.24","Lethrinidae","Lethrinus","miniatus",509.36811,1326.03032,-28.0787,113.4414,20210512,09:07:00,"NPZ6","No-take","npz6.27",53.7,"Molly","Y","Y"
"2021-05_Abrolhos_stereo-BRUVs.npz6.24","2021-05_Abrolhos_stereo-BRUVs","npz6.24","Lethrinidae","Lethrinus","miniatus",739.52625,7323.22765,-28.0787,113.4414,20210512,09:07:00,"NPZ6","No-take","npz6.27",53.7,"Molly","Y","Y"
"2021-05_Abrolhos_stereo-BRUVs.npz6.24","2021-05_Abrolhos_stereo-BRUVs","npz6.24","Lethrinidae","Lethrinus","miniatus",511.20783,1536.83765,-28.0787,113.4414,20210512,09:07:00,"NPZ6","No-take","npz6.27",53.7,"Molly","Y","Y"
"2021-05_Abrolhos_stereo-BRUVs.npz6.24","2021-05_Abrolhos_stereo-BRUVs","npz6.24","Lethrinidae","Lethrinus","miniatus",428.90428,2198.76608,-28.0787,113.4414,20210512,09:07:00,"NPZ6","No-take","npz6.27",53.7,"Molly","Y","Y"
"2021-05_Abrolhos_stereo-BRUVs.npz6.24","2021-05_Abrolhos_stereo-BRUVs","npz6.24","Mullidae","Parupeneus","spilurus",85.71134,1915.98746,-28.0787,113.4414,20210512,09:07:00,"NPZ6","No-take","npz6.27",53.7,"Molly","Y","Y"
"2021-05_Abrolhos_stereo-BRUVs.npz6.26","2021-05_Abrolhos_stereo-BRUVs","npz6.26","Carangidae","Carangoides","fulvoguttatus",671.26179,1416.762,-28.0937,113.4563,20210512,08:43:00,"NPZ6","No-take","npz6.29",33.7,"Molly","Y","Y"
"2021-05_Abrolhos_stereo-BRUVs.npz6.26","2021-05_Abrolhos_stereo-BRUVs","npz6.26","Labridae","Choerodon","rubescens",453.18111,2398.85343,-28.0937,113.4563,20210512,08:43:00,"NPZ6","No-take","npz6.29",33.7,"Molly","Y","Y"
"2021-05_Abrolhos_stereo-BRUVs.npz6.26","2021-05_Abrolhos_stereo-BRUVs","npz6.26","Labridae","Choerodon","rubescens",549.72377,4343.10518,-28.0937,113.4563,20210512,08:43:00,"NPZ6","No-take","npz6.29",33.7,"Molly","Y","Y"
"2021-05_Abrolhos_stereo-BRUVs.npz6.26","2021-05_Abrolhos_stereo-BRUVs","npz6.26","Labridae","Choerodon","rubescens",327.29853,2709.08874,-28.0937,113.4563,20210512,08:43:00,"NPZ6","No-take","npz6.29",33.7,"Molly","Y","Y"
"2021-05_Abrolhos_stereo-BRUVs.npz6.26","2021-05_Abrolhos_stereo-BRUVs","npz6.26","Labridae","Choerodon","rubescens",496.62623,3559.73136,-28.0937,113.4563,20210512,08:43:00,"NPZ6","No-take","npz6.29",33.7,"Molly","Y","Y"
"2021-05_Abrolhos_stereo-BRUVs.npz6.26","2021-05_Abrolhos_stereo-BRUVs","npz6.26","Labridae","Choerodon","rubescens",512.45867,4819.84516,-28.0937,113.4563,20210512,08:43:00,"NPZ6","No-take","npz6.29",33.7,"Molly","Y","Y"
"2021-05_Abrolhos_stereo-BRUVs.npz6.26","2021-05_Abrolhos_stereo-BRUVs","npz6.26","Lethrinidae","Lethrinus","miniatus",499.6861,5038.64278,-28.0937,113.4563,20210512,08:43:00,"NPZ6","No-take","npz6.29",33.7,"Molly","Y","Y"
"2021-05_Abrolhos_stereo-BRUVs.npz6.26","2021-05_Abrolhos_stereo-BRUVs","npz6.26","Lethrinidae","Lethrinus","miniatus",529.21933,2527.36855,-28.0937,113.4563,20210512,08:43:00,"NPZ6","No-take","npz6.29",33.7,"Molly","Y","Y"
"2021-05_Abrolhos_stereo-BRUVs.npz6.26","2021-05_Abrolhos_stereo-BRUVs","npz6.26","Lethrinidae","Lethrinus","miniatus",373.84421,1368.27609,-28.0937,113.4563,20210512,08:43:00,"NPZ6","No-take","npz6.29",33.7,"Molly","Y","Y"
"2021-05_Abrolhos_stereo-BRUVs.npz6.26","2021-05_Abrolhos_stereo-BRUVs","npz6.26","Lethrinidae","Lethrinus","miniatus",526.34461,875.47205,-28.0937,113.4563,20210512,08:43:00,"NPZ6","No-take","npz6.29",33.7,"Molly","Y","Y"
"2021-05_Abrolhos_stereo-BRUVs.npz6.26","2021-05_Abrolhos_stereo-BRUVs","npz6.26","Lethrinidae","Lethrinus","nebulosus",529.88138,4533.99517,-28.0937,113.4563,20210512,08:43:00,"NPZ6","No-take","npz6.29",33.7,"Molly","Y","Y"
"2021-05_Abrolhos_stereo-BRUVs.npz6.26","2021-05_Abrolhos_stereo-BRUVs","npz6.26","Lethrinidae","Lethrinus","nebulosus",607.13248,6799.00834,-28.0937,113.4563,20210512,08:43:00,"NPZ6","No-take","npz6.29",33.7,"Molly","Y","Y"
"2021-05_Abrolhos_stereo-BRUVs.npz6.26","2021-05_Abrolhos_stereo-BRUVs","npz6.26","Lethrinidae","Lethrinus","ravus",360.65307,1101.55707,-28.0937,113.4563,20210512,08:43:00,"NPZ6","No-take","npz6.29",33.7,"Molly","Y","Y"
"2021-05_Abrolhos_stereo-BRUVs.npz6.26","2021-05_Abrolhos_stereo-BRUVs","npz6.26","Lethrinidae","Lethrinus","ravus",311.13914,1354.95215,-28.0937,113.4563,20210512,08:43:00,"NPZ6","No-take","npz6.29",33.7,"Molly","Y","Y"
"2021-05_Abrolhos_stereo-BRUVs.npz6.26","2021-05_Abrolhos_stereo-BRUVs","npz6.26","Lethrinidae","Lethrinus","ravus",322.76686,878.35274,-28.0937,113.4563,20210512,08:43:00,"NPZ6","No-take","npz6.29",33.7,"Molly","Y","Y"
"2021-05_Abrolhos_stereo-BRUVs.npz6.26","2021-05_Abrolhos_stereo-BRUVs","npz6.26","Lethrinidae","Lethrinus","ravus",368.73025,2436.81599,-28.0937,113.4563,20210512,08:43:00,"NPZ6","No-take","npz6.29",33.7,"Molly","Y","Y"
"2021-05_Abrolhos_stereo-BRUVs.npz6.26","2021-05_Abrolhos_stereo-BRUVs","npz6.26","Sparidae","Chrysophrys","auratus",411.14198,1697.59707,-28.0937,113.4563,20210512,08:43:00,"NPZ6","No-take","npz6.29",33.7,"Molly","Y","Y"
"2021-05_Abrolhos_stereo-BRUVs.npz6.26","2021-05_Abrolhos_stereo-BRUVs","npz6.26","Sparidae","Chrysophrys","auratus",392.79292,1064.10597,-28.0937,113.4563,20210512,08:43:00,"NPZ6","No-take","npz6.29",33.7,"Molly","Y","Y"
"2021-05_Abrolhos_stereo-BRUVs.npz6.27","2021-05_Abrolhos_stereo-BRUVs","npz6.27","Carangidae","Seriola","hippos",937.32267,2216.02144,-28.0562,113.4464,20210512,09:21:00,"NPZ6","No-take","npz6.30",39,"Molly","Y","Y"
"2021-05_Abrolhos_stereo-BRUVs.npz6.27","2021-05_Abrolhos_stereo-BRUVs","npz6.27","Labridae","Choerodon","rubescens",384.58469,2081.1137,-28.0562,113.4464,20210512,09:21:00,"NPZ6","No-take","npz6.30",39,"Molly","Y","Y"
"2021-05_Abrolhos_stereo-BRUVs.npz6.27","2021-05_Abrolhos_stereo-BRUVs","npz6.27","Lethrinidae","Lethrinus","miniatus",501.68234,1467.64476,-28.0562,113.4464,20210512,09:21:00,"NPZ6","No-take","npz6.30",39,"Molly","Y","Y"
"2021-05_Abrolhos_stereo-BRUVs.npz6.27","2021-05_Abrolhos_stereo-BRUVs","npz6.27","Lethrinidae","Lethrinus","miniatus",303.77395,1197.58515,-28.0562,113.4464,20210512,09:21:00,"NPZ6","No-take","npz6.30",39,"Molly","Y","Y"
"2021-05_Abrolhos_stereo-BRUVs.npz6.27","2021-05_Abrolhos_stereo-BRUVs","npz6.27","Lethrinidae","Lethrinus","miniatus",405.6315,1272.11308,-28.0562,113.4464,20210512,09:21:00,"NPZ6","No-take","npz6.30",39,"Molly","Y","Y"
"2021-05_Abrolhos_stereo-BRUVs.npz6.27","2021-05_Abrolhos_stereo-BRUVs","npz6.27","Lethrinidae","Lethrinus","miniatus",378.49834,1340.76949,-28.0562,113.4464,20210512,09:21:00,"NPZ6","No-take","npz6.30",39,"Molly","Y","Y"
"2021-05_Abrolhos_stereo-BRUVs.npz6.27","2021-05_Abrolhos_stereo-BRUVs","npz6.27","Lethrinidae","Lethrinus","miniatus",284.14,1174.88553,-28.0562,113.4464,20210512,09:21:00,"NPZ6","No-take","npz6.30",39,"Molly","Y","Y"
"2021-05_Abrolhos_stereo-BRUVs.npz6.27","2021-05_Abrolhos_stereo-BRUVs","npz6.27","Lethrinidae","Lethrinus","miniatus",380.47538,1436.4294,-28.0562,113.4464,20210512,09:21:00,"NPZ6","No-take","npz6.30",39,"Molly","Y","Y"
"2021-05_Abrolhos_stereo-BRUVs.npz6.27","2021-05_Abrolhos_stereo-BRUVs","npz6.27","Lethrinidae","Lethrinus","nebulosus",725.27485,1097.08807,-28.0562,113.4464,20210512,09:21:00,"NPZ6","No-take","npz6.30",39,"Molly","Y","Y"
"2021-05_Abrolhos_stereo-BRUVs.npz6.27","2021-05_Abrolhos_stereo-BRUVs","npz6.27","Lethrinidae","Lethrinus","nebulosus",656.57803,1803.38229,-28.0562,113.4464,20210512,09:21:00,"NPZ6","No-take","npz6.30",39,"Molly","Y","Y"
"2021-05_Abrolhos_stereo-BRUVs.npz6.27","2021-05_Abrolhos_stereo-BRUVs","npz6.27","Lethrinidae","Lethrinus","nebulosus",663.63219,1419.62709,-28.0562,113.4464,20210512,09:21:00,"NPZ6","No-take","npz6.30",39,"Molly","Y","Y"
"2021-05_Abrolhos_stereo-BRUVs.npz6.28","2021-05_Abrolhos_stereo-BRUVs","npz6.28","Triakidae","Mustelus","spp",707.39895,1350.8778,-28.1237,113.3663,20210512,14:45:00,"NPZ6","Fished","out6.1",149,"Molly","Y","Y"
"2021-05_Abrolhos_stereo-BRUVs.npz6.36","2021-05_Abrolhos_stereo-BRUVs","npz6.36","Carangidae","Seriola","hippos",639.00148,2201.62386,-28.1062,113.4089,20210512,15:02:00,"NPZ6","Fished","out6.9",66.5,"Molly","Y","Y"
"2021-05_Abrolhos_stereo-BRUVs.npz6.36","2021-05_Abrolhos_stereo-BRUVs","npz6.36","Labridae","Choerodon","rubescens",418.81086,2404.82983,-28.1062,113.4089,20210512,15:02:00,"NPZ6","Fished","out6.9",66.5,"Molly","Y","Y"
"2021-05_Abrolhos_stereo-BRUVs.npz6.36","2021-05_Abrolhos_stereo-BRUVs","npz6.36","Lethrinidae","Lethrinus","miniatus",413.27859,1240.99286,-28.1062,113.4089,20210512,15:02:00,"NPZ6","Fished","out6.9",66.5,"Molly","Y","Y"
"2021-05_Abrolhos_stereo-BRUVs.npz6.36","2021-05_Abrolhos_stereo-BRUVs","npz6.36","Lethrinidae","Lethrinus","nebulosus",631.18795,999.89609,-28.1062,113.4089,20210512,15:02:00,"NPZ6","Fished","out6.9",66.5,"Molly","Y","Y"
"2021-05_Abrolhos_stereo-BRUVs.npz6.36","2021-05_Abrolhos_stereo-BRUVs","npz6.36","Lethrinidae","Lethrinus","nebulosus",571.17483,1196.93882,-28.1062,113.4089,20210512,15:02:00,"NPZ6","Fished","out6.9",66.5,"Molly","Y","Y"
"2021-05_Abrolhos_stereo-BRUVs.npz6.36","2021-05_Abrolhos_stereo-BRUVs","npz6.36","Serranidae","Epinephelus","rivulatus",265.70951,1664.5147,-28.1062,113.4089,20210512,15:02:00,"NPZ6","Fished","out6.9",66.5,"Molly","Y","Y"
"2021-05_Abrolhos_stereo-BRUVs.npz6.36","2021-05_Abrolhos_stereo-BRUVs","npz6.36","Sparidae","Chrysophrys","auratus",439.53165,816.18901,-28.1062,113.4089,20210512,15:02:00,"NPZ6","Fished","out6.9",66.5,"Molly","Y","Y"
"2021-05_Abrolhos_stereo-BRUVs.npz6.36","2021-05_Abrolhos_stereo-BRUVs","npz6.36","Sparidae","Chrysophrys","auratus",348.41815,1792.18263,-28.1062,113.4089,20210512,15:02:00,"NPZ6","Fished","out6.9",66.5,"Molly","Y","Y"
"2021-05_Abrolhos_stereo-BRUVs.npz6.36","2021-05_Abrolhos_stereo-BRUVs","npz6.36","Sparidae","Chrysophrys","auratus",472.38178,1496.64554,-28.1062,113.4089,20210512,15:02:00,"NPZ6","Fished","out6.9",66.5,"Molly","Y","Y"
"2021-05_Abrolhos_stereo-BRUVs.npz6.36","2021-05_Abrolhos_stereo-BRUVs","npz6.36","Sparidae","Chrysophrys","auratus",488.43062,1013.68096,-28.1062,113.4089,20210512,15:02:00,"NPZ6","Fished","out6.9",66.5,"Molly","Y","Y"
"2021-05_Abrolhos_stereo-BRUVs.npz6.36","2021-05_Abrolhos_stereo-BRUVs","npz6.36","Sparidae","Chrysophrys","auratus",357.45173,1557.2011,-28.1062,113.4089,20210512,15:02:00,"NPZ6","Fished","out6.9",66.5,"Molly","Y","Y"
"2021-05_Abrolhos_stereo-BRUVs.npz6.36","2021-05_Abrolhos_stereo-BRUVs","npz6.36","Sparidae","Chrysophrys","auratus",327.8511,1305.94022,-28.1062,113.4089,20210512,15:02:00,"NPZ6","Fished","out6.9",66.5,"Molly","Y","Y"
"2021-05_Abrolhos_stereo-BRUVs.npz6.36","2021-05_Abrolhos_stereo-BRUVs","npz6.36","Sparidae","Chrysophrys","auratus",320.68717,1626.48087,-28.1062,113.4089,20210512,15:02:00,"NPZ6","Fished","out6.9",66.5,"Molly","Y","Y"
"2021-05_Abrolhos_stereo-BRUVs.npz6.36","2021-05_Abrolhos_stereo-BRUVs","npz6.36","Sparidae","Chrysophrys","auratus",394.84071,1458.59866,-28.1062,113.4089,20210512,15:02:00,"NPZ6","Fished","out6.9",66.5,"Molly","Y","Y"
"2021-05_Abrolhos_stereo-BRUVs.npz6.4","2021-05_Abrolhos_stereo-BRUVs","npz6.4","Carangidae","Seriola","hippos",561.44626,1640.7943,-28.0814,113.3988,20210512,10:57:00,"NPZ6","No-take","npz6.4",67.5,"Molly","Y","Y"
"2021-05_Abrolhos_stereo-BRUVs.npz6.4","2021-05_Abrolhos_stereo-BRUVs","npz6.4","Carcharhinidae","Carcharhinus","plumbeus",909.80678,1618.43232,-28.0814,113.3988,20210512,10:57:00,"NPZ6","No-take","npz6.4",67.5,"Molly","Y","Y"
"2021-05_Abrolhos_stereo-BRUVs.npz6.4","2021-05_Abrolhos_stereo-BRUVs","npz6.4","Labridae","Bodianus","solatus",350.64371,2881.2785,-28.0814,113.3988,20210512,10:57:00,"NPZ6","No-take","npz6.4",67.5,"Molly","Y","Y"
"2021-05_Abrolhos_stereo-BRUVs.npz6.4","2021-05_Abrolhos_stereo-BRUVs","npz6.4","Labridae","Coris","auricularis",182.06122,1681.12519,-28.0814,113.3988,20210512,10:57:00,"NPZ6","No-take","npz6.4",67.5,"Molly","Y","Y"
"2021-05_Abrolhos_stereo-BRUVs.npz6.4","2021-05_Abrolhos_stereo-BRUVs","npz6.4","Labridae","Coris","auricularis",134.61961,1813.82164,-28.0814,113.3988,20210512,10:57:00,"NPZ6","No-take","npz6.4",67.5,"Molly","Y","Y"
"2021-05_Abrolhos_stereo-BRUVs.npz6.4","2021-05_Abrolhos_stereo-BRUVs","npz6.4","Labridae","Coris","auricularis",187.70427,1790.11598,-28.0814,113.3988,20210512,10:57:00,"NPZ6","No-take","npz6.4",67.5,"Molly","Y","Y"
"2021-05_Abrolhos_stereo-BRUVs.npz6.4","2021-05_Abrolhos_stereo-BRUVs","npz6.4","Labridae","Coris","auricularis",212.97957,1368.40375,-28.0814,113.3988,20210512,10:57:00,"NPZ6","No-take","npz6.4",67.5,"Molly","Y","Y"
"2021-05_Abrolhos_stereo-BRUVs.npz6.4","2021-05_Abrolhos_stereo-BRUVs","npz6.4","Labridae","Coris","auricularis",137.25336,1881.40332,-28.0814,113.3988,20210512,10:57:00,"NPZ6","No-take","npz6.4",67.5,"Molly","Y","Y"
"2021-05_Abrolhos_stereo-BRUVs.npz6.4","2021-05_Abrolhos_stereo-BRUVs","npz6.4","Labridae","Coris","auricularis",155.88169,1841.45998,-28.0814,113.3988,20210512,10:57:00,"NPZ6","No-take","npz6.4",67.5,"Molly","Y","Y"
"2021-05_Abrolhos_stereo-BRUVs.npz6.4","2021-05_Abrolhos_stereo-BRUVs","npz6.4","Lethrinidae","Lethrinus","miniatus",526.22271,1560.95475,-28.0814,113.3988,20210512,10:57:00,"NPZ6","No-take","npz6.4",67.5,"Molly","Y","Y"
"2021-05_Abrolhos_stereo-BRUVs.npz6.4","2021-05_Abrolhos_stereo-BRUVs","npz6.4","Lethrinidae","Lethrinus","miniatus",420.63666,1771.41759,-28.0814,113.3988,20210512,10:57:00,"NPZ6","No-take","npz6.4",67.5,"Molly","Y","Y"
"2021-05_Abrolhos_stereo-BRUVs.npz6.4","2021-05_Abrolhos_stereo-BRUVs","npz6.4","Lethrinidae","Lethrinus","nebulosus",587.61143,1542.42887,-28.0814,113.3988,20210512,10:57:00,"NPZ6","No-take","npz6.4",67.5,"Molly","Y","Y"
"2021-05_Abrolhos_stereo-BRUVs.npz6.4","2021-05_Abrolhos_stereo-BRUVs","npz6.4","Lethrinidae","Lethrinus","nebulosus",546.28104,1419.50563,-28.0814,113.3988,20210512,10:57:00,"NPZ6","No-take","npz6.4",67.5,"Molly","Y","Y"
"2021-05_Abrolhos_stereo-BRUVs.npz6.4","2021-05_Abrolhos_stereo-BRUVs","npz6.4","Nemipteridae","Pentapodus","nagasakiensis",156.96267,1169.5637,-28.0814,113.3988,20210512,10:57:00,"NPZ6","No-take","npz6.4",67.5,"Molly","Y","Y"
"2021-05_Abrolhos_stereo-BRUVs.npz6.4","2021-05_Abrolhos_stereo-BRUVs","npz6.4","Nemipteridae","Pentapodus","spp",68.48464,910.24489,-28.0814,113.3988,20210512,10:57:00,"NPZ6","No-take","npz6.4",67.5,"Molly","Y","Y"
"2021-05_Abrolhos_stereo-BRUVs.npz6.4","2021-05_Abrolhos_stereo-BRUVs","npz6.4","Pinguipedidae","Parapercis","nebulosa",90.07812,2018.68572,-28.0814,113.3988,20210512,10:57:00,"NPZ6","No-take","npz6.4",67.5,"Molly","Y","Y"
"2021-05_Abrolhos_stereo-BRUVs.npz6.4","2021-05_Abrolhos_stereo-BRUVs","npz6.4","Serranidae","Epinephelus","rivulatus",267.81472,1746.64876,-28.0814,113.3988,20210512,10:57:00,"NPZ6","No-take","npz6.4",67.5,"Molly","Y","Y"
"2021-05_Abrolhos_stereo-BRUVs.npz6.4","2021-05_Abrolhos_stereo-BRUVs","npz6.4","Sparidae","Chrysophrys","auratus",387.93766,1407.7827,-28.0814,113.3988,20210512,10:57:00,"NPZ6","No-take","npz6.4",67.5,"Molly","Y","Y"
"2021-05_Abrolhos_stereo-BRUVs.npz6.4","2021-05_Abrolhos_stereo-BRUVs","npz6.4","Sparidae","Chrysophrys","auratus",289.02218,1244.45031,-28.0814,113.3988,20210512,10:57:00,"NPZ6","No-take","npz6.4",67.5,"Molly","Y","Y"
"2021-05_Abrolhos_stereo-BRUVs.npz6.4","2021-05_Abrolhos_stereo-BRUVs","npz6.4","Sparidae","Chrysophrys","auratus",352.35497,1046.27834,-28.0814,113.3988,20210512,10:57:00,"NPZ6","No-take","npz6.4",67.5,"Molly","Y","Y"
"2021-05_Abrolhos_stereo-BRUVs.npz6.4","2021-05_Abrolhos_stereo-BRUVs","npz6.4","Sparidae","Chrysophrys","auratus",347.60052,1722.2863,-28.0814,113.3988,20210512,10:57:00,"NPZ6","No-take","npz6.4",67.5,"Molly","Y","Y"
"2021-05_Abrolhos_stereo-BRUVs.npz6.4","2021-05_Abrolhos_stereo-BRUVs","npz6.4","Sparidae","Chrysophrys","auratus",372.04727,1432.58152,-28.0814,113.3988,20210512,10:57:00,"NPZ6","No-take","npz6.4",67.5,"Molly","Y","Y"
"2021-05_Abrolhos_stereo-BRUVs.npz6.4","2021-05_Abrolhos_stereo-BRUVs","npz6.4","Sparidae","Chrysophrys","auratus",338.54933,1660.8567,-28.0814,113.3988,20210512,10:57:00,"NPZ6","No-take","npz6.4",67.5,"Molly","Y","Y"
"2021-05_Abrolhos_stereo-BRUVs.npz6.4","2021-05_Abrolhos_stereo-BRUVs","npz6.4","Sparidae","Chrysophrys","auratus",353.94789,1243.1108,-28.0814,113.3988,20210512,10:57:00,"NPZ6","No-take","npz6.4",67.5,"Molly","Y","Y"
"2021-05_Abrolhos_stereo-BRUVs.npz6.4","2021-05_Abrolhos_stereo-BRUVs","npz6.4","Sparidae","Chrysophrys","auratus",520.51751,1113.3055,-28.0814,113.3988,20210512,10:57:00,"NPZ6","No-take","npz6.4",67.5,"Molly","Y","Y"
"2021-05_Abrolhos_stereo-BRUVs.npz6.4","2021-05_Abrolhos_stereo-BRUVs","npz6.4","Sparidae","Chrysophrys","auratus",431.36359,1268.94942,-28.0814,113.3988,20210512,10:57:00,"NPZ6","No-take","npz6.4",67.5,"Molly","Y","Y"
"2021-05_Abrolhos_stereo-BRUVs.npz6.4","2021-05_Abrolhos_stereo-BRUVs","npz6.4","Sparidae","Chrysophrys","auratus",317.65758,1263.47644,-28.0814,113.3988,20210512,10:57:00,"NPZ6","No-take","npz6.4",67.5,"Molly","Y","Y"
"2021-05_Abrolhos_stereo-BRUVs.npz6.4","2021-05_Abrolhos_stereo-BRUVs","npz6.4","Sparidae","Chrysophrys","auratus",381.14257,1469.81013,-28.0814,113.3988,20210512,10:57:00,"NPZ6","No-take","npz6.4",67.5,"Molly","Y","Y"
"2021-05_Abrolhos_stereo-BRUVs.npz6.4","2021-05_Abrolhos_stereo-BRUVs","npz6.4","Sparidae","Chrysophrys","auratus",354.6237,1385.65723,-28.0814,113.3988,20210512,10:57:00,"NPZ6","No-take","npz6.4",67.5,"Molly","Y","Y"
"2021-05_Abrolhos_stereo-BRUVs.npz6.4","2021-05_Abrolhos_stereo-BRUVs","npz6.4","Sparidae","Chrysophrys","auratus",365.16709,1674.16033,-28.0814,113.3988,20210512,10:57:00,"NPZ6","No-take","npz6.4",67.5,"Molly","Y","Y"
"2021-05_Abrolhos_stereo-BRUVs.npz6.4","2021-05_Abrolhos_stereo-BRUVs","npz6.4","Sparidae","Chrysophrys","auratus",441.12149,1177.34759,-28.0814,113.3988,20210512,10:57:00,"NPZ6","No-take","npz6.4",67.5,"Molly","Y","Y"
"2021-05_Abrolhos_stereo-BRUVs.npz6.4","2021-05_Abrolhos_stereo-BRUVs","npz6.4","Sparidae","Chrysophrys","auratus",510.92299,1208.86742,-28.0814,113.3988,20210512,10:57:00,"NPZ6","No-take","npz6.4",67.5,"Molly","Y","Y"
"2021-05_Abrolhos_stereo-BRUVs.npz6.5","2021-05_Abrolhos_stereo-BRUVs","npz6.5","Labridae","Choerodon","rubescens",416.00359,2323.23471,-28.0636,113.3935,20210512,10:50:00,"NPZ6","No-take","npz6.5",65.8,"Molly","Y","Y"
"2021-05_Abrolhos_stereo-BRUVs.npz6.5","2021-05_Abrolhos_stereo-BRUVs","npz6.5","Labridae","Choerodon","rubescens",306.31041,2769.59791,-28.0636,113.3935,20210512,10:50:00,"NPZ6","No-take","npz6.5",65.8,"Molly","Y","Y"
"2021-05_Abrolhos_stereo-BRUVs.npz6.5","2021-05_Abrolhos_stereo-BRUVs","npz6.5","Lethrinidae","Lethrinus","nebulosus",534.90751,1526.299,-28.0636,113.3935,20210512,10:50:00,"NPZ6","No-take","npz6.5",65.8,"Molly","Y","Y"
"2021-05_Abrolhos_stereo-BRUVs.npz6.5","2021-05_Abrolhos_stereo-BRUVs","npz6.5","Lethrinidae","Lethrinus","nebulosus",589.76914,2876.30134,-28.0636,113.3935,20210512,10:50:00,"NPZ6","No-take","npz6.5",65.8,"Molly","Y","Y"
"2021-05_Abrolhos_stereo-BRUVs.npz6.5","2021-05_Abrolhos_stereo-BRUVs","npz6.5","Sparidae","Chrysophrys","auratus",524.01706,1507.99549,-28.0636,113.3935,20210512,10:50:00,"NPZ6","No-take","npz6.5",65.8,"Molly","Y","Y"
"2021-05_Abrolhos_stereo-BRUVs.npz6.5","2021-05_Abrolhos_stereo-BRUVs","npz6.5","Sparidae","Chrysophrys","auratus",451.67371,2485.28894,-28.0636,113.3935,20210512,10:50:00,"NPZ6","No-take","npz6.5",65.8,"Molly","Y","Y"
"2021-05_Abrolhos_stereo-BRUVs.npz6.5","2021-05_Abrolhos_stereo-BRUVs","npz6.5","Sparidae","Chrysophrys","auratus",505.88124,1848.38833,-28.0636,113.3935,20210512,10:50:00,"NPZ6","No-take","npz6.5",65.8,"Molly","Y","Y"
"2021-05_Abrolhos_stereo-BRUVs.npz6.6","2021-05_Abrolhos_stereo-BRUVs","npz6.6","Carangidae","Seriola","hippos",866.70427,1664.37116,-28.0837,113.4439,20210512,09:04:00,"NPZ6","No-take","npz6.6",55.1,"Molly","Y","Y"
"2021-05_Abrolhos_stereo-BRUVs.npz6.6","2021-05_Abrolhos_stereo-BRUVs","npz6.6","Haemulidae","Diagramma","pictum labiosum",507.025,2210.99943,-28.0837,113.4439,20210512,09:04:00,"NPZ6","No-take","npz6.6",55.1,"Molly","Y","Y"
"2021-05_Abrolhos_stereo-BRUVs.npz6.6","2021-05_Abrolhos_stereo-BRUVs","npz6.6","Labridae","Choerodon","rubescens",398.09802,4071.59463,-28.0837,113.4439,20210512,09:04:00,"NPZ6","No-take","npz6.6",55.1,"Molly","Y","Y"
"2021-05_Abrolhos_stereo-BRUVs.npz6.6","2021-05_Abrolhos_stereo-BRUVs","npz6.6","Lethrinidae","Lethrinus","miniatus",441.42577,3980.94655,-28.0837,113.4439,20210512,09:04:00,"NPZ6","No-take","npz6.6",55.1,"Molly","Y","Y"
"2021-05_Abrolhos_stereo-BRUVs.npz6.6","2021-05_Abrolhos_stereo-BRUVs","npz6.6","Lethrinidae","Lethrinus","miniatus",429.51379,1406.35536,-28.0837,113.4439,20210512,09:04:00,"NPZ6","No-take","npz6.6",55.1,"Molly","Y","Y"
"2021-05_Abrolhos_stereo-BRUVs.npz6.6","2021-05_Abrolhos_stereo-BRUVs","npz6.6","Lethrinidae","Lethrinus","miniatus",359.75067,2829.74094,-28.0837,113.4439,20210512,09:04:00,"NPZ6","No-take","npz6.6",55.1,"Molly","Y","Y"
"2021-05_Abrolhos_stereo-BRUVs.npz6.6","2021-05_Abrolhos_stereo-BRUVs","npz6.6","Lethrinidae","Lethrinus","miniatus",332.40739,1392.26478,-28.0837,113.4439,20210512,09:04:00,"NPZ6","No-take","npz6.6",55.1,"Molly","Y","Y"
"2021-05_Abrolhos_stereo-BRUVs.npz6.6","2021-05_Abrolhos_stereo-BRUVs","npz6.6","Lethrinidae","Lethrinus","miniatus",481.73013,1851.09401,-28.0837,113.4439,20210512,09:04:00,"NPZ6","No-take","npz6.6",55.1,"Molly","Y","Y"
"2021-05_Abrolhos_stereo-BRUVs.npz6.6","2021-05_Abrolhos_stereo-BRUVs","npz6.6","Lethrinidae","Lethrinus","miniatus",376.10889,1366.36873,-28.0837,113.4439,20210512,09:04:00,"NPZ6","No-take","npz6.6",55.1,"Molly","Y","Y"
"2021-05_Abrolhos_stereo-BRUVs.npz6.6","2021-05_Abrolhos_stereo-BRUVs","npz6.6","Lethrinidae","Lethrinus","miniatus",338.49525,1808.37861,-28.0837,113.4439,20210512,09:04:00,"NPZ6","No-take","npz6.6",55.1,"Molly","Y","Y"
"2021-05_Abrolhos_stereo-BRUVs.npz6.6","2021-05_Abrolhos_stereo-BRUVs","npz6.6","Lethrinidae","Lethrinus","miniatus",443.71013,1451.72069,-28.0837,113.4439,20210512,09:04:00,"NPZ6","No-take","npz6.6",55.1,"Molly","Y","Y"
"2021-05_Abrolhos_stereo-BRUVs.npz6.6","2021-05_Abrolhos_stereo-BRUVs","npz6.6","Lethrinidae","Lethrinus","miniatus",457.45759,1352.11543,-28.0837,113.4439,20210512,09:04:00,"NPZ6","No-take","npz6.6",55.1,"Molly","Y","Y"
"2021-05_Abrolhos_stereo-BRUVs.npz6.6","2021-05_Abrolhos_stereo-BRUVs","npz6.6","Lethrinidae","Lethrinus","miniatus",479.76219,2302.06792,-28.0837,113.4439,20210512,09:04:00,"NPZ6","No-take","npz6.6",55.1,"Molly","Y","Y"
"2021-05_Abrolhos_stereo-BRUVs.npz6.6","2021-05_Abrolhos_stereo-BRUVs","npz6.6","Lethrinidae","Lethrinus","nebulosus",581.84305,1639.39679,-28.0837,113.4439,20210512,09:04:00,"NPZ6","No-take","npz6.6",55.1,"Molly","Y","Y"
"2021-05_Abrolhos_stereo-BRUVs.npz6.8","2021-05_Abrolhos_stereo-BRUVs","npz6.8","Carcharhinidae","Carcharhinus","spp",588.73446,1153.09475,-28.0688,113.3413,20210512,11:45:00,"NPZ6","No-take","npz6.8",154,"Molly","Y","Y"
"2021-05_Abrolhos_stereo-BRUVs.npz6.8","2021-05_Abrolhos_stereo-BRUVs","npz6.8","Sphyrnidae","Sphyrna","lewini",1415.52164,2816.51463,-28.0688,113.3413,20210512,11:45:00,"NPZ6","No-take","npz6.8",154,"Molly","Y","Y"
"2021-05_Abrolhos_stereo-BRUVs.npz6.9","2021-05_Abrolhos_stereo-BRUVs","npz6.9","Lethrinidae","Lethrinus","miniatus",395.80715,1102.13758,-28.0386,113.3814,20210512,11:28:00,"NPZ6","No-take","npz6.9",77.2,"Molly","Y","Y"
"2021-05_Abrolhos_stereo-BRUVs.npz6.9","2021-05_Abrolhos_stereo-BRUVs","npz6.9","Lethrinidae","Lethrinus","nebulosus",485.58074,1645.72328,-28.0386,113.3814,20210512,11:28:00,"NPZ6","No-take","npz6.9",77.2,"Molly","Y","Y"
"2021-05_Abrolhos_stereo-BRUVs.npz6.9","2021-05_Abrolhos_stereo-BRUVs","npz6.9","Sparidae","Chrysophrys","auratus",335.465,909.44304,-28.0386,113.3814,20210512,11:28:00,"NPZ6","No-take","npz6.9",77.2,"Molly","Y","Y"
"2021-05_Abrolhos_stereo-BRUVs.npz6.9","2021-05_Abrolhos_stereo-BRUVs","npz6.9","Sparidae","Chrysophrys","auratus",469.70334,984.06875,-28.0386,113.3814,20210512,11:28:00,"NPZ6","No-take","npz6.9",77.2,"Molly","Y","Y"
"2021-05_Abrolhos_stereo-BRUVs.npz6.9","2021-05_Abrolhos_stereo-BRUVs","npz6.9","Sparidae","Chrysophrys","auratus",388.27761,1216.80332,-28.0386,113.3814,20210512,11:28:00,"NPZ6","No-take","npz6.9",77.2,"Molly","Y","Y"
"2021-05_Abrolhos_stereo-BRUVs.npz6.9","2021-05_Abrolhos_stereo-BRUVs","npz6.9","Sparidae","Chrysophrys","auratus",382.6499,1287.42576,-28.0386,113.3814,20210512,11:28:00,"NPZ6","No-take","npz6.9",77.2,"Molly","Y","Y"
"2021-05_Abrolhos_stereo-BRUVs.npz6.9","2021-05_Abrolhos_stereo-BRUVs","npz6.9","Sparidae","Chrysophrys","auratus",391.08249,1871.76217,-28.0386,113.3814,20210512,11:28:00,"NPZ6","No-take","npz6.9",77.2,"Molly","Y","Y"
"2021-05_Abrolhos_stereo-BRUVs.npz6.9","2021-05_Abrolhos_stereo-BRUVs","npz6.9","Sparidae","Chrysophrys","auratus",405.80423,1275.49978,-28.0386,113.3814,20210512,11:28:00,"NPZ6","No-take","npz6.9",77.2,"Molly","Y","Y"
"2021-05_Abrolhos_stereo-BRUVs.npz6.9","2021-05_Abrolhos_stereo-BRUVs","npz6.9","Sparidae","Chrysophrys","auratus",415.17258,1508.9369,-28.0386,113.3814,20210512,11:28:00,"NPZ6","No-take","npz6.9",77.2,"Molly","Y","Y"
"2021-05_Abrolhos_stereo-BRUVs.npz6.9","2021-05_Abrolhos_stereo-BRUVs","npz6.9","Sparidae","Chrysophrys","auratus",415.44011,1384.43939,-28.0386,113.3814,20210512,11:28:00,"NPZ6","No-take","npz6.9",77.2,"Molly","Y","Y"
"2021-05_Abrolhos_stereo-BRUVs.npz6.9","2021-05_Abrolhos_stereo-BRUVs","npz6.9","Sparidae","Chrysophrys","auratus",412.15771,1184.32845,-28.0386,113.3814,20210512,11:28:00,"NPZ6","No-take","npz6.9",77.2,"Molly","Y","Y"
"2021-05_Abrolhos_stereo-BRUVs.npz6.9","2021-05_Abrolhos_stereo-BRUVs","npz6.9","Sparidae","Chrysophrys","auratus",353.66438,1236.30592,-28.0386,113.3814,20210512,11:28:00,"NPZ6","No-take","npz6.9",77.2,"Molly","Y","Y"
"2021-05_Abrolhos_stereo-BRUVs.npz6.9","2021-05_Abrolhos_stereo-BRUVs","npz6.9","Sparidae","Chrysophrys","auratus",327.60168,1070.98569,-28.0386,113.3814,20210512,11:28:00,"NPZ6","No-take","npz6.9",77.2,"Molly","Y","Y"
"2021-05_Abrolhos_stereo-BRUVs.npz6.BOSS41","2021-05_Abrolhos_stereo-BRUVs","npz6.BOSS41","Carangidae","Seriola","dumerili",650.77287,2245.57106,-28.1137,113.3939,20210512,14:57:00,"NPZ6","Fished","NA",104,"Molly","Y","Y"
"2021-05_Abrolhos_stereo-BRUVs.npz6.BOSS41","2021-05_Abrolhos_stereo-BRUVs","npz6.BOSS41","Carangidae","Seriola","hippos",868.26922,3767.1113,-28.1137,113.3939,20210512,14:57:00,"NPZ6","Fished","NA",104,"Molly","Y","Y"
"2021-05_Abrolhos_stereo-BRUVs.npz6.BOSS41","2021-05_Abrolhos_stereo-BRUVs","npz6.BOSS41","Carangidae","Seriola","hippos",969.63202,4568.86684,-28.1137,113.3939,20210512,14:57:00,"NPZ6","Fished","NA",104,"Molly","Y","Y"
"2021-05_Abrolhos_stereo-BRUVs.npz6.BOSS41","2021-05_Abrolhos_stereo-BRUVs","npz6.BOSS41","Sparidae","Chrysophrys","auratus",430.05255,2106.97533,-28.1137,113.3939,20210512,14:57:00,"NPZ6","Fished","NA",104,"Molly","Y","Y"
"2021-05_Abrolhos_stereo-BRUVs.npz6.BOSS41","2021-05_Abrolhos_stereo-BRUVs","npz6.BOSS41","Sparidae","Chrysophrys","auratus",348.42562,1620.0899,-28.1137,113.3939,20210512,14:57:00,"NPZ6","Fished","NA",104,"Molly","Y","Y"
"2021-05_Abrolhos_stereo-BRUVs.npz6.BOSS41","2021-05_Abrolhos_stereo-BRUVs","npz6.BOSS41","Sparidae","Chrysophrys","auratus",490.83695,1350.08869,-28.1137,113.3939,20210512,14:57:00,"NPZ6","Fished","NA",104,"Molly","Y","Y"
"2021-05_Abrolhos_stereo-BRUVs.npz6.C01","2021-05_Abrolhos_stereo-BRUVs","npz6.C01","Rhinidae","Rhynchobatus","australiae",995.8047,1855.42306,-28.1078,113.3706,20210512,14:39:00,"NPZ6","Fished","NA",138,"Molly","Y","Y"
"2021-05_Abrolhos_stereo-BRUVs.npz6.C01","2021-05_Abrolhos_stereo-BRUVs","npz6.C01","Sparidae","Chrysophrys","auratus",318.43498,1335.57502,-28.1078,113.3706,20210512,14:39:00,"NPZ6","Fished","NA",138,"Molly","Y","Y"
"2021-05_Abrolhos_stereo-BRUVs.npz6.C01","2021-05_Abrolhos_stereo-BRUVs","npz6.C01","Tetraodontidae","Lagocephalus","sceleratus",383.44091,1917.00632,-28.1078,113.3706,20210512,14:39:00,"NPZ6","Fished","NA",138,"Molly","Y","Y"
"2021-05_Abrolhos_stereo-BRUVs.npz6.C01","2021-05_Abrolhos_stereo-BRUVs","npz6.C01","Tetraodontidae","Lagocephalus","sceleratus",454.365,1884.32688,-28.1078,113.3706,20210512,14:39:00,"NPZ6","Fished","NA",138,"Molly","Y","Y"
"2021-05_Abrolhos_stereo-BRUVs.npz6.C01","2021-05_Abrolhos_stereo-BRUVs","npz6.C01","Triakidae","Mustelus","spp",764.30915,1057.91797,-28.1078,113.3706,20210512,14:39:00,"NPZ6","Fished","NA",138,"Molly","Y","Y"
"2021-05_Abrolhos_stereo-BRUVs.npz9.1","2021-05_Abrolhos_stereo-BRUVs","npz9.1","Labridae","Bodianus","solatus",296.2177,1616.66531,-27.0962,113.0863,20210515,13:43:00,"NPZ9","No-take","npz9.1",116,"Molly","Y","Y"
"2021-05_Abrolhos_stereo-BRUVs.npz9.1","2021-05_Abrolhos_stereo-BRUVs","npz9.1","Lethrinidae","Lethrinus","miniatus",526.43035,1349.64995,-27.0962,113.0863,20210515,13:43:00,"NPZ9","No-take","npz9.1",116,"Molly","Y","Y"
"2021-05_Abrolhos_stereo-BRUVs.npz9.1","2021-05_Abrolhos_stereo-BRUVs","npz9.1","Lethrinidae","Lethrinus","miniatus",457.2279,1915.7041,-27.0962,113.0863,20210515,13:43:00,"NPZ9","No-take","npz9.1",116,"Molly","Y","Y"
"2021-05_Abrolhos_stereo-BRUVs.npz9.1","2021-05_Abrolhos_stereo-BRUVs","npz9.1","Lethrinidae","Lethrinus","miniatus",485.59175,1194.30321,-27.0962,113.0863,20210515,13:43:00,"NPZ9","No-take","npz9.1",116,"Molly","Y","Y"
"2021-05_Abrolhos_stereo-BRUVs.npz9.1","2021-05_Abrolhos_stereo-BRUVs","npz9.1","Lutjanidae","Pristipomoides","multidens",439.62269,1874.74692,-27.0962,113.0863,20210515,13:43:00,"NPZ9","No-take","npz9.1",116,"Molly","Y","Y"
"2021-05_Abrolhos_stereo-BRUVs.npz9.1","2021-05_Abrolhos_stereo-BRUVs","npz9.1","Lutjanidae","Pristipomoides","multidens",493.42967,2030.29266,-27.0962,113.0863,20210515,13:43:00,"NPZ9","No-take","npz9.1",116,"Molly","Y","Y"
"2021-05_Abrolhos_stereo-BRUVs.npz9.1","2021-05_Abrolhos_stereo-BRUVs","npz9.1","Lutjanidae","Pristipomoides","multidens",470.17065,1802.34112,-27.0962,113.0863,20210515,13:43:00,"NPZ9","No-take","npz9.1",116,"Molly","Y","Y"
"2021-05_Abrolhos_stereo-BRUVs.npz9.1","2021-05_Abrolhos_stereo-BRUVs","npz9.1","Lutjanidae","Pristipomoides","typus",447.982,2018.50689,-27.0962,113.0863,20210515,13:43:00,"NPZ9","No-take","npz9.1",116,"Molly","Y","Y"
"2021-05_Abrolhos_stereo-BRUVs.npz9.1","2021-05_Abrolhos_stereo-BRUVs","npz9.1","Serranidae","Epinephelus","areolatus",401.69513,2145.87458,-27.0962,113.0863,20210515,13:43:00,"NPZ9","No-take","npz9.1",116,"Molly","Y","Y"
"2021-05_Abrolhos_stereo-BRUVs.npz9.1","2021-05_Abrolhos_stereo-BRUVs","npz9.1","Sparidae","Chrysophrys","auratus",341.8734,1373.49517,-27.0962,113.0863,20210515,13:43:00,"NPZ9","No-take","npz9.1",116,"Molly","Y","Y"
"2021-05_Abrolhos_stereo-BRUVs.npz9.10","2021-05_Abrolhos_stereo-BRUVs","npz9.10","Carangidae","Decapterus","spp",306.80249,3564.43245,-27.1638,113.1565,20210515,10:36:00,"NPZ9","No-take","npz9.10",93.6,"Molly","Y","Y"
"2021-05_Abrolhos_stereo-BRUVs.npz9.10","2021-05_Abrolhos_stereo-BRUVs","npz9.10","Carangidae","Decapterus","spp",284.75635,3506.45973,-27.1638,113.1565,20210515,10:36:00,"NPZ9","No-take","npz9.10",93.6,"Molly","Y","Y"
"2021-05_Abrolhos_stereo-BRUVs.npz9.10","2021-05_Abrolhos_stereo-BRUVs","npz9.10","Carangidae","Decapterus","spp",300.22029,3104.93042,-27.1638,113.1565,20210515,10:36:00,"NPZ9","No-take","npz9.10",93.6,"Molly","Y","Y"
"2021-05_Abrolhos_stereo-BRUVs.npz9.10","2021-05_Abrolhos_stereo-BRUVs","npz9.10","Carangidae","Pseudocaranx","spp",424.08063,2095.30399,-27.1638,113.1565,20210515,10:36:00,"NPZ9","No-take","npz9.10",93.6,"Molly","Y","Y"
"2021-05_Abrolhos_stereo-BRUVs.npz9.10","2021-05_Abrolhos_stereo-BRUVs","npz9.10","Carangidae","Pseudocaranx","spp",380.84272,1800.08111,-27.1638,113.1565,20210515,10:36:00,"NPZ9","No-take","npz9.10",93.6,"Molly","Y","Y"
"2021-05_Abrolhos_stereo-BRUVs.npz9.10","2021-05_Abrolhos_stereo-BRUVs","npz9.10","Carangidae","Seriola","dumerili",423.7633,1705.68873,-27.1638,113.1565,20210515,10:36:00,"NPZ9","No-take","npz9.10",93.6,"Molly","Y","Y"
"2021-05_Abrolhos_stereo-BRUVs.npz9.10","2021-05_Abrolhos_stereo-BRUVs","npz9.10","Carangidae","Seriola","dumerili",423.03318,1762.09268,-27.1638,113.1565,20210515,10:36:00,"NPZ9","No-take","npz9.10",93.6,"Molly","Y","Y"
"2021-05_Abrolhos_stereo-BRUVs.npz9.10","2021-05_Abrolhos_stereo-BRUVs","npz9.10","Carangidae","Seriola","dumerili",390.10048,1594.76759,-27.1638,113.1565,20210515,10:36:00,"NPZ9","No-take","npz9.10",93.6,"Molly","Y","Y"
"2021-05_Abrolhos_stereo-BRUVs.npz9.10","2021-05_Abrolhos_stereo-BRUVs","npz9.10","Carangidae","Seriola","dumerili",388.6405,1629.66028,-27.1638,113.1565,20210515,10:36:00,"NPZ9","No-take","npz9.10",93.6,"Molly","Y","Y"
"2021-05_Abrolhos_stereo-BRUVs.npz9.10","2021-05_Abrolhos_stereo-BRUVs","npz9.10","Carangidae","Seriola","dumerili",446.11875,1891.3607,-27.1638,113.1565,20210515,10:36:00,"NPZ9","No-take","npz9.10",93.6,"Molly","Y","Y"
"2021-05_Abrolhos_stereo-BRUVs.npz9.10","2021-05_Abrolhos_stereo-BRUVs","npz9.10","Haemulidae","Diagramma","pictum labiosum",554.23513,2617.12333,-27.1638,113.1565,20210515,10:36:00,"NPZ9","No-take","npz9.10",93.6,"Molly","Y","Y"
"2021-05_Abrolhos_stereo-BRUVs.npz9.10","2021-05_Abrolhos_stereo-BRUVs","npz9.10","Lethrinidae","Lethrinus","miniatus",411.68396,1124.16454,-27.1638,113.1565,20210515,10:36:00,"NPZ9","No-take","npz9.10",93.6,"Molly","Y","Y"
"2021-05_Abrolhos_stereo-BRUVs.npz9.10","2021-05_Abrolhos_stereo-BRUVs","npz9.10","Lethrinidae","Lethrinus","miniatus",486.8842,1518.46949,-27.1638,113.1565,20210515,10:36:00,"NPZ9","No-take","npz9.10",93.6,"Molly","Y","Y"
"2021-05_Abrolhos_stereo-BRUVs.npz9.10","2021-05_Abrolhos_stereo-BRUVs","npz9.10","Lethrinidae","Lethrinus","miniatus",420.15251,1695.59065,-27.1638,113.1565,20210515,10:36:00,"NPZ9","No-take","npz9.10",93.6,"Molly","Y","Y"
"2021-05_Abrolhos_stereo-BRUVs.npz9.10","2021-05_Abrolhos_stereo-BRUVs","npz9.10","Lethrinidae","Lethrinus","miniatus",553.77069,1136.97058,-27.1638,113.1565,20210515,10:36:00,"NPZ9","No-take","npz9.10",93.6,"Molly","Y","Y"
"2021-05_Abrolhos_stereo-BRUVs.npz9.10","2021-05_Abrolhos_stereo-BRUVs","npz9.10","Lethrinidae","Lethrinus","miniatus",489.81618,1468.21189,-27.1638,113.1565,20210515,10:36:00,"NPZ9","No-take","npz9.10",93.6,"Molly","Y","Y"
"2021-05_Abrolhos_stereo-BRUVs.npz9.10","2021-05_Abrolhos_stereo-BRUVs","npz9.10","Lethrinidae","Lethrinus","miniatus",505.57011,1109.24872,-27.1638,113.1565,20210515,10:36:00,"NPZ9","No-take","npz9.10",93.6,"Molly","Y","Y"
"2021-05_Abrolhos_stereo-BRUVs.npz9.10","2021-05_Abrolhos_stereo-BRUVs","npz9.10","Lethrinidae","Lethrinus","miniatus",443.30218,1614.08982,-27.1638,113.1565,20210515,10:36:00,"NPZ9","No-take","npz9.10",93.6,"Molly","Y","Y"
"2021-05_Abrolhos_stereo-BRUVs.npz9.10","2021-05_Abrolhos_stereo-BRUVs","npz9.10","Lethrinidae","Lethrinus","miniatus",453.06039,1979.25079,-27.1638,113.1565,20210515,10:36:00,"NPZ9","No-take","npz9.10",93.6,"Molly","Y","Y"
"2021-05_Abrolhos_stereo-BRUVs.npz9.10","2021-05_Abrolhos_stereo-BRUVs","npz9.10","Lethrinidae","Lethrinus","nebulosus",491.55582,2388.90288,-27.1638,113.1565,20210515,10:36:00,"NPZ9","No-take","npz9.10",93.6,"Molly","Y","Y"
"2021-05_Abrolhos_stereo-BRUVs.npz9.10","2021-05_Abrolhos_stereo-BRUVs","npz9.10","Sparidae","Chrysophrys","auratus",464.51772,1194.77264,-27.1638,113.1565,20210515,10:36:00,"NPZ9","No-take","npz9.10",93.6,"Molly","Y","Y"
"2021-05_Abrolhos_stereo-BRUVs.npz9.11","2021-05_Abrolhos_stereo-BRUVs","npz9.11","Carangidae","Seriola","hippos",520.37066,2079.78871,-27.1238,113.1889,20210515,08:46:00,"NPZ9","No-take","npz9.11",85.8,"Molly","Y","Y"
"2021-05_Abrolhos_stereo-BRUVs.npz9.11","2021-05_Abrolhos_stereo-BRUVs","npz9.11","Labridae","Coris","auricularis",211.89032,1390.59457,-27.1238,113.1889,20210515,08:46:00,"NPZ9","No-take","npz9.11",85.8,"Molly","Y","Y"
"2021-05_Abrolhos_stereo-BRUVs.npz9.11","2021-05_Abrolhos_stereo-BRUVs","npz9.11","Labridae","Stethojulis","spp",137.49682,1373.45953,-27.1238,113.1889,20210515,08:46:00,"NPZ9","No-take","npz9.11",85.8,"Molly","Y","Y"
"2021-05_Abrolhos_stereo-BRUVs.npz9.11","2021-05_Abrolhos_stereo-BRUVs","npz9.11","Lethrinidae","Lethrinus","miniatus",406.98762,1267.55312,-27.1238,113.1889,20210515,08:46:00,"NPZ9","No-take","npz9.11",85.8,"Molly","Y","Y"
"2021-05_Abrolhos_stereo-BRUVs.npz9.11","2021-05_Abrolhos_stereo-BRUVs","npz9.11","Lethrinidae","Lethrinus","miniatus",463.56403,1552.10687,-27.1238,113.1889,20210515,08:46:00,"NPZ9","No-take","npz9.11",85.8,"Molly","Y","Y"
"2021-05_Abrolhos_stereo-BRUVs.npz9.11","2021-05_Abrolhos_stereo-BRUVs","npz9.11","Lethrinidae","Lethrinus","miniatus",494.32839,1264.07769,-27.1238,113.1889,20210515,08:46:00,"NPZ9","No-take","npz9.11",85.8,"Molly","Y","Y"
"2021-05_Abrolhos_stereo-BRUVs.npz9.11","2021-05_Abrolhos_stereo-BRUVs","npz9.11","Lethrinidae","Lethrinus","miniatus",470.76453,1319.07641,-27.1238,113.1889,20210515,08:46:00,"NPZ9","No-take","npz9.11",85.8,"Molly","Y","Y"
"2021-05_Abrolhos_stereo-BRUVs.npz9.11","2021-05_Abrolhos_stereo-BRUVs","npz9.11","Lethrinidae","Lethrinus","miniatus",465.70292,1328.71512,-27.1238,113.1889,20210515,08:46:00,"NPZ9","No-take","npz9.11",85.8,"Molly","Y","Y"
"2021-05_Abrolhos_stereo-BRUVs.npz9.11","2021-05_Abrolhos_stereo-BRUVs","npz9.11","Lethrinidae","Lethrinus","miniatus",486.34703,1178.22858,-27.1238,113.1889,20210515,08:46:00,"NPZ9","No-take","npz9.11",85.8,"Molly","Y","Y"
"2021-05_Abrolhos_stereo-BRUVs.npz9.11","2021-05_Abrolhos_stereo-BRUVs","npz9.11","Lethrinidae","Lethrinus","miniatus",515.54216,2716.35349,-27.1238,113.1889,20210515,08:46:00,"NPZ9","No-take","npz9.11",85.8,"Molly","Y","Y"
"2021-05_Abrolhos_stereo-BRUVs.npz9.13","2021-05_Abrolhos_stereo-BRUVs","npz9.13","Carcharhinidae","Carcharhinus","plumbeus",1103.82903,5410.34584,-27.1113,113.1038,20210515,13:27:00,"NPZ9","No-take","npz9.13",109,"Molly","Y","Y"
"2021-05_Abrolhos_stereo-BRUVs.npz9.13","2021-05_Abrolhos_stereo-BRUVs","npz9.13","Serranidae","Epinephelus","areolatus",394.36111,1274.23602,-27.1113,113.1038,20210515,13:27:00,"NPZ9","No-take","npz9.13",109,"Molly","Y","Y"
"2021-05_Abrolhos_stereo-BRUVs.npz9.14","2021-05_Abrolhos_stereo-BRUVs","npz9.14","Carangidae","Seriola","hippos",657.82005,4614.18471,-27.1438,113.1364,20210515,10:56:00,"NPZ9","No-take","npz9.14",101,"Molly","Y","Y"
"2021-05_Abrolhos_stereo-BRUVs.npz9.14","2021-05_Abrolhos_stereo-BRUVs","npz9.14","Lethrinidae","Gymnocranius","grandoculis",523.41854,1971.56969,-27.1438,113.1364,20210515,10:56:00,"NPZ9","No-take","npz9.14",101,"Molly","Y","Y"
"2021-05_Abrolhos_stereo-BRUVs.npz9.14","2021-05_Abrolhos_stereo-BRUVs","npz9.14","Lethrinidae","Gymnocranius","grandoculis",557.06492,2240.72992,-27.1438,113.1364,20210515,10:56:00,"NPZ9","No-take","npz9.14",101,"Molly","Y","Y"
"2021-05_Abrolhos_stereo-BRUVs.npz9.14","2021-05_Abrolhos_stereo-BRUVs","npz9.14","Lethrinidae","Gymnocranius","grandoculis",496.45874,3877.78829,-27.1438,113.1364,20210515,10:56:00,"NPZ9","No-take","npz9.14",101,"Molly","Y","Y"
"2021-05_Abrolhos_stereo-BRUVs.npz9.14","2021-05_Abrolhos_stereo-BRUVs","npz9.14","Lethrinidae","Lethrinus","miniatus",556.42298,1765.34216,-27.1438,113.1364,20210515,10:56:00,"NPZ9","No-take","npz9.14",101,"Molly","Y","Y"
"2021-05_Abrolhos_stereo-BRUVs.npz9.14","2021-05_Abrolhos_stereo-BRUVs","npz9.14","Sparidae","Chrysophrys","auratus",382.13476,952.42042,-27.1438,113.1364,20210515,10:56:00,"NPZ9","No-take","npz9.14",101,"Molly","Y","Y"
"2021-05_Abrolhos_stereo-BRUVs.npz9.16","2021-05_Abrolhos_stereo-BRUVs","npz9.16","Labridae","Bodianus","solatus",344.41201,3053.26774,-27.1187,113.109,20210515,13:16:00,"NPZ9","No-take","npz9.16",108,"Molly","Y","Y"
"2021-05_Abrolhos_stereo-BRUVs.npz9.16","2021-05_Abrolhos_stereo-BRUVs","npz9.16","Lethrinidae","Lethrinus","miniatus",461.97761,1820.32232,-27.1187,113.109,20210515,13:16:00,"NPZ9","No-take","npz9.16",108,"Molly","Y","Y"
"2021-05_Abrolhos_stereo-BRUVs.npz9.16","2021-05_Abrolhos_stereo-BRUVs","npz9.16","Lutjanidae","Pristipomoides","spp",419.24654,4059.26329,-27.1187,113.109,20210515,13:16:00,"NPZ9","No-take","npz9.16",108,"Molly","Y","Y"
"2021-05_Abrolhos_stereo-BRUVs.npz9.16","2021-05_Abrolhos_stereo-BRUVs","npz9.16","Sparidae","Chrysophrys","auratus",401.63638,1858.34716,-27.1187,113.109,20210515,13:16:00,"NPZ9","No-take","npz9.16",108,"Molly","Y","Y"
"2021-05_Abrolhos_stereo-BRUVs.npz9.17","2021-05_Abrolhos_stereo-BRUVs","npz9.17","Carangidae","Seriola","hippos",765.62454,3563.28012,-27.1012,113.0913,20210515,13:37:00,"NPZ9","No-take","npz9.17",114,"Molly","Y","Y"
"2021-05_Abrolhos_stereo-BRUVs.npz9.17","2021-05_Abrolhos_stereo-BRUVs","npz9.17","Carangidae","Seriola","hippos",851.07802,6758.12848,-27.1012,113.0913,20210515,13:37:00,"NPZ9","No-take","npz9.17",114,"Molly","Y","Y"
"2021-05_Abrolhos_stereo-BRUVs.npz9.17","2021-05_Abrolhos_stereo-BRUVs","npz9.17","Labridae","Bodianus","vulpinus",336.39593,4041.81265,-27.1012,113.0913,20210515,13:37:00,"NPZ9","No-take","npz9.17",114,"Molly","Y","Y"
"2021-05_Abrolhos_stereo-BRUVs.npz9.17","2021-05_Abrolhos_stereo-BRUVs","npz9.17","Lethrinidae","Lethrinus","miniatus",461.41773,1825.1342,-27.1012,113.0913,20210515,13:37:00,"NPZ9","No-take","npz9.17",114,"Molly","Y","Y"
"2021-05_Abrolhos_stereo-BRUVs.npz9.17","2021-05_Abrolhos_stereo-BRUVs","npz9.17","Lethrinidae","Lethrinus","miniatus",512.21117,1325.26432,-27.1012,113.0913,20210515,13:37:00,"NPZ9","No-take","npz9.17",114,"Molly","Y","Y"
"2021-05_Abrolhos_stereo-BRUVs.npz9.17","2021-05_Abrolhos_stereo-BRUVs","npz9.17","Lethrinidae","Lethrinus","miniatus",428.32901,1446.18313,-27.1012,113.0913,20210515,13:37:00,"NPZ9","No-take","npz9.17",114,"Molly","Y","Y"
"2021-05_Abrolhos_stereo-BRUVs.npz9.17","2021-05_Abrolhos_stereo-BRUVs","npz9.17","Lethrinidae","Lethrinus","miniatus",455.09622,1299.87567,-27.1012,113.0913,20210515,13:37:00,"NPZ9","No-take","npz9.17",114,"Molly","Y","Y"
"2021-05_Abrolhos_stereo-BRUVs.npz9.17","2021-05_Abrolhos_stereo-BRUVs","npz9.17","Lutjanidae","Pristipomoides","multidens",557.10961,1280.03869,-27.1012,113.0913,20210515,13:37:00,"NPZ9","No-take","npz9.17",114,"Molly","Y","Y"
"2021-05_Abrolhos_stereo-BRUVs.npz9.17","2021-05_Abrolhos_stereo-BRUVs","npz9.17","Lutjanidae","Pristipomoides","multidens",507.89163,1838.35896,-27.1012,113.0913,20210515,13:37:00,"NPZ9","No-take","npz9.17",114,"Molly","Y","Y"
"2021-05_Abrolhos_stereo-BRUVs.npz9.17","2021-05_Abrolhos_stereo-BRUVs","npz9.17","Lutjanidae","Pristipomoides","multidens",451.00248,1463.94182,-27.1012,113.0913,20210515,13:37:00,"NPZ9","No-take","npz9.17",114,"Molly","Y","Y"
"2021-05_Abrolhos_stereo-BRUVs.npz9.17","2021-05_Abrolhos_stereo-BRUVs","npz9.17","Lutjanidae","Pristipomoides","multidens",451.28915,1907.10388,-27.1012,113.0913,20210515,13:37:00,"NPZ9","No-take","npz9.17",114,"Molly","Y","Y"
"2021-05_Abrolhos_stereo-BRUVs.npz9.17","2021-05_Abrolhos_stereo-BRUVs","npz9.17","Pinguipedidae","Parapercis","nebulosa",71.22675,2094.2234,-27.1012,113.0913,20210515,13:37:00,"NPZ9","No-take","npz9.17",114,"Molly","Y","Y"
"2021-05_Abrolhos_stereo-BRUVs.npz9.17","2021-05_Abrolhos_stereo-BRUVs","npz9.17","Serranidae","Epinephelus","areolatus",442.50742,1360.83889,-27.1012,113.0913,20210515,13:37:00,"NPZ9","No-take","npz9.17",114,"Molly","Y","Y"
"2021-05_Abrolhos_stereo-BRUVs.npz9.17","2021-05_Abrolhos_stereo-BRUVs","npz9.17","Serranidae","Epinephelus","areolatus",396.66921,1650.92655,-27.1012,113.0913,20210515,13:37:00,"NPZ9","No-take","npz9.17",114,"Molly","Y","Y"
"2021-05_Abrolhos_stereo-BRUVs.npz9.17","2021-05_Abrolhos_stereo-BRUVs","npz9.17","Serranidae","Epinephelus","areolatus",387.95213,1239.95182,-27.1012,113.0913,20210515,13:37:00,"NPZ9","No-take","npz9.17",114,"Molly","Y","Y"
"2021-05_Abrolhos_stereo-BRUVs.npz9.17","2021-05_Abrolhos_stereo-BRUVs","npz9.17","Serranidae","Epinephelus","morrhua",460.40602,1735.93618,-27.1012,113.0913,20210515,13:37:00,"NPZ9","No-take","npz9.17",114,"Molly","Y","Y"
"2021-05_Abrolhos_stereo-BRUVs.npz9.17","2021-05_Abrolhos_stereo-BRUVs","npz9.17","Sparidae","Chrysophrys","auratus",561.36218,2058.39315,-27.1012,113.0913,20210515,13:37:00,"NPZ9","No-take","npz9.17",114,"Molly","Y","Y"
"2021-05_Abrolhos_stereo-BRUVs.npz9.18","2021-05_Abrolhos_stereo-BRUVs","npz9.18","Lutjanidae","Pristipomoides","multidens",385.9404,1870.90227,-27.1236,113.0664,20210515,14:08:00,"NPZ9","No-take","npz9.18",132,"Molly","Y","Y"
"2021-05_Abrolhos_stereo-BRUVs.npz9.18","2021-05_Abrolhos_stereo-BRUVs","npz9.18","Lutjanidae","Pristipomoides","multidens",409.18672,3059.19594,-27.1236,113.0664,20210515,14:08:00,"NPZ9","No-take","npz9.18",132,"Molly","Y","Y"
"2021-05_Abrolhos_stereo-BRUVs.npz9.18","2021-05_Abrolhos_stereo-BRUVs","npz9.18","Monacanthidae","Nelusetta","ayraud",389.88779,2162.49222,-27.1236,113.0664,20210515,14:08:00,"NPZ9","No-take","npz9.18",132,"Molly","Y","Y"
"2021-05_Abrolhos_stereo-BRUVs.npz9.18","2021-05_Abrolhos_stereo-BRUVs","npz9.18","Monacanthidae","Nelusetta","ayraud",504.76898,1514.12377,-27.1236,113.0664,20210515,14:08:00,"NPZ9","No-take","npz9.18",132,"Molly","Y","Y"
"2021-05_Abrolhos_stereo-BRUVs.npz9.18","2021-05_Abrolhos_stereo-BRUVs","npz9.18","Sparidae","Chrysophrys","auratus",388.39563,1363.42867,-27.1236,113.0664,20210515,14:08:00,"NPZ9","No-take","npz9.18",132,"Molly","Y","Y"
"2021-05_Abrolhos_stereo-BRUVs.npz9.18","2021-05_Abrolhos_stereo-BRUVs","npz9.18","Sparidae","Chrysophrys","auratus",396.0751,1310.39067,-27.1236,113.0664,20210515,14:08:00,"NPZ9","No-take","npz9.18",132,"Molly","Y","Y"
"2021-05_Abrolhos_stereo-BRUVs.npz9.18","2021-05_Abrolhos_stereo-BRUVs","npz9.18","Sparidae","Chrysophrys","auratus",320.83566,1394.03871,-27.1236,113.0664,20210515,14:08:00,"NPZ9","No-take","npz9.18",132,"Molly","Y","Y"
"2021-05_Abrolhos_stereo-BRUVs.npz9.18","2021-05_Abrolhos_stereo-BRUVs","npz9.18","Tetraodontidae","Lagocephalus","sceleratus",458.67829,2229.06928,-27.1236,113.0664,20210515,14:08:00,"NPZ9","No-take","npz9.18",132,"Molly","Y","Y"
"2021-05_Abrolhos_stereo-BRUVs.npz9.18","2021-05_Abrolhos_stereo-BRUVs","npz9.18","Triakidae","Mustelus","spp",684.82793,3933.1388,-27.1236,113.0664,20210515,14:08:00,"NPZ9","No-take","npz9.18",132,"Molly","Y","Y"
"2021-05_Abrolhos_stereo-BRUVs.npz9.2","2021-05_Abrolhos_stereo-BRUVs","npz9.2","Lethrinidae","Gymnocranius","grandoculis",598.5451,2713.18303,-27.1411,113.1465,20210515,10:52:00,"NPZ9","No-take","npz9.2",92.1,"Molly","Y","Y"
"2021-05_Abrolhos_stereo-BRUVs.npz9.2","2021-05_Abrolhos_stereo-BRUVs","npz9.2","Sparidae","Chrysophrys","auratus",512.69107,1463.78608,-27.1411,113.1465,20210515,10:52:00,"NPZ9","No-take","npz9.2",92.1,"Molly","Y","Y"
"2021-05_Abrolhos_stereo-BRUVs.npz9.2","2021-05_Abrolhos_stereo-BRUVs","npz9.2","Tetraodontidae","Lagocephalus","sceleratus",414.05275,2349.56863,-27.1411,113.1465,20210515,10:52:00,"NPZ9","No-take","npz9.2",92.1,"Molly","Y","Y"
"2021-05_Abrolhos_stereo-BRUVs.npz9.21","2021-05_Abrolhos_stereo-BRUVs","npz9.21","Carangidae","Seriola","dumerili",622.29766,2691.94807,-27.1362,113.1014,20210515,11:26:00,"NPZ9","No-take","npz9.21",122,"Molly","Y","Y"
"2021-05_Abrolhos_stereo-BRUVs.npz9.21","2021-05_Abrolhos_stereo-BRUVs","npz9.21","Carangidae","Seriola","dumerili",643.08016,3148.40191,-27.1362,113.1014,20210515,11:26:00,"NPZ9","No-take","npz9.21",122,"Molly","Y","Y"
"2021-05_Abrolhos_stereo-BRUVs.npz9.21","2021-05_Abrolhos_stereo-BRUVs","npz9.21","Lethrinidae","Lethrinus","miniatus",471.70516,1247.73957,-27.1362,113.1014,20210515,11:26:00,"NPZ9","No-take","npz9.21",122,"Molly","Y","Y"
"2021-05_Abrolhos_stereo-BRUVs.npz9.21","2021-05_Abrolhos_stereo-BRUVs","npz9.21","Lutjanidae","Pristipomoides","multidens",537.53414,838.537,-27.1362,113.1014,20210515,11:26:00,"NPZ9","No-take","npz9.21",122,"Molly","Y","Y"
"2021-05_Abrolhos_stereo-BRUVs.npz9.21","2021-05_Abrolhos_stereo-BRUVs","npz9.21","Lutjanidae","Pristipomoides","multidens",564.41833,1081.23399,-27.1362,113.1014,20210515,11:26:00,"NPZ9","No-take","npz9.21",122,"Molly","Y","Y"
"2021-05_Abrolhos_stereo-BRUVs.npz9.21","2021-05_Abrolhos_stereo-BRUVs","npz9.21","Lutjanidae","Pristipomoides","multidens",501.94357,4068.44901,-27.1362,113.1014,20210515,11:26:00,"NPZ9","No-take","npz9.21",122,"Molly","Y","Y"
"2021-05_Abrolhos_stereo-BRUVs.npz9.21","2021-05_Abrolhos_stereo-BRUVs","npz9.21","Lutjanidae","Pristipomoides","multidens",566.38168,1308.31516,-27.1362,113.1014,20210515,11:26:00,"NPZ9","No-take","npz9.21",122,"Molly","Y","Y"
"2021-05_Abrolhos_stereo-BRUVs.npz9.21","2021-05_Abrolhos_stereo-BRUVs","npz9.21","Lutjanidae","Pristipomoides","multidens",502.63841,1309.12554,-27.1362,113.1014,20210515,11:26:00,"NPZ9","No-take","npz9.21",122,"Molly","Y","Y"
"2021-05_Abrolhos_stereo-BRUVs.npz9.21","2021-05_Abrolhos_stereo-BRUVs","npz9.21","Sparidae","Chrysophrys","auratus",360.94625,1258.70203,-27.1362,113.1014,20210515,11:26:00,"NPZ9","No-take","npz9.21",122,"Molly","Y","Y"
"2021-05_Abrolhos_stereo-BRUVs.npz9.22","2021-05_Abrolhos_stereo-BRUVs","npz9.22","Labridae","Unknown","na",129.05533,2423.8404,-27.1537,113.1413,20210515,10:34:00,"NPZ9","No-take","npz9.22",102,"Molly","Y","Y"
"2021-05_Abrolhos_stereo-BRUVs.npz9.22","2021-05_Abrolhos_stereo-BRUVs","npz9.22","Lethrinidae","Lethrinus","miniatus",568.63479,1445.86645,-27.1537,113.1413,20210515,10:34:00,"NPZ9","No-take","npz9.22",102,"Molly","Y","Y"
"2021-05_Abrolhos_stereo-BRUVs.npz9.22","2021-05_Abrolhos_stereo-BRUVs","npz9.22","Lutjanidae","Pristipomoides","multidens",563.64699,2362.16854,-27.1537,113.1413,20210515,10:34:00,"NPZ9","No-take","npz9.22",102,"Molly","Y","Y"
"2021-05_Abrolhos_stereo-BRUVs.npz9.24","2021-05_Abrolhos_stereo-BRUVs","npz9.24","Lethrinidae","Gymnocranius","grandoculis",590.91935,3661.34016,-27.1311,113.1067,20210515,11:14:00,"NPZ9","No-take","npz9.24",117,"Molly","Y","Y"
"2021-05_Abrolhos_stereo-BRUVs.npz9.24","2021-05_Abrolhos_stereo-BRUVs","npz9.24","Triakidae","Hemitriakis","falcata",772.52825,4031.25012,-27.1311,113.1067,20210515,11:14:00,"NPZ9","No-take","npz9.24",117,"Molly","Y","Y"
"2021-05_Abrolhos_stereo-BRUVs.npz9.24","2021-05_Abrolhos_stereo-BRUVs","npz9.24","Triakidae","Mustelus","spp",667.64575,2312.21195,-27.1311,113.1067,20210515,11:14:00,"NPZ9","No-take","npz9.24",117,"Molly","Y","Y"
"2021-05_Abrolhos_stereo-BRUVs.npz9.25","2021-05_Abrolhos_stereo-BRUVs","npz9.25","Lutjanidae","Pristipomoides","multidens",538.58457,1870.19854,-27.1462,113.074,20210515,14:17:00,"NPZ9","No-take","npz9.25",133,"Molly","Y","Y"
"2021-05_Abrolhos_stereo-BRUVs.npz9.25","2021-05_Abrolhos_stereo-BRUVs","npz9.25","Lutjanidae","Pristipomoides","multidens",560.72728,1752.72854,-27.1462,113.074,20210515,14:17:00,"NPZ9","No-take","npz9.25",133,"Molly","Y","Y"
"2021-05_Abrolhos_stereo-BRUVs.npz9.25","2021-05_Abrolhos_stereo-BRUVs","npz9.25","Lutjanidae","Pristipomoides","multidens",708.63405,2458.69802,-27.1462,113.074,20210515,14:17:00,"NPZ9","No-take","npz9.25",133,"Molly","Y","Y"
"2021-05_Abrolhos_stereo-BRUVs.npz9.25","2021-05_Abrolhos_stereo-BRUVs","npz9.25","Lutjanidae","Pristipomoides","multidens",589.49042,2505.62641,-27.1462,113.074,20210515,14:17:00,"NPZ9","No-take","npz9.25",133,"Molly","Y","Y"
"2021-05_Abrolhos_stereo-BRUVs.npz9.25","2021-05_Abrolhos_stereo-BRUVs","npz9.25","Sparidae","Chrysophrys","auratus",347.14732,1310.1121,-27.1462,113.074,20210515,14:17:00,"NPZ9","No-take","npz9.25",133,"Molly","Y","Y"
"2021-05_Abrolhos_stereo-BRUVs.npz9.25","2021-05_Abrolhos_stereo-BRUVs","npz9.25","Sparidae","Chrysophrys","auratus",468.37636,1733.6033,-27.1462,113.074,20210515,14:17:00,"NPZ9","No-take","npz9.25",133,"Molly","Y","Y"
"2021-05_Abrolhos_stereo-BRUVs.npz9.25","2021-05_Abrolhos_stereo-BRUVs","npz9.25","Sparidae","Chrysophrys","auratus",370.78897,1313.93294,-27.1462,113.074,20210515,14:17:00,"NPZ9","No-take","npz9.25",133,"Molly","Y","Y"
"2021-05_Abrolhos_stereo-BRUVs.npz9.25","2021-05_Abrolhos_stereo-BRUVs","npz9.25","Sparidae","Chrysophrys","auratus",429.99554,1512.68439,-27.1462,113.074,20210515,14:17:00,"NPZ9","No-take","npz9.25",133,"Molly","Y","Y"
"2021-05_Abrolhos_stereo-BRUVs.npz9.25","2021-05_Abrolhos_stereo-BRUVs","npz9.25","Sparidae","Chrysophrys","auratus",413.6928,1593.41899,-27.1462,113.074,20210515,14:17:00,"NPZ9","No-take","npz9.25",133,"Molly","Y","Y"
"2021-05_Abrolhos_stereo-BRUVs.npz9.25","2021-05_Abrolhos_stereo-BRUVs","npz9.25","Tetraodontidae","Lagocephalus","sceleratus",644.11226,3733.39591,-27.1462,113.074,20210515,14:17:00,"NPZ9","No-take","npz9.25",133,"Molly","Y","Y"
"2021-05_Abrolhos_stereo-BRUVs.npz9.25","2021-05_Abrolhos_stereo-BRUVs","npz9.25","Triakidae","Hemitriakis","falcata",778.53352,2775.59181,-27.1462,113.074,20210515,14:17:00,"NPZ9","No-take","npz9.25",133,"Molly","Y","Y"
"2021-05_Abrolhos_stereo-BRUVs.npz9.26","2021-05_Abrolhos_stereo-BRUVs","npz9.26","Carangidae","Decapterus","spp",305.84303,2541.96788,-27.1437,113.2139,20210515,08:14:00,"NPZ9","No-take","npz9.26",90.9,"Molly","Y","Y"
"2021-05_Abrolhos_stereo-BRUVs.npz9.26","2021-05_Abrolhos_stereo-BRUVs","npz9.26","Haemulidae","Diagramma","pictum labiosum",498.73663,902.26881,-27.1437,113.2139,20210515,08:14:00,"NPZ9","No-take","npz9.26",90.9,"Molly","Y","Y"
"2021-05_Abrolhos_stereo-BRUVs.npz9.26","2021-05_Abrolhos_stereo-BRUVs","npz9.26","Haemulidae","Diagramma","pictum labiosum",523.92904,1879.75958,-27.1437,113.2139,20210515,08:14:00,"NPZ9","No-take","npz9.26",90.9,"Molly","Y","Y"
"2021-05_Abrolhos_stereo-BRUVs.npz9.26","2021-05_Abrolhos_stereo-BRUVs","npz9.26","Lethrinidae","Lethrinus","miniatus",511.28439,1212.46985,-27.1437,113.2139,20210515,08:14:00,"NPZ9","No-take","npz9.26",90.9,"Molly","Y","Y"
"2021-05_Abrolhos_stereo-BRUVs.npz9.26","2021-05_Abrolhos_stereo-BRUVs","npz9.26","Lethrinidae","Lethrinus","miniatus",503.55102,1547.41193,-27.1437,113.2139,20210515,08:14:00,"NPZ9","No-take","npz9.26",90.9,"Molly","Y","Y"
"2021-05_Abrolhos_stereo-BRUVs.npz9.26","2021-05_Abrolhos_stereo-BRUVs","npz9.26","Lethrinidae","Lethrinus","miniatus",516.07465,1228.94529,-27.1437,113.2139,20210515,08:14:00,"NPZ9","No-take","npz9.26",90.9,"Molly","Y","Y"
"2021-05_Abrolhos_stereo-BRUVs.npz9.26","2021-05_Abrolhos_stereo-BRUVs","npz9.26","Lethrinidae","Lethrinus","miniatus",514.32389,1315.88649,-27.1437,113.2139,20210515,08:14:00,"NPZ9","No-take","npz9.26",90.9,"Molly","Y","Y"
"2021-05_Abrolhos_stereo-BRUVs.npz9.26","2021-05_Abrolhos_stereo-BRUVs","npz9.26","Lethrinidae","Lethrinus","miniatus",412.26127,1509.33792,-27.1437,113.2139,20210515,08:14:00,"NPZ9","No-take","npz9.26",90.9,"Molly","Y","Y"
"2021-05_Abrolhos_stereo-BRUVs.npz9.26","2021-05_Abrolhos_stereo-BRUVs","npz9.26","Lethrinidae","Lethrinus","miniatus",434.10607,1295.35764,-27.1437,113.2139,20210515,08:14:00,"NPZ9","No-take","npz9.26",90.9,"Molly","Y","Y"
"2021-05_Abrolhos_stereo-BRUVs.npz9.26","2021-05_Abrolhos_stereo-BRUVs","npz9.26","Lethrinidae","Lethrinus","miniatus",466.52542,1314.08051,-27.1437,113.2139,20210515,08:14:00,"NPZ9","No-take","npz9.26",90.9,"Molly","Y","Y"
"2021-05_Abrolhos_stereo-BRUVs.npz9.26","2021-05_Abrolhos_stereo-BRUVs","npz9.26","Lethrinidae","Lethrinus","miniatus",437.18763,1396.17105,-27.1437,113.2139,20210515,08:14:00,"NPZ9","No-take","npz9.26",90.9,"Molly","Y","Y"
"2021-05_Abrolhos_stereo-BRUVs.npz9.26","2021-05_Abrolhos_stereo-BRUVs","npz9.26","Pinguipedidae","Parapercis","nebulosa",43.93856,1166.82531,-27.1437,113.2139,20210515,08:14:00,"NPZ9","No-take","npz9.26",90.9,"Molly","Y","Y"
"2021-05_Abrolhos_stereo-BRUVs.npz9.26","2021-05_Abrolhos_stereo-BRUVs","npz9.26","Sparidae","Chrysophrys","auratus",568.52267,2612.18431,-27.1437,113.2139,20210515,08:14:00,"NPZ9","No-take","npz9.26",90.9,"Molly","Y","Y"
"2021-05_Abrolhos_stereo-BRUVs.npz9.26","2021-05_Abrolhos_stereo-BRUVs","npz9.26","Sparidae","Chrysophrys","auratus",503.89283,1180.80123,-27.1437,113.2139,20210515,08:14:00,"NPZ9","No-take","npz9.26",90.9,"Molly","Y","Y"
"2021-05_Abrolhos_stereo-BRUVs.npz9.26","2021-05_Abrolhos_stereo-BRUVs","npz9.26","Sparidae","Chrysophrys","auratus",396.97838,1742.61625,-27.1437,113.2139,20210515,08:14:00,"NPZ9","No-take","npz9.26",90.9,"Molly","Y","Y"
"2021-05_Abrolhos_stereo-BRUVs.npz9.27","2021-05_Abrolhos_stereo-BRUVs","npz9.27","Labridae","Bodianus","solatus",497.18961,2909.10045,-27.1164,113.1014,20210515,13:21:00,"NPZ9","No-take","npz9.27",114,"Molly","Y","Y"
"2021-05_Abrolhos_stereo-BRUVs.npz9.27","2021-05_Abrolhos_stereo-BRUVs","npz9.27","Lethrinidae","Lethrinus","miniatus",621.06527,1618.47542,-27.1164,113.1014,20210515,13:21:00,"NPZ9","No-take","npz9.27",114,"Molly","Y","Y"
"2021-05_Abrolhos_stereo-BRUVs.npz9.27","2021-05_Abrolhos_stereo-BRUVs","npz9.27","Lethrinidae","Lethrinus","miniatus",477.2997,1685.72727,-27.1164,113.1014,20210515,13:21:00,"NPZ9","No-take","npz9.27",114,"Molly","Y","Y"
"2021-05_Abrolhos_stereo-BRUVs.npz9.27","2021-05_Abrolhos_stereo-BRUVs","npz9.27","Lutjanidae","Pristipomoides","multidens",621.73515,2712.28021,-27.1164,113.1014,20210515,13:21:00,"NPZ9","No-take","npz9.27",114,"Molly","Y","Y"
"2021-05_Abrolhos_stereo-BRUVs.npz9.27","2021-05_Abrolhos_stereo-BRUVs","npz9.27","Lutjanidae","Pristipomoides","multidens",582.74396,2633.74119,-27.1164,113.1014,20210515,13:21:00,"NPZ9","No-take","npz9.27",114,"Molly","Y","Y"
"2021-05_Abrolhos_stereo-BRUVs.npz9.27","2021-05_Abrolhos_stereo-BRUVs","npz9.27","Lutjanidae","Pristipomoides","multidens",599.21395,2697.25758,-27.1164,113.1014,20210515,13:21:00,"NPZ9","No-take","npz9.27",114,"Molly","Y","Y"
"2021-05_Abrolhos_stereo-BRUVs.npz9.27","2021-05_Abrolhos_stereo-BRUVs","npz9.27","Lutjanidae","Pristipomoides","multidens",570.37391,981.65236,-27.1164,113.1014,20210515,13:21:00,"NPZ9","No-take","npz9.27",114,"Molly","Y","Y"
"2021-05_Abrolhos_stereo-BRUVs.npz9.27","2021-05_Abrolhos_stereo-BRUVs","npz9.27","Lutjanidae","Pristipomoides","multidens",650.11144,3028.50953,-27.1164,113.1014,20210515,13:21:00,"NPZ9","No-take","npz9.27",114,"Molly","Y","Y"
"2021-05_Abrolhos_stereo-BRUVs.npz9.27","2021-05_Abrolhos_stereo-BRUVs","npz9.27","Lutjanidae","Pristipomoides","typus",512.22271,1934.93942,-27.1164,113.1014,20210515,13:21:00,"NPZ9","No-take","npz9.27",114,"Molly","Y","Y"
"2021-05_Abrolhos_stereo-BRUVs.npz9.27","2021-05_Abrolhos_stereo-BRUVs","npz9.27","Lutjanidae","Pristipomoides","typus",785.01759,3984.49937,-27.1164,113.1014,20210515,13:21:00,"NPZ9","No-take","npz9.27",114,"Molly","Y","Y"
"2021-05_Abrolhos_stereo-BRUVs.npz9.27","2021-05_Abrolhos_stereo-BRUVs","npz9.27","Lutjanidae","Pristipomoides","typus",620.45063,2252.99623,-27.1164,113.1014,20210515,13:21:00,"NPZ9","No-take","npz9.27",114,"Molly","Y","Y"
"2021-05_Abrolhos_stereo-BRUVs.npz9.27","2021-05_Abrolhos_stereo-BRUVs","npz9.27","Lutjanidae","Pristipomoides","typus",469.23189,1166.59683,-27.1164,113.1014,20210515,13:21:00,"NPZ9","No-take","npz9.27",114,"Molly","Y","Y"
"2021-05_Abrolhos_stereo-BRUVs.npz9.27","2021-05_Abrolhos_stereo-BRUVs","npz9.27","Serranidae","Epinephelus","areolatus",461.27435,1493.61585,-27.1164,113.1014,20210515,13:21:00,"NPZ9","No-take","npz9.27",114,"Molly","Y","Y"
"2021-05_Abrolhos_stereo-BRUVs.npz9.27","2021-05_Abrolhos_stereo-BRUVs","npz9.27","Serranidae","Epinephelus","areolatus",370.13495,1670.67139,-27.1164,113.1014,20210515,13:21:00,"NPZ9","No-take","npz9.27",114,"Molly","Y","Y"
"2021-05_Abrolhos_stereo-BRUVs.npz9.27","2021-05_Abrolhos_stereo-BRUVs","npz9.27","Sparidae","Chrysophrys","auratus",354.46682,2247.40125,-27.1164,113.1014,20210515,13:21:00,"NPZ9","No-take","npz9.27",114,"Molly","Y","Y"
"2021-05_Abrolhos_stereo-BRUVs.npz9.27","2021-05_Abrolhos_stereo-BRUVs","npz9.27","Sparidae","Chrysophrys","auratus",306.74678,2244.24845,-27.1164,113.1014,20210515,13:21:00,"NPZ9","No-take","npz9.27",114,"Molly","Y","Y"
"2021-05_Abrolhos_stereo-BRUVs.npz9.27","2021-05_Abrolhos_stereo-BRUVs","npz9.27","Sparidae","Chrysophrys","auratus",335.16526,2629.63136,-27.1164,113.1014,20210515,13:21:00,"NPZ9","No-take","npz9.27",114,"Molly","Y","Y"
"2021-05_Abrolhos_stereo-BRUVs.npz9.27","2021-05_Abrolhos_stereo-BRUVs","npz9.27","Sparidae","Chrysophrys","auratus",324.00393,1730.97575,-27.1164,113.1014,20210515,13:21:00,"NPZ9","No-take","npz9.27",114,"Molly","Y","Y"
"2021-05_Abrolhos_stereo-BRUVs.npz9.27","2021-05_Abrolhos_stereo-BRUVs","npz9.27","Sparidae","Chrysophrys","auratus",298.69406,1024.95576,-27.1164,113.1014,20210515,13:21:00,"NPZ9","No-take","npz9.27",114,"Molly","Y","Y"
"2021-05_Abrolhos_stereo-BRUVs.npz9.27","2021-05_Abrolhos_stereo-BRUVs","npz9.27","Sparidae","Chrysophrys","auratus",311.35782,1980.87291,-27.1164,113.1014,20210515,13:21:00,"NPZ9","No-take","npz9.27",114,"Molly","Y","Y"
"2021-05_Abrolhos_stereo-BRUVs.npz9.27","2021-05_Abrolhos_stereo-BRUVs","npz9.27","Sparidae","Chrysophrys","auratus",299.85444,1876.04143,-27.1164,113.1014,20210515,13:21:00,"NPZ9","No-take","npz9.27",114,"Molly","Y","Y"
"2021-05_Abrolhos_stereo-BRUVs.npz9.27","2021-05_Abrolhos_stereo-BRUVs","npz9.27","Sparidae","Chrysophrys","auratus",349.93089,1709.49165,-27.1164,113.1014,20210515,13:21:00,"NPZ9","No-take","npz9.27",114,"Molly","Y","Y"
"2021-05_Abrolhos_stereo-BRUVs.npz9.27","2021-05_Abrolhos_stereo-BRUVs","npz9.27","Sparidae","Chrysophrys","auratus",323.15263,1782.96115,-27.1164,113.1014,20210515,13:21:00,"NPZ9","No-take","npz9.27",114,"Molly","Y","Y"
"2021-05_Abrolhos_stereo-BRUVs.npz9.28","2021-05_Abrolhos_stereo-BRUVs","npz9.28","Lutjanidae","Pristipomoides","multidens",491.81277,1236.72091,-27.1013,113.0538,20210515,13:57:00,"NPZ9","No-take","npz9.28",132,"Molly","Y","Y"
"2021-05_Abrolhos_stereo-BRUVs.npz9.28","2021-05_Abrolhos_stereo-BRUVs","npz9.28","Sparidae","Chrysophrys","auratus",347.86375,1671.90948,-27.1013,113.0538,20210515,13:57:00,"NPZ9","No-take","npz9.28",132,"Molly","Y","Y"
"2021-05_Abrolhos_stereo-BRUVs.npz9.28","2021-05_Abrolhos_stereo-BRUVs","npz9.28","Sparidae","Chrysophrys","auratus",385.68664,1345.66427,-27.1013,113.0538,20210515,13:57:00,"NPZ9","No-take","npz9.28",132,"Molly","Y","Y"
"2021-05_Abrolhos_stereo-BRUVs.npz9.29","2021-05_Abrolhos_stereo-BRUVs","npz9.29","Carangidae","Decapterus","spp",324.50194,2312.73468,-27.1313,113.2089,20210515,08:27:00,"NPZ9","No-take","npz9.29",96.7,"Molly","Y","Y"
"2021-05_Abrolhos_stereo-BRUVs.npz9.29","2021-05_Abrolhos_stereo-BRUVs","npz9.29","Carangidae","Pseudocaranx","spp",372.50788,2626.85969,-27.1313,113.2089,20210515,08:27:00,"NPZ9","No-take","npz9.29",96.7,"Molly","Y","Y"
"2021-05_Abrolhos_stereo-BRUVs.npz9.29","2021-05_Abrolhos_stereo-BRUVs","npz9.29","Lethrinidae","Lethrinus","nebulosus",503.57019,1604.72394,-27.1313,113.2089,20210515,08:27:00,"NPZ9","No-take","npz9.29",96.7,"Molly","Y","Y"
"2021-05_Abrolhos_stereo-BRUVs.npz9.29","2021-05_Abrolhos_stereo-BRUVs","npz9.29","Sparidae","Chrysophrys","auratus",339.88819,1124.1684,-27.1313,113.2089,20210515,08:27:00,"NPZ9","No-take","npz9.29",96.7,"Molly","Y","Y"
"2021-05_Abrolhos_stereo-BRUVs.npz9.29","2021-05_Abrolhos_stereo-BRUVs","npz9.29","Sparidae","Chrysophrys","auratus",406.16092,1268.33247,-27.1313,113.2089,20210515,08:27:00,"NPZ9","No-take","npz9.29",96.7,"Molly","Y","Y"
"2021-05_Abrolhos_stereo-BRUVs.npz9.29","2021-05_Abrolhos_stereo-BRUVs","npz9.29","Sparidae","Chrysophrys","auratus",418.73131,1276.57399,-27.1313,113.2089,20210515,08:27:00,"NPZ9","No-take","npz9.29",96.7,"Molly","Y","Y"
"2021-05_Abrolhos_stereo-BRUVs.npz9.29","2021-05_Abrolhos_stereo-BRUVs","npz9.29","Sparidae","Chrysophrys","auratus",365.24274,1149.42977,-27.1313,113.2089,20210515,08:27:00,"NPZ9","No-take","npz9.29",96.7,"Molly","Y","Y"
"2021-05_Abrolhos_stereo-BRUVs.npz9.29","2021-05_Abrolhos_stereo-BRUVs","npz9.29","Sparidae","Chrysophrys","auratus",374.55346,1183.07974,-27.1313,113.2089,20210515,08:27:00,"NPZ9","No-take","npz9.29",96.7,"Molly","Y","Y"
"2021-05_Abrolhos_stereo-BRUVs.npz9.29","2021-05_Abrolhos_stereo-BRUVs","npz9.29","Sparidae","Chrysophrys","auratus",383.8436,1361.25123,-27.1313,113.2089,20210515,08:27:00,"NPZ9","No-take","npz9.29",96.7,"Molly","Y","Y"
"2021-05_Abrolhos_stereo-BRUVs.npz9.29","2021-05_Abrolhos_stereo-BRUVs","npz9.29","Sparidae","Chrysophrys","auratus",363.52244,1010.29093,-27.1313,113.2089,20210515,08:27:00,"NPZ9","No-take","npz9.29",96.7,"Molly","Y","Y"
"2021-05_Abrolhos_stereo-BRUVs.npz9.29","2021-05_Abrolhos_stereo-BRUVs","npz9.29","Sparidae","Chrysophrys","auratus",385.48791,1686.8161,-27.1313,113.2089,20210515,08:27:00,"NPZ9","No-take","npz9.29",96.7,"Molly","Y","Y"
"2021-05_Abrolhos_stereo-BRUVs.npz9.29","2021-05_Abrolhos_stereo-BRUVs","npz9.29","Sparidae","Chrysophrys","auratus",435.0544,1478.66233,-27.1313,113.2089,20210515,08:27:00,"NPZ9","No-take","npz9.29",96.7,"Molly","Y","Y"
"2021-05_Abrolhos_stereo-BRUVs.npz9.29","2021-05_Abrolhos_stereo-BRUVs","npz9.29","Sparidae","Chrysophrys","auratus",355.42248,1026.49508,-27.1313,113.2089,20210515,08:27:00,"NPZ9","No-take","npz9.29",96.7,"Molly","Y","Y"
"2021-05_Abrolhos_stereo-BRUVs.npz9.29","2021-05_Abrolhos_stereo-BRUVs","npz9.29","Sparidae","Chrysophrys","auratus",437.74786,1058.49127,-27.1313,113.2089,20210515,08:27:00,"NPZ9","No-take","npz9.29",96.7,"Molly","Y","Y"
"2021-05_Abrolhos_stereo-BRUVs.npz9.29","2021-05_Abrolhos_stereo-BRUVs","npz9.29","Sparidae","Chrysophrys","auratus",413.45342,1040.77487,-27.1313,113.2089,20210515,08:27:00,"NPZ9","No-take","npz9.29",96.7,"Molly","Y","Y"
"2021-05_Abrolhos_stereo-BRUVs.npz9.29","2021-05_Abrolhos_stereo-BRUVs","npz9.29","Sparidae","Chrysophrys","auratus",328.73837,1383.86628,-27.1313,113.2089,20210515,08:27:00,"NPZ9","No-take","npz9.29",96.7,"Molly","Y","Y"
"2021-05_Abrolhos_stereo-BRUVs.npz9.29","2021-05_Abrolhos_stereo-BRUVs","npz9.29","Sparidae","Chrysophrys","auratus",386.794,1557.76088,-27.1313,113.2089,20210515,08:27:00,"NPZ9","No-take","npz9.29",96.7,"Molly","Y","Y"
"2021-05_Abrolhos_stereo-BRUVs.npz9.3","2021-05_Abrolhos_stereo-BRUVs","npz9.3","Lethrinidae","Gymnocranius","grandoculis",546.60912,1175.42898,-27.1312,113.1239,20210515,11:04:00,"NPZ9","No-take","npz9.3",104,"Molly","Y","Y"
"2021-05_Abrolhos_stereo-BRUVs.npz9.3","2021-05_Abrolhos_stereo-BRUVs","npz9.3","Lethrinidae","Lethrinus","miniatus",483.4045,1242.92286,-27.1312,113.1239,20210515,11:04:00,"NPZ9","No-take","npz9.3",104,"Molly","Y","Y"
"2021-05_Abrolhos_stereo-BRUVs.npz9.30","2021-05_Abrolhos_stereo-BRUVs","npz9.30","Carangidae","Seriola","dumerili",616.97095,2767.41562,-27.1187,113.1864,20210515,08:43:00,"NPZ9","No-take","npz9.30",90.3,"Molly","Y","Y"
"2021-05_Abrolhos_stereo-BRUVs.npz9.30","2021-05_Abrolhos_stereo-BRUVs","npz9.30","Glaucosomatidae","Glaucosoma","buergeri",542.29161,2613.28855,-27.1187,113.1864,20210515,08:43:00,"NPZ9","No-take","npz9.30",90.3,"Molly","Y","Y"
"2021-05_Abrolhos_stereo-BRUVs.npz9.30","2021-05_Abrolhos_stereo-BRUVs","npz9.30","Glaucosomatidae","Glaucosoma","buergeri",390.84733,2178.80174,-27.1187,113.1864,20210515,08:43:00,"NPZ9","No-take","npz9.30",90.3,"Molly","Y","Y"
"2021-05_Abrolhos_stereo-BRUVs.npz9.30","2021-05_Abrolhos_stereo-BRUVs","npz9.30","Lethrinidae","Lethrinus","miniatus",414.75516,1192.5414,-27.1187,113.1864,20210515,08:43:00,"NPZ9","No-take","npz9.30",90.3,"Molly","Y","Y"
"2021-05_Abrolhos_stereo-BRUVs.npz9.30","2021-05_Abrolhos_stereo-BRUVs","npz9.30","Lethrinidae","Lethrinus","miniatus",466.12347,1283.83685,-27.1187,113.1864,20210515,08:43:00,"NPZ9","No-take","npz9.30",90.3,"Molly","Y","Y"
"2021-05_Abrolhos_stereo-BRUVs.npz9.30","2021-05_Abrolhos_stereo-BRUVs","npz9.30","Lethrinidae","Lethrinus","miniatus",511.62503,1148.84533,-27.1187,113.1864,20210515,08:43:00,"NPZ9","No-take","npz9.30",90.3,"Molly","Y","Y"
"2021-05_Abrolhos_stereo-BRUVs.npz9.30","2021-05_Abrolhos_stereo-BRUVs","npz9.30","Lethrinidae","Lethrinus","nebulosus",489.60811,1424.39731,-27.1187,113.1864,20210515,08:43:00,"NPZ9","No-take","npz9.30",90.3,"Molly","Y","Y"
"2021-05_Abrolhos_stereo-BRUVs.npz9.5","2021-05_Abrolhos_stereo-BRUVs","npz9.5","Lethrinidae","Lethrinus","miniatus",532.87791,1318.87555,-27.151,113.214,20210515,08:09:00,"NPZ9","No-take","npz9.5",87.8,"Molly","Y","Y"
"2021-05_Abrolhos_stereo-BRUVs.npz9.5","2021-05_Abrolhos_stereo-BRUVs","npz9.5","Lethrinidae","Lethrinus","miniatus",437.44635,729.33297,-27.151,113.214,20210515,08:09:00,"NPZ9","No-take","npz9.5",87.8,"Molly","Y","Y"
"2021-05_Abrolhos_stereo-BRUVs.npz9.5","2021-05_Abrolhos_stereo-BRUVs","npz9.5","Lethrinidae","Lethrinus","nebulosus",508.67056,906.53626,-27.151,113.214,20210515,08:09:00,"NPZ9","No-take","npz9.5",87.8,"Molly","Y","Y"
"2021-05_Abrolhos_stereo-BRUVs.npz9.5","2021-05_Abrolhos_stereo-BRUVs","npz9.5","Scaridae","Scarus","sp3",378.60908,2048.95444,-27.151,113.214,20210515,08:09:00,"NPZ9","No-take","npz9.5",87.8,"Molly","Y","Y"
"2021-05_Abrolhos_stereo-BRUVs.npz9.5","2021-05_Abrolhos_stereo-BRUVs","npz9.5","Sparidae","Chrysophrys","auratus",357.48491,790.35139,-27.151,113.214,20210515,08:09:00,"NPZ9","No-take","npz9.5",87.8,"Molly","Y","Y"
"2021-05_Abrolhos_stereo-BRUVs.npz9.7","2021-05_Abrolhos_stereo-BRUVs","npz9.7","Carcharhinidae","Carcharhinus","albimarginatus",471.76399,936.90086,-27.1162,113.1964,20210515,08:37:00,"NPZ9","No-take","npz9.7",97.2,"Molly","Y","Y"
"2021-05_Abrolhos_stereo-BRUVs.npz9.7","2021-05_Abrolhos_stereo-BRUVs","npz9.7","Sparidae","Chrysophrys","auratus",366.03562,1311.10836,-27.1162,113.1964,20210515,08:37:00,"NPZ9","No-take","npz9.7",97.2,"Molly","Y","Y"
"2021-05_Abrolhos_stereo-BRUVs.npz9.7","2021-05_Abrolhos_stereo-BRUVs","npz9.7","Sparidae","Chrysophrys","auratus",360.45343,1234.27426,-27.1162,113.1964,20210515,08:37:00,"NPZ9","No-take","npz9.7",97.2,"Molly","Y","Y"
"2021-05_Abrolhos_stereo-BRUVs.npz9.7","2021-05_Abrolhos_stereo-BRUVs","npz9.7","Sparidae","Chrysophrys","auratus",366.71968,996.88945,-27.1162,113.1964,20210515,08:37:00,"NPZ9","No-take","npz9.7",97.2,"Molly","Y","Y"
"2021-05_Abrolhos_stereo-BRUVs.npz9.7","2021-05_Abrolhos_stereo-BRUVs","npz9.7","Sparidae","Chrysophrys","auratus",348.54319,2440.05739,-27.1162,113.1964,20210515,08:37:00,"NPZ9","No-take","npz9.7",97.2,"Molly","Y","Y"
"2021-05_Abrolhos_stereo-BRUVs.npz9.7","2021-05_Abrolhos_stereo-BRUVs","npz9.7","Sparidae","Chrysophrys","auratus",376.72939,910.22398,-27.1162,113.1964,20210515,08:37:00,"NPZ9","No-take","npz9.7",97.2,"Molly","Y","Y"
"2021-05_Abrolhos_stereo-BRUVs.npz9.7","2021-05_Abrolhos_stereo-BRUVs","npz9.7","Sparidae","Chrysophrys","auratus",375.82891,1711.76332,-27.1162,113.1964,20210515,08:37:00,"NPZ9","No-take","npz9.7",97.2,"Molly","Y","Y"
"2021-05_Abrolhos_stereo-BRUVs.npz9.7","2021-05_Abrolhos_stereo-BRUVs","npz9.7","Sparidae","Chrysophrys","auratus",414.20413,1368.6221,-27.1162,113.1964,20210515,08:37:00,"NPZ9","No-take","npz9.7",97.2,"Molly","Y","Y"
"2021-05_Abrolhos_stereo-BRUVs.npz9.7","2021-05_Abrolhos_stereo-BRUVs","npz9.7","Sparidae","Chrysophrys","auratus",400.84141,1220.06564,-27.1162,113.1964,20210515,08:37:00,"NPZ9","No-take","npz9.7",97.2,"Molly","Y","Y"
"2021-05_Abrolhos_stereo-BRUVs.npz9.7","2021-05_Abrolhos_stereo-BRUVs","npz9.7","Sparidae","Chrysophrys","auratus",404.91857,1626.94927,-27.1162,113.1964,20210515,08:37:00,"NPZ9","No-take","npz9.7",97.2,"Molly","Y","Y"
"2021-05_Abrolhos_stereo-BRUVs.npz9.7","2021-05_Abrolhos_stereo-BRUVs","npz9.7","Tetraodontidae","Lagocephalus","sceleratus",631.9461,3633.40584,-27.1162,113.1964,20210515,08:37:00,"NPZ9","No-take","npz9.7",97.2,"Molly","Y","Y"
"2021-05_Abrolhos_stereo-BRUVs.npz9.7","2021-05_Abrolhos_stereo-BRUVs","npz9.7","Tetraodontidae","Unknown","sp1",219.52253,3058.17297,-27.1162,113.1964,20210515,08:37:00,"NPZ9","No-take","npz9.7",97.2,"Molly","Y","Y"
"2021-05_Abrolhos_stereo-BRUVs.npz9.7","2021-05_Abrolhos_stereo-BRUVs","npz9.7","Tetraodontidae","Unknown","sp1",234.81827,3378.73118,-27.1162,113.1964,20210515,08:37:00,"NPZ9","No-take","npz9.7",97.2,"Molly","Y","Y"
"2021-05_Abrolhos_stereo-BRUVs.npz9.8","2021-05_Abrolhos_stereo-BRUVs","npz9.8","Carangidae","Pseudocaranx","spp",315.774,3619.81735,-27.1261,113.1189,20210515,11:08:00,"NPZ9","No-take","npz9.8",105,"Molly","Y","Y"
"2021-05_Abrolhos_stereo-BRUVs.npz9.8","2021-05_Abrolhos_stereo-BRUVs","npz9.8","Carangidae","Pseudocaranx","spp",409.87061,2044.02249,-27.1261,113.1189,20210515,11:08:00,"NPZ9","No-take","npz9.8",105,"Molly","Y","Y"
"2021-05_Abrolhos_stereo-BRUVs.npz9.8","2021-05_Abrolhos_stereo-BRUVs","npz9.8","Carangidae","Pseudocaranx","spp",368.04779,2753.006,-27.1261,113.1189,20210515,11:08:00,"NPZ9","No-take","npz9.8",105,"Molly","Y","Y"
"2021-05_Abrolhos_stereo-BRUVs.npz9.8","2021-05_Abrolhos_stereo-BRUVs","npz9.8","Carangidae","Pseudocaranx","spp",340.26176,1430.07665,-27.1261,113.1189,20210515,11:08:00,"NPZ9","No-take","npz9.8",105,"Molly","Y","Y"
"2021-05_Abrolhos_stereo-BRUVs.npz9.8","2021-05_Abrolhos_stereo-BRUVs","npz9.8","Carangidae","Pseudocaranx","spp",298.05426,2761.75437,-27.1261,113.1189,20210515,11:08:00,"NPZ9","No-take","npz9.8",105,"Molly","Y","Y"
"2021-05_Abrolhos_stereo-BRUVs.npz9.8","2021-05_Abrolhos_stereo-BRUVs","npz9.8","Carangidae","Pseudocaranx","spp",356.62543,2705.96982,-27.1261,113.1189,20210515,11:08:00,"NPZ9","No-take","npz9.8",105,"Molly","Y","Y"
"2021-05_Abrolhos_stereo-BRUVs.npz9.8","2021-05_Abrolhos_stereo-BRUVs","npz9.8","Carangidae","Pseudocaranx","spp",363.13548,2798.94385,-27.1261,113.1189,20210515,11:08:00,"NPZ9","No-take","npz9.8",105,"Molly","Y","Y"
"2021-05_Abrolhos_stereo-BRUVs.npz9.8","2021-05_Abrolhos_stereo-BRUVs","npz9.8","Carangidae","Pseudocaranx","spp",447.7102,4482.68096,-27.1261,113.1189,20210515,11:08:00,"NPZ9","No-take","npz9.8",105,"Molly","Y","Y"
"2021-05_Abrolhos_stereo-BRUVs.npz9.8","2021-05_Abrolhos_stereo-BRUVs","npz9.8","Carangidae","Pseudocaranx","spp",309.30874,2931.08305,-27.1261,113.1189,20210515,11:08:00,"NPZ9","No-take","npz9.8",105,"Molly","Y","Y"
"2021-05_Abrolhos_stereo-BRUVs.npz9.8","2021-05_Abrolhos_stereo-BRUVs","npz9.8","Carangidae","Seriola","dumerili",702.08414,4292.37355,-27.1261,113.1189,20210515,11:08:00,"NPZ9","No-take","npz9.8",105,"Molly","Y","Y"
"2021-05_Abrolhos_stereo-BRUVs.npz9.8","2021-05_Abrolhos_stereo-BRUVs","npz9.8","Carangidae","Seriola","dumerili",666.0459,4003.44775,-27.1261,113.1189,20210515,11:08:00,"NPZ9","No-take","npz9.8",105,"Molly","Y","Y"
"2021-05_Abrolhos_stereo-BRUVs.npz9.8","2021-05_Abrolhos_stereo-BRUVs","npz9.8","Carangidae","Seriola","dumerili",644.73526,4443.54456,-27.1261,113.1189,20210515,11:08:00,"NPZ9","No-take","npz9.8",105,"Molly","Y","Y"
"2021-05_Abrolhos_stereo-BRUVs.npz9.8","2021-05_Abrolhos_stereo-BRUVs","npz9.8","Carangidae","Seriola","dumerili",838.52536,5032.04393,-27.1261,113.1189,20210515,11:08:00,"NPZ9","No-take","npz9.8",105,"Molly","Y","Y"
"2021-05_Abrolhos_stereo-BRUVs.npz9.8","2021-05_Abrolhos_stereo-BRUVs","npz9.8","Carcharhinidae","Carcharhinus","plumbeus",1278.84131,6349.11882,-27.1261,113.1189,20210515,11:08:00,"NPZ9","No-take","npz9.8",105,"Molly","Y","Y"
"2021-05_Abrolhos_stereo-BRUVs.npz9.8","2021-05_Abrolhos_stereo-BRUVs","npz9.8","Glaucosomatidae","Glaucosoma","buergeri",621.08015,3579.60542,-27.1261,113.1189,20210515,11:08:00,"NPZ9","No-take","npz9.8",105,"Molly","Y","Y"
"2021-05_Abrolhos_stereo-BRUVs.npz9.8","2021-05_Abrolhos_stereo-BRUVs","npz9.8","Labridae","Bodianus","solatus",329.27494,3303.17027,-27.1261,113.1189,20210515,11:08:00,"NPZ9","No-take","npz9.8",105,"Molly","Y","Y"
"2021-05_Abrolhos_stereo-BRUVs.npz9.8","2021-05_Abrolhos_stereo-BRUVs","npz9.8","Lethrinidae","Gymnocranius","grandoculis",557.94387,4449.71272,-27.1261,113.1189,20210515,11:08:00,"NPZ9","No-take","npz9.8",105,"Molly","Y","Y"
"2021-05_Abrolhos_stereo-BRUVs.npz9.8","2021-05_Abrolhos_stereo-BRUVs","npz9.8","Lethrinidae","Lethrinus","miniatus",478.61005,2135.06502,-27.1261,113.1189,20210515,11:08:00,"NPZ9","No-take","npz9.8",105,"Molly","Y","Y"
"2021-05_Abrolhos_stereo-BRUVs.npz9.8","2021-05_Abrolhos_stereo-BRUVs","npz9.8","Lethrinidae","Lethrinus","miniatus",576.20708,1461.79853,-27.1261,113.1189,20210515,11:08:00,"NPZ9","No-take","npz9.8",105,"Molly","Y","Y"
"2021-05_Abrolhos_stereo-BRUVs.npz9.8","2021-05_Abrolhos_stereo-BRUVs","npz9.8","Sparidae","Chrysophrys","auratus",305.20173,2213.69573,-27.1261,113.1189,20210515,11:08:00,"NPZ9","No-take","npz9.8",105,"Molly","Y","Y"
"2021-05_Abrolhos_stereo-BRUVs.npz9.8","2021-05_Abrolhos_stereo-BRUVs","npz9.8","Sparidae","Chrysophrys","auratus",303.94282,1382.48732,-27.1261,113.1189,20210515,11:08:00,"NPZ9","No-take","npz9.8",105,"Molly","Y","Y"
"2021-05_Abrolhos_stereo-BRUVs.npz9.8","2021-05_Abrolhos_stereo-BRUVs","npz9.8","Sparidae","Chrysophrys","auratus",295.52339,1544.97523,-27.1261,113.1189,20210515,11:08:00,"NPZ9","No-take","npz9.8",105,"Molly","Y","Y"
"2021-05_Abrolhos_stereo-BRUVs.npz9.8","2021-05_Abrolhos_stereo-BRUVs","npz9.8","Sparidae","Chrysophrys","auratus",316.91063,895.04534,-27.1261,113.1189,20210515,11:08:00,"NPZ9","No-take","npz9.8",105,"Molly","Y","Y"
"2021-05_Abrolhos_stereo-BRUVs.npz9.8","2021-05_Abrolhos_stereo-BRUVs","npz9.8","Sparidae","Chrysophrys","auratus",575.63477,1434.01992,-27.1261,113.1189,20210515,11:08:00,"NPZ9","No-take","npz9.8",105,"Molly","Y","Y"
"2021-05_Abrolhos_stereo-BRUVs.npz9.9","2021-05_Abrolhos_stereo-BRUVs","npz9.9","Carangidae","Seriola","dumerili",1237.72368,2358.86718,-27.1288,113.1888,20210515,08:48:00,"NPZ9","No-take","npz9.9",82.1,"Molly","Y","Y"
"2021-05_Abrolhos_stereo-BRUVs.npz9.9","2021-05_Abrolhos_stereo-BRUVs","npz9.9","Carangidae","Seriola","hippos",565.73293,2974.73177,-27.1288,113.1888,20210515,08:48:00,"NPZ9","No-take","npz9.9",82.1,"Molly","Y","Y"
"2021-05_Abrolhos_stereo-BRUVs.npz9.9","2021-05_Abrolhos_stereo-BRUVs","npz9.9","Lethrinidae","Lethrinus","miniatus",479.61251,1413.45833,-27.1288,113.1888,20210515,08:48:00,"NPZ9","No-take","npz9.9",82.1,"Molly","Y","Y"
"2021-05_Abrolhos_stereo-BRUVs.npz9.9","2021-05_Abrolhos_stereo-BRUVs","npz9.9","Rachycentridae","Rachycentron","canadum",964.57127,6879.42058,-27.1288,113.1888,20210515,08:48:00,"NPZ9","No-take","npz9.9",82.1,"Molly","Y","Y"
