"campaignid","sample","family","genus","species","length","number","range"
"2021-05_Abrolhos_BOSS","npz6.34","Carangidae","Seriola","hippos",928.41701,1,3948.33871
"2021-05_Abrolhos_BOSS","npz6.34","Carangidae","Seriola","hippos",818.02138,1,1942.70728
"2021-05_Abrolhos_BOSS","npz6.34","Cirrhitidae","Paracirrhites","forsteri",69.48064,1,1950.19525
"2021-05_Abrolhos_BOSS","npz6.34","Scaridae","Scarus","sp3",399.70163,1,3178.85811
"2021-05_Abrolhos_BOSS","npz6.34","Labridae","Anampses","geographicus",271.36238,1,3653.93751
"2021-05_Abrolhos_BOSS","npz6.34","Scaridae","Scarus","sp3",304.24659,1,4079.58365
"2021-05_Abrolhos_BOSS","npz6.34","Mullidae","Parupeneus","spilurus",260.70477,1,2327.62626
"2021-05_Abrolhos_BOSS","npz6.34","Mullidae","Parupeneus","spilurus",207.82753,1,2702.57255
"2021-05_Abrolhos_BOSS","npz6.34","Mullidae","Parupeneus","spilurus",242.08634,1,1709.50603
"2021-05_Abrolhos_BOSS","npz6.34","Labridae","Suezichthys","cyanolaemus",54.1356,1,1173.65855
"2021-05_Abrolhos_BOSS","npz6.34","Mullidae","Parupeneus","spilurus",297.74785,1,2810.854
"2021-05_Abrolhos_BOSS","npz6.34","Labridae","Suezichthys","cyanolaemus",58.72973,1,1215.06727
"2021-05_Abrolhos_BOSS","npz6.34","Mullidae","Parupeneus","spilurus",236.3051,1,2976.04555
"2021-05_Abrolhos_BOSS","npz6.34","Mullidae","Parupeneus","spilurus",251.41532,1,2064.08368
"2021-05_Abrolhos_BOSS","npz6.34","Serranidae","Plectropomus","spp",413.10967,1,2882.64662
"2021-05_Abrolhos_BOSS","npz6.34","Lethrinidae","Lethrinus","miniatus",390.67376,1,2296.66635
"2021-05_Abrolhos_BOSS","npz6.19","Pomacentridae","Chromis","spp",88.93135,1,1881.97947
"2021-05_Abrolhos_BOSS","npz6.19","Nemipteridae","Pentapodus","nagasakiensis",121.75393,1,1467.84441
"2021-05_Abrolhos_BOSS","npz6.19","Nemipteridae","Pentapodus","nagasakiensis",146.03247,1,2216.79051
"2021-05_Abrolhos_BOSS","npz6.19","Nemipteridae","Pentapodus","nagasakiensis",168.50155,1,1114.34212
"2021-05_Abrolhos_BOSS","npz6.19","Labridae","Choerodon","rubescens",270.67114,1,1549.20394
"2021-05_Abrolhos_BOSS","npz6.19","Labridae","Coris","auricularis",289.43708,1,2291.24893
"2021-05_Abrolhos_BOSS","npz6.19","Chaetodontidae","Chaetodon","assarius",65.71823,1,1384.93698
"2021-05_Abrolhos_BOSS","npz6.19","Chaetodontidae","Chaetodon","assarius",58.40717,1,1157.10252
"2021-05_Abrolhos_BOSS","npz6.19","Chaetodontidae","Chaetodon","assarius",71.61457,1,1142.9386
"2021-05_Abrolhos_BOSS","npz6.19","Chaetodontidae","Chaetodon","assarius",60.51051,1,1106.60025
"2021-05_Abrolhos_BOSS","npz6.19","Labridae","Coris","auricularis",221.16106,1,2343.90561
"2021-05_Abrolhos_BOSS","npz6.19","Labridae","Coris","auricularis",120.07866,1,1495.82179
"2021-05_Abrolhos_BOSS","npz6.19","Labridae","Coris","auricularis",104.61518,1,1677.35807
"2021-05_Abrolhos_BOSS","npz6.19","Labridae","Choerodon","rubescens",161.37269,1,2218.67265
"2021-05_Abrolhos_BOSS","npz6.19","Labridae","Coris","auricularis",115.66475,1,1287.17413
"2021-05_Abrolhos_BOSS","npz6.19","Labridae","Coris","auricularis",145.6669,1,2571.69643
"2021-05_Abrolhos_BOSS","npz6.19","Labridae","Coris","auricularis",119.97059,1,1454.66301
"2021-05_Abrolhos_BOSS","npz6.19","Labridae","Coris","auricularis",198.59989,1,1229.332
"2021-05_Abrolhos_BOSS","npz6.19","Labridae","Coris","auricularis",109.03176,1,2140.35922
"2021-05_Abrolhos_BOSS","npz6.19","Labridae","Coris","auricularis",101.0698,1,3135.25403
"2021-05_Abrolhos_BOSS","npz6.19","Labridae","Coris","auricularis",92.38012,1,2830.5942
"2021-05_Abrolhos_BOSS","npz6.19","Labridae","Coris","auricularis",110.29177,1,3062.52373
"2021-05_Abrolhos_BOSS","npz6.19","Labridae","Coris","auricularis",123.33529,1,1243.8971
"2021-05_Abrolhos_BOSS","npz6.19","Labridae","Coris","auricularis",114.39587,1,1723.05985
"2021-05_Abrolhos_BOSS","npz6.19","Labridae","Coris","auricularis",110.99641,1,2696.24184
"2021-05_Abrolhos_BOSS","npz6.19","Labridae","Coris","auricularis",126.39821,1,3035.70322
"2021-05_Abrolhos_BOSS","npz6.19","Labridae","Coris","auricularis",105.24583,1,2293.49035
"2021-05_Abrolhos_BOSS","npz6.19","Labridae","Coris","auricularis",114.45418,1,1800.98485
"2021-05_Abrolhos_BOSS","npz6.19","Labridae","Coris","auricularis",123.32276,1,1986.71056
"2021-05_Abrolhos_BOSS","npz6.19","Labridae","Coris","auricularis",103.62229,1,1683.93785
"2021-05_Abrolhos_BOSS","npz6.19","Labridae","Coris","auricularis",112.96791,1,2367.43779
"2021-05_Abrolhos_BOSS","npz6.19","Labridae","Coris","auricularis",132.45466,1,2050.4336
"2021-05_Abrolhos_BOSS","npz6.19","Labridae","Coris","auricularis",133.76972,1,1818.89908
"2021-05_Abrolhos_BOSS","npz6.19","Mullidae","Parupeneus","spilurus",93.51116,1,1937.49701
"2021-05_Abrolhos_BOSS","npz6.19","Labridae","Coris","auricularis",108.38192,1,2604.89459
"2021-05_Abrolhos_BOSS","npz6.19","Labridae","Coris","auricularis",109.7713,1,2311.65714
"2021-05_Abrolhos_BOSS","npz6.19","Labridae","Coris","auricularis",115.01674,1,1910.60215
"2021-05_Abrolhos_BOSS","npz6.19","Labridae","Coris","auricularis",140.16439,1,2389.23517
"2021-05_Abrolhos_BOSS","npz6.19","Labridae","Austrolabrus","maculatus",90.74074,1,1600.58018
"2021-05_Abrolhos_BOSS","npz6.19","Labridae","Austrolabrus","maculatus",94.88888,1,1428.62595
"2021-05_Abrolhos_BOSS","npz6.19","Labridae","Austrolabrus","maculatus",68.51974,1,1539.13071
"2021-05_Abrolhos_BOSS","npz6.36","Tetraodontidae","Unknown","spp",210.74654,1,1543.46934
"2021-05_Abrolhos_BOSS","npz6.36","Tetraodontidae","Unknown","spp",154.28778,1,1917.38623
"2021-05_Abrolhos_BOSS","npz6.5","Labridae","Coris","auricularis",287.73088,1,2590.96005
"2021-05_Abrolhos_BOSS","npz6.5","Labridae","Coris","auricularis",130.7371,1,1581.34553
"2021-05_Abrolhos_BOSS","npz6.5","Labridae","Coris","auricularis",156.68452,1,1837.06364
"2021-05_Abrolhos_BOSS","npz6.5","Labridae","Coris","auricularis",131.44094,1,1490.32339
"2021-05_Abrolhos_BOSS","npz6.5","Labridae","Coris","auricularis",130.70521,1,1601.58358
"2021-05_Abrolhos_BOSS","npz6.5","Labridae","Coris","auricularis",165.72405,1,1772.50343
"2021-05_Abrolhos_BOSS","npz6.5","Labridae","Coris","auricularis",116.855,1,1731.63071
"2021-05_Abrolhos_BOSS","npz6.5","Labridae","Coris","auricularis",196.57453,1,1706.28909
"2021-05_Abrolhos_BOSS","npz6.5","Labridae","Coris","auricularis",131.44424,1,1825.88961
"2021-05_Abrolhos_BOSS","npz6.5","Labridae","Coris","auricularis",123.77835,1,1472.63736
"2021-05_Abrolhos_BOSS","npz6.5","Labridae","Coris","auricularis",143.33038,1,2138.85477
"2021-05_Abrolhos_BOSS","npz6.5","Labridae","Coris","auricularis",150.05642,1,1403.58198
"2021-05_Abrolhos_BOSS","npz6.5","Nemipteridae","Pentapodus","nagasakiensis",163.58892,1,1639.32339
"2021-05_Abrolhos_BOSS","npz6.5","Nemipteridae","Pentapodus","nagasakiensis",138.6766,1,976.78867
"2021-05_Abrolhos_BOSS","npz6.5","Labridae","Suezichthys","cyanolaemus",83.94285,1,1738.20552
"2021-05_Abrolhos_BOSS","npz6.5","Labridae","Suezichthys","cyanolaemus",64.48862,1,1736.61003
"2021-05_Abrolhos_BOSS","npz6.37","Labridae","Suezichthys","cyanolaemus",118.84847,1,1829.64364
"2021-05_Abrolhos_BOSS","npz6.37","Labridae","Coris","auricularis",121.73488,1,2351.97017
"2021-05_Abrolhos_BOSS","npz6.37","Labridae","Coris","auricularis",198.94935,1,2308.97633
"2021-05_Abrolhos_BOSS","npz6.14","Pomacentridae","Chromis","spp",44.64308,1,1134.34925
"2021-05_Abrolhos_BOSS","npz6.14","Pomacentridae","Chromis","spp",32.27449,1,1242.18984
"2021-05_Abrolhos_BOSS","npz6.14","Pomacentridae","Chromis","spp",38.83601,1,1257.03551
"2021-05_Abrolhos_BOSS","npz6.14","Pomacentridae","Chromis","spp",58.57332,1,1401.60557
"2021-05_Abrolhos_BOSS","npz6.14","Pomacentridae","Chromis","spp",38.07679,1,1434.35147
"2021-05_Abrolhos_BOSS","npz6.14","Pomacentridae","Chromis","spp",65.72004,1,1531.69072
"2021-05_Abrolhos_BOSS","npz6.14","Pomacentridae","Chromis","spp",57.4651,1,1197.80532
"2021-05_Abrolhos_BOSS","npz6.14","Pomacentridae","Chromis","spp",51.9269,1,1270.73985
"2021-05_Abrolhos_BOSS","npz6.14","Pomacentridae","Chromis","spp",40.51974,1,1310.53126
"2021-05_Abrolhos_BOSS","npz6.14","Pomacentridae","Chromis","spp",72.96856,1,1731.23104
"2021-05_Abrolhos_BOSS","npz6.14","Pomacentridae","Chromis","spp",35.51538,1,874.79832
"2021-05_Abrolhos_BOSS","npz6.14","Pomacentridae","Chromis","spp",45.17949,1,1412.11701
"2021-05_Abrolhos_BOSS","npz6.14","Pomacentridae","Chromis","spp",68.34188,1,1151.08677
"2021-05_Abrolhos_BOSS","npz6.14","Pomacentridae","Chromis","spp",31.72191,1,1010.87511
"2021-05_Abrolhos_BOSS","npz6.14","Labridae","Coris","auricularis",157.71081,1,3321.17981
"2021-05_Abrolhos_BOSS","npz6.14","Labridae","Coris","auricularis",131.19017,1,2289.48805
"2021-05_Abrolhos_BOSS","npz6.14","Labridae","Coris","auricularis",71.12279,1,1357.52521
"2021-05_Abrolhos_BOSS","npz6.14","Labridae","Coris","auricularis",52.72495,1,852.58589
"2021-05_Abrolhos_BOSS","npz6.14","Labridae","Coris","auricularis",69.25099,1,1376.95523
"2021-05_Abrolhos_BOSS","npz6.14","Labridae","Coris","auricularis",153.51602,1,2745.33016
"2021-05_Abrolhos_BOSS","npz6.14","Labridae","Coris","auricularis",119.48023,1,1114.30553
"2021-05_Abrolhos_BOSS","npz6.14","Labridae","Coris","auricularis",164.79825,1,2511.31993
"2021-05_Abrolhos_BOSS","npz6.14","Labridae","Coris","auricularis",173.17608,1,1715.97925
"2021-05_Abrolhos_BOSS","npz6.14","Labridae","Coris","auricularis",66.52407,1,1237.9935
"2021-05_Abrolhos_BOSS","npz6.14","Labridae","Coris","auricularis",142.78533,1,1896.60911
"2021-05_Abrolhos_BOSS","npz6.14","Labridae","Coris","auricularis",83.96483,1,1520.60819
"2021-05_Abrolhos_BOSS","npz6.14","Labridae","Coris","auricularis",61.38331,1,874.28407
"2021-05_Abrolhos_BOSS","npz6.14","Lethrinidae","Lethrinus","miniatus",261.56304,1,3200.71034
"2021-05_Abrolhos_BOSS","npz6.14","Lethrinidae","Lethrinus","miniatus",304.42603,1,3749.51349
"2021-05_Abrolhos_BOSS","npz6.14","Lethrinidae","Lethrinus","miniatus",344.50069,1,3934.27464
"2021-05_Abrolhos_BOSS","npz6.14","Lethrinidae","Lethrinus","miniatus",289.11549,1,2388.32729
"2021-05_Abrolhos_BOSS","npz6.14","Lethrinidae","Lethrinus","miniatus",360.90163,1,3371.91225
"2021-05_Abrolhos_BOSS","npz6.14","Lethrinidae","Lethrinus","miniatus",334.87237,1,2099.1376
"2021-05_Abrolhos_BOSS","npz6.14","Lethrinidae","Lethrinus","miniatus",339.9259,1,3349.92439
"2021-05_Abrolhos_BOSS","npz6.14","Lethrinidae","Lethrinus","miniatus",322.90619,1,3303.675
"2021-05_Abrolhos_BOSS","npz6.14","Lethrinidae","Lethrinus","miniatus",290.86546,1,1819.5407
"2021-05_Abrolhos_BOSS","npz6.14","Lethrinidae","Lethrinus","miniatus",363.57988,1,3332.93152
"2021-05_Abrolhos_BOSS","npz6.14","Lethrinidae","Lethrinus","miniatus",305.27347,1,2748.19545
"2021-05_Abrolhos_BOSS","npz6.14","Labridae","Coris","caudimacula",187.46361,1,1618.10097
"2021-05_Abrolhos_BOSS","npz6.14","Mullidae","Parupeneus","spilurus",303.28638,1,1724.36092
"2021-05_Abrolhos_BOSS","npz6.14","Labridae","Anampses","geographicus",107.11491,1,1414.6937
"2021-05_Abrolhos_BOSS","npz6.14","Labridae","Suezichthys","cyanolaemus",63.40271,1,845.15287
"2021-05_Abrolhos_BOSS","npz6.14","Labridae","Choerodon","rubescens",564.62234,1,5542.79033
"2021-05_Abrolhos_BOSS","npz6.33","Labridae","Coris","auricularis",289.09824,1,3918.17728
"2021-05_Abrolhos_BOSS","npz6.33","Mullidae","Parupeneus","spilurus",176.89712,1,1493.71223
"2021-05_Abrolhos_BOSS","npz6.33","Mullidae","Parupeneus","spilurus",325.29079,1,1776.7422
"2021-05_Abrolhos_BOSS","npz6.33","Labridae","Coris","auricularis",68.51388,1,1755.46886
"2021-05_Abrolhos_BOSS","npz6.33","Labridae","Coris","auricularis",137.32909,1,1834.31835
"2021-05_Abrolhos_BOSS","npz6.33","Labridae","Coris","auricularis",134.74072,1,1896.43031
"2021-05_Abrolhos_BOSS","npz6.33","Labridae","Coris","auricularis",75.88598,1,1113.65681
"2021-05_Abrolhos_BOSS","npz6.33","Labridae","Coris","auricularis",63.48999,1,1073.26319
"2021-05_Abrolhos_BOSS","npz6.33","Labridae","Coris","auricularis",62.12353,1,1360.15595
"2021-05_Abrolhos_BOSS","npz6.33","Labridae","Coris","auricularis",66.99902,1,1064.96449
"2021-05_Abrolhos_BOSS","npz6.33","Labridae","Coris","auricularis",147.2238,1,2633.87076
"2021-05_Abrolhos_BOSS","npz6.33","Labridae","Coris","auricularis",89.89447,1,1946.69663
"2021-05_Abrolhos_BOSS","npz6.33","Labridae","Coris","auricularis",67.50571,1,2009.62812
"2021-05_Abrolhos_BOSS","npz6.33","Labridae","Coris","auricularis",179.04534,1,3164.24859
"2021-05_Abrolhos_BOSS","npz6.33","Labridae","Notolabrus","parilus",206.3985,1,2362.7401
"2021-05_Abrolhos_BOSS","npz6.33","Labridae","Labroides","dimidiatus",79.25449,1,1200.93059
"2021-05_Abrolhos_BOSS","npz6.33","Lethrinidae","Lethrinus","miniatus",336.21546,1,2225.28774
"2021-05_Abrolhos_BOSS","npz6.33","Lethrinidae","Lethrinus","miniatus",357.36184,1,3219.48961
"2021-05_Abrolhos_BOSS","npz6.33","Labridae","Suezichthys","cyanolaemus",64.64465,1,1022.19778
"2021-05_Abrolhos_BOSS","npz6.33","Labridae","Anampses","geographicus",109.73559,1,2100.40433
"2021-05_Abrolhos_BOSS","npz6.33","Labridae","Anampses","geographicus",100.48187,1,2247.31154
"2021-05_Abrolhos_BOSS","npz6.33","Labridae","Coris","caudimacula",156.68266,1,2611.89426
"2021-05_Abrolhos_BOSS","npz6.33","Labridae","Anampses","geographicus",139.49541,1,2476.77602
"2021-05_Abrolhos_BOSS","npz6.29","Labridae","Coris","auricularis",180.51342,1,2655.58463
"2021-05_Abrolhos_BOSS","npz6.29","Labridae","Coris","auricularis",129.82694,1,3604.17112
"2021-05_Abrolhos_BOSS","npz6.29","Labridae","Unknown","spp",72.55937,1,1866.95631
"2021-05_Abrolhos_BOSS","npz6.11","Carangidae","Seriola","hippos",747.54526,1,2381.50468
"2021-05_Abrolhos_BOSS","npz6.11","Carangidae","Seriola","hippos",757.53515,1,1489.79993
"2021-05_Abrolhos_BOSS","npz6.11","Labridae","Choerodon","rubescens",497.88073,1,2980.52969
"2021-05_Abrolhos_BOSS","npz6.11","Labridae","Choerodon","rubescens",473.42591,1,3138.84038
"2021-05_Abrolhos_BOSS","npz6.11","Lethrinidae","Lethrinus","miniatus",294.14142,1,2720.95915
"2021-05_Abrolhos_BOSS","npz6.11","Lethrinidae","Lethrinus","miniatus",373.32561,1,3998.12707
"2021-05_Abrolhos_BOSS","npz6.11","Lethrinidae","Lethrinus","miniatus",312.6181,1,2021.50974
"2021-05_Abrolhos_BOSS","npz6.11","Lethrinidae","Lethrinus","miniatus",376.32354,1,2305.74625
"2021-05_Abrolhos_BOSS","npz6.11","Lethrinidae","Lethrinus","miniatus",303.59942,1,3173.1479
"2021-05_Abrolhos_BOSS","npz6.11","Lethrinidae","Lethrinus","miniatus",301.08412,1,3043.30486
"2021-05_Abrolhos_BOSS","npz6.11","Lethrinidae","Lethrinus","miniatus",359.34517,1,3229.8851
"2021-05_Abrolhos_BOSS","npz6.11","Lethrinidae","Lethrinus","miniatus",352.98304,1,3495.53679
"2021-05_Abrolhos_BOSS","npz6.11","Labridae","Coris","caudimacula",152.99757,1,2352.41324
"2021-05_Abrolhos_BOSS","npz6.11","Labridae","Coris","auricularis",160.58715,1,2462.8418
"2021-05_Abrolhos_BOSS","npz6.11","Labridae","Coris","auricularis",152.05991,1,2715.78571
"2021-05_Abrolhos_BOSS","npz6.13","Tetraodontidae","Unknown","spp",199.50059,1,1263.35911
"2021-05_Abrolhos_BOSS","npz6.26","Labridae","Anampses","geographicus",113.06018,1,2229.75007
"2021-05_Abrolhos_BOSS","npz6.26","Pomacentridae","Chromis","spp",57.35972,1,1872.67555
"2021-05_Abrolhos_BOSS","npz6.26","Pomacentridae","Chromis","spp",72.74998,1,1897.58407
"2021-05_Abrolhos_BOSS","npz6.26","Pomacentridae","Chromis","spp",72.55447,1,2017.02547
"2021-05_Abrolhos_BOSS","npz6.26","Pomacentridae","Chromis","spp",54.61132,1,1536.28685
"2021-05_Abrolhos_BOSS","npz6.26","Pomacentridae","Chromis","spp",70.49737,1,1571.80801
"2021-05_Abrolhos_BOSS","npz6.26","Pomacentridae","Chromis","spp",54.70013,1,1578.7606
"2021-05_Abrolhos_BOSS","npz6.26","Pomacentridae","Chromis","spp",66.5077,1,1819.20755
"2021-05_Abrolhos_BOSS","npz6.26","Pomacentridae","Chromis","spp",55.47614,1,1285.50396
"2021-05_Abrolhos_BOSS","npz6.26","Pomacentridae","Chromis","spp",56.01976,1,1494.86187
"2021-05_Abrolhos_BOSS","npz6.26","Pomacentridae","Chromis","spp",64.41154,1,1594.1873
"2021-05_Abrolhos_BOSS","npz6.26","Pomacentridae","Chromis","spp",62.95312,1,1169.39925
"2021-05_Abrolhos_BOSS","npz6.26","Pomacentridae","Chromis","spp",66.96816,1,1174.64733
"2021-05_Abrolhos_BOSS","npz6.26","Pomacentridae","Chromis","spp",48.31393,1,1500.71397
"2021-05_Abrolhos_BOSS","npz6.26","Labridae","Austrolabrus","maculatus",111.64592,1,1319.05652
"2021-05_Abrolhos_BOSS","npz6.26","Pomacentridae","Chromis","spp",62.24072,1,912.91867
"2021-05_Abrolhos_BOSS","npz6.26","Pomacentridae","Chromis","spp",54.92555,1,1272.29726
"2021-05_Abrolhos_BOSS","npz6.26","Pomacentridae","Chromis","spp",49.55628,1,1307.91964
"2021-05_Abrolhos_BOSS","npz6.26","Lethrinidae","Lethrinus","miniatus",320.30895,1,3282.9725
"2021-05_Abrolhos_BOSS","npz6.26","Labridae","Choerodon","rubescens",341.43496,1,1207.4894
"2021-05_Abrolhos_BOSS","npz6.26","Labridae","Coris","auricularis",75.24505,1,977.89189
"2021-05_Abrolhos_BOSS","npz6.26","Labridae","Coris","auricularis",64.8044,1,1317.72684
"2021-05_Abrolhos_BOSS","npz6.26","Labridae","Coris","auricularis",64.16089,1,1748.4703
"2021-05_Abrolhos_BOSS","npz6.26","Labridae","Coris","auricularis",72.54555,1,817.41253
"2021-05_Abrolhos_BOSS","npz6.26","Labridae","Pseudojuloides","elongatus",81.67781,1,1053.86477
"2021-05_Abrolhos_BOSS","npz6.26","Labridae","Coris","auricularis",64.94866,1,718.57313
"2021-05_Abrolhos_BOSS","npz6.26","Labridae","Coris","auricularis",153.5359,1,1837.96977
"2021-05_Abrolhos_BOSS","npz6.26","Labridae","Coris","auricularis",53.8883,1,1030.76297
"2021-05_Abrolhos_BOSS","npz6.26","Labridae","Coris","auricularis",59.98839,1,1062.04785
"2021-05_Abrolhos_BOSS","npz6.26","Labridae","Coris","auricularis",176.80257,1,1262.54948
"2021-05_Abrolhos_BOSS","npz6.26","Labridae","Coris","auricularis",117.39357,1,2342.02186
"2021-05_Abrolhos_BOSS","npz6.26","Labridae","Coris","auricularis",66.19456,1,1858.27378
"2021-05_Abrolhos_BOSS","npz6.26","Labridae","Coris","auricularis",59.44749,1,1379.16166
"2021-05_Abrolhos_BOSS","npz6.26","Labridae","Suezichthys","cyanolaemus",96.96949,1,1254.57157
"2021-05_Abrolhos_BOSS","npz6.26","Labridae","Coris","auricularis",189.29536,1,3037.09842
"2021-05_Abrolhos_BOSS","npz6.26","Labridae","Suezichthys","cyanolaemus",82.82281,1,1012.94182
"2021-05_Abrolhos_BOSS","npz6.26","Mullidae","Parupeneus","spilurus",111.27068,1,1270.0935
"2021-05_Abrolhos_BOSS","npz6.26","Mullidae","Parupeneus","spilurus",117.22097,1,1097.33638
"2021-05_Abrolhos_BOSS","npz6.26","Mullidae","Parupeneus","spilurus",192.39169,1,1284.2678
"2021-05_Abrolhos_BOSS","npz6.26","Labridae","Choerodon","rubescens",169.13556,1,1752.77169
"2021-05_Abrolhos_BOSS","npz6.20","Labridae","Suezichthys","cyanolaemus",80.22915,1,1476.39497
"2021-05_Abrolhos_BOSS","npz6.20","Pomacentridae","Chromis","spp",50.40822,1,1419.92943
"2021-05_Abrolhos_BOSS","npz6.20","Pomacentridae","Chromis","spp",56.18228,1,1208.60279
"2021-05_Abrolhos_BOSS","npz6.20","Pomacentridae","Chromis","spp",67.9951,1,1295.08852
"2021-05_Abrolhos_BOSS","npz6.20","Pomacentridae","Chromis","spp",55.80067,1,1410.64979
"2021-05_Abrolhos_BOSS","npz6.20","Pomacentridae","Chromis","spp",54.82319,1,1131.4948
"2021-05_Abrolhos_BOSS","npz6.20","Pomacentridae","Chromis","spp",58.99897,1,1126.03429
"2021-05_Abrolhos_BOSS","npz6.20","Pomacentridae","Chromis","spp",47.28134,1,1151.23732
"2021-05_Abrolhos_BOSS","npz6.20","Pomacentridae","Chromis","spp",51.39543,1,960.71229
"2021-05_Abrolhos_BOSS","npz6.20","Pomacentridae","Chromis","spp",59.84756,1,1161.24743
"2021-05_Abrolhos_BOSS","npz6.20","Pomacentridae","Chromis","spp",58.04712,1,1046.05324
"2021-05_Abrolhos_BOSS","npz6.20","Pomacentridae","Chromis","spp",89.29059,1,1066.34609
"2021-05_Abrolhos_BOSS","npz6.20","Pomacentridae","Chromis","spp",57.6484,1,1179.75878
"2021-05_Abrolhos_BOSS","npz6.20","Pomacentridae","Chromis","spp",49.32457,1,1110.86678
"2021-05_Abrolhos_BOSS","npz6.20","Pomacentridae","Chromis","spp",58.58102,1,1139.77809
"2021-05_Abrolhos_BOSS","npz6.20","Pomacentridae","Chromis","spp",51.03468,1,1488.04759
"2021-05_Abrolhos_BOSS","npz6.20","Pomacentridae","Chromis","spp",52.45609,1,1626.82064
"2021-05_Abrolhos_BOSS","npz6.20","Pomacentridae","Chromis","spp",67.66276,1,1060.65205
"2021-05_Abrolhos_BOSS","npz6.20","Pomacentridae","Chromis","spp",61.34776,1,919.12092
"2021-05_Abrolhos_BOSS","npz6.20","Pomacentridae","Chromis","spp",53.7105,1,1238.52323
"2021-05_Abrolhos_BOSS","npz6.20","Pomacentridae","Chromis","spp",60.46802,1,1361.85911
"2021-05_Abrolhos_BOSS","npz6.20","Pomacentridae","Chromis","spp",61.09238,1,1454.74622
"2021-05_Abrolhos_BOSS","npz6.20","Pomacentridae","Chromis","spp",56.731,1,1723.44012
"2021-05_Abrolhos_BOSS","npz6.20","Pomacentridae","Chromis","spp",53.52342,1,1568.82925
"2021-05_Abrolhos_BOSS","npz6.20","Pomacentridae","Chromis","spp",47.6348,1,1086.07432
"2021-05_Abrolhos_BOSS","npz6.20","Pomacentridae","Chromis","spp",78.83918,1,1114.84565
"2021-05_Abrolhos_BOSS","npz6.20","Pomacentridae","Chromis","spp",54.39587,1,1562.51569
"2021-05_Abrolhos_BOSS","npz6.20","Pomacentridae","Chromis","spp",81.70759,1,1515.47949
"2021-05_Abrolhos_BOSS","npz6.20","Pomacentridae","Chromis","spp",51.57237,1,1033.4494
"2021-05_Abrolhos_BOSS","npz6.20","Pomacentridae","Chromis","spp",47.72863,1,1125.84677
"2021-05_Abrolhos_BOSS","npz6.20","Pomacentridae","Chromis","spp",53.44565,1,1190.41686
"2021-05_Abrolhos_BOSS","npz6.20","Pomacentridae","Chromis","spp",64.55676,1,1186.56794
"2021-05_Abrolhos_BOSS","npz6.20","Pomacentridae","Chromis","spp",56.40399,1,1414.31556
"2021-05_Abrolhos_BOSS","npz6.20","Serranidae","Pseudanthias","spp",56.80161,1,1312.84071
"2021-05_Abrolhos_BOSS","npz6.20","Serranidae","Pseudanthias","spp",48.36367,1,1268.92735
"2021-05_Abrolhos_BOSS","npz6.20","Serranidae","Pseudanthias","spp",59.23238,1,1193.14968
"2021-05_Abrolhos_BOSS","npz6.20","Serranidae","Pseudanthias","spp",55.22207,1,1261.28363
"2021-05_Abrolhos_BOSS","npz6.20","Serranidae","Pseudanthias","spp",60.84421,1,1156.85233
"2021-05_Abrolhos_BOSS","npz6.20","Serranidae","Pseudanthias","spp",54.08352,1,1321.72147
"2021-05_Abrolhos_BOSS","npz6.20","Serranidae","Pseudanthias","spp",53.74747,1,1143.65226
"2021-05_Abrolhos_BOSS","npz6.20","Serranidae","Pseudanthias","spp",58.77937,1,1232.71398
"2021-05_Abrolhos_BOSS","npz6.20","Serranidae","Pseudanthias","spp",51.40108,1,1270.38737
"2021-05_Abrolhos_BOSS","npz6.20","Serranidae","Pseudanthias","spp",52.89633,1,1158.41301
"2021-05_Abrolhos_BOSS","npz6.20","Serranidae","Pseudanthias","spp",54.44917,1,1178.36203
"2021-05_Abrolhos_BOSS","npz6.20","Serranidae","Pseudanthias","spp",52.0062,1,1181.18449
"2021-05_Abrolhos_BOSS","npz6.17","Lethrinidae","Lethrinus","nebulosus",534.8913,1,3383.05056
"2021-05_Abrolhos_BOSS","npz6.21","Pomacentridae","Chromis","spp",62.447,1,1271.58982
"2021-05_Abrolhos_BOSS","npz6.21","Pomacentridae","Chromis","spp",80.40469,1,1450.33911
"2021-05_Abrolhos_BOSS","npz6.21","Labridae","Coris","auricularis",106.34691,1,1911.91331
"2021-05_Abrolhos_BOSS","npz6.21","Labridae","Coris","auricularis",152.91338,1,2732.0309
"2021-05_Abrolhos_BOSS","npz6.21","Labridae","Coris","auricularis",140.06017,1,2922.84862
"2021-05_Abrolhos_BOSS","npz6.21","Labridae","Coris","auricularis",137.14219,1,2950.57465
"2021-05_Abrolhos_BOSS","npz6.21","Labridae","Coris","auricularis",173.49943,1,3067.08154
"2021-05_Abrolhos_BOSS","npz6.21","Labridae","Coris","auricularis",196.00775,1,2173.27838
"2021-05_Abrolhos_BOSS","npz6.21","Labridae","Coris","auricularis",298.25756,1,2961.07934
"2021-05_Abrolhos_BOSS","npz6.21","Labridae","Coris","auricularis",126.02047,1,2122.85937
"2021-05_Abrolhos_BOSS","npz6.21","Chaetodontidae","Chaetodon","assarius",74.49606,1,1556.46166
"2021-05_Abrolhos_BOSS","npz6.21","Chaetodontidae","Chaetodon","assarius",73.07902,1,1712.05049
"2021-05_Abrolhos_BOSS","npz6.31","Pinguipedidae","Parapercis","spp",49.26243,1,1836.8482
"2021-05_Abrolhos_BOSS","npz6.31","Pinguipedidae","Parapercis","spp",98.52486,1,1923.2787
"2021-05_Abrolhos_BOSS","npz6.25","SUS","SUS","sus",52.21965,1,1754.52264
"2021-05_Abrolhos_BOSS","npz6.25","Labridae","Unknown","sp3",76.65476,1,1765.62246
"2021-05_Abrolhos_BOSS","npz6.25","Sparidae","Chrysophrys","auratus",415.06362,1,3713.4521
"2021-05_Abrolhos_BOSS","npz6.25","Pinguipedidae","Parapercis","spp",67.72388,1,1833.04735
"2021-05_Abrolhos_BOSS","npz6.1","Labridae","Choerodon","rubescens",641.58271,1,3613.28605
"2021-05_Abrolhos_BOSS","npz6.1","Sparidae","Chrysophrys","auratus",312.39948,1,5018.55426
"2021-05_Abrolhos_BOSS","npz6.9","Pinguipedidae","Parapercis","spp",55.13838,1,2196.66135
"2021-05_Abrolhos_BOSS","npz6.42","Nemipteridae","Pentapodus","nagasakiensis",136.93096,1,1368.0455
"2021-05_Abrolhos_BOSS","npz6.42","Nemipteridae","Pentapodus","nagasakiensis",126.65913,1,1647.45681
"2021-05_Abrolhos_BOSS","npz6.42","Nemipteridae","Pentapodus","nagasakiensis",148.87829,1,2346.04358
"2021-05_Abrolhos_BOSS","npz6.42","Nemipteridae","Pentapodus","nagasakiensis",117.10017,1,2282.73707
"2021-05_Abrolhos_BOSS","npz6.42","Mullidae","Parupeneus","chrysopleuron",111.59542,1,1322.92673
"2021-05_Abrolhos_BOSS","npz6.42","Mullidae","Parupeneus","chrysopleuron",110.23015,1,1202.01831
"2021-05_Abrolhos_BOSS","npz6.42","Mullidae","Parupeneus","chrysopleuron",108.14649,1,1318.4072
"2021-05_Abrolhos_BOSS","npz6.50","Pomacentridae","Chromis","spp",47.77341,1,997.12337
"2021-05_Abrolhos_BOSS","npz6.50","Pomacentridae","Chromis","spp",44.2755,1,896.81296
"2021-05_Abrolhos_BOSS","npz6.50","Pomacentridae","Chromis","spp",37.26368,1,811.49039
"2021-05_Abrolhos_BOSS","npz6.50","Pomacentridae","Chromis","spp",43.32566,1,1109.60031
"2021-05_Abrolhos_BOSS","npz6.50","Pomacentridae","Chromis","spp",44.76586,1,1013.12489
"2021-05_Abrolhos_BOSS","npz6.50","Pomacentridae","Chromis","spp",38.1212,1,1069.02907
"2021-05_Abrolhos_BOSS","npz6.50","Pomacentridae","Chromis","spp",42.44973,1,955.39149
"2021-05_Abrolhos_BOSS","npz6.50","Pomacentridae","Chromis","spp",41.71107,1,905.95364
"2021-05_Abrolhos_BOSS","npz6.50","Pomacentridae","Chromis","spp",48.74338,1,1251.63711
"2021-05_Abrolhos_BOSS","npz6.50","Pomacentridae","Chromis","spp",43.62907,1,835.92493
"2021-05_Abrolhos_BOSS","npz6.50","Pomacentridae","Chromis","spp",50.86829,1,1158.89536
"2021-05_Abrolhos_BOSS","npz6.50","Pomacentridae","Chromis","spp",46.89266,1,967.37767
"2021-05_Abrolhos_BOSS","npz6.50","Pomacentridae","Chromis","spp",50.42408,1,1296.47737
"2021-05_Abrolhos_BOSS","npz6.50","Pomacentridae","Chromis","spp",41.42158,1,1066.68588
"2021-05_Abrolhos_BOSS","npz6.50","Pomacentridae","Chromis","spp",48.78182,1,823.35789
"2021-05_Abrolhos_BOSS","npz6.50","Pomacentridae","Chromis","spp",40.66275,1,982.08133
"2021-05_Abrolhos_BOSS","npz6.50","Pomacentridae","Chromis","spp",40.82904,1,1034.25503
"2021-05_Abrolhos_BOSS","npz6.50","Pomacentridae","Chromis","spp",49.11069,1,953.60593
"2021-05_Abrolhos_BOSS","npz6.50","Pomacentridae","Chromis","spp",46.42989,1,1088.20281
"2021-05_Abrolhos_BOSS","npz6.50","Pomacentridae","Chromis","spp",40.98707,1,904.34907
"2021-05_Abrolhos_BOSS","npz6.50","Pomacentridae","Chromis","spp",44.42029,1,1040.39371
"2021-05_Abrolhos_BOSS","npz6.50","Pomacentridae","Chromis","spp",52.77915,1,1131.22769
"2021-05_Abrolhos_BOSS","npz6.50","Pomacentridae","Chromis","spp",43.03216,1,1164.69351
"2021-05_Abrolhos_BOSS","npz6.50","Pomacentridae","Chromis","spp",46.63041,1,1000.70968
"2021-05_Abrolhos_BOSS","npz6.50","Pomacentridae","Chromis","spp",45.17051,1,839.38507
"2021-05_Abrolhos_BOSS","npz6.50","Pomacentridae","Chromis","spp",42.80103,1,1101.15514
"2021-05_Abrolhos_BOSS","npz6.50","Pomacentridae","Chromis","spp",47.41177,1,1106.64897
"2021-05_Abrolhos_BOSS","npz6.50","Pomacentridae","Chromis","spp",49.82692,1,1163.81948
"2021-05_Abrolhos_BOSS","npz6.50","Pomacentridae","Chromis","spp",45.64652,1,1297.65751
"2021-05_Abrolhos_BOSS","npz6.50","Pomacentridae","Chromis","spp",49.18251,1,1217.82555
"2021-05_Abrolhos_BOSS","npz6.50","Pomacentridae","Chromis","spp",45.08024,1,1123.71037
"2021-05_Abrolhos_BOSS","npz6.50","Pomacentridae","Chromis","spp",52.56896,1,915.58509
"2021-05_Abrolhos_BOSS","npz6.50","Pomacentridae","Chromis","spp",45.46768,1,1151.16384
"2021-05_Abrolhos_BOSS","npz6.50","Pomacentridae","Chromis","spp",35.68535,1,967.26823
"2021-05_Abrolhos_BOSS","npz6.50","Pomacentridae","Chromis","spp",50.30917,1,897.20426
"2021-05_Abrolhos_BOSS","npz6.50","Pomacentridae","Chromis","spp",48.09349,1,958.78439
"2021-05_Abrolhos_BOSS","npz6.50","Pomacentridae","Chromis","spp",48.21214,1,1056.89119
"2021-05_Abrolhos_BOSS","npz6.50","Pomacentridae","Chromis","spp",42.80738,1,1221.85862
"2021-05_Abrolhos_BOSS","npz6.50","Pomacentridae","Chromis","spp",44.35027,1,835.24318
"2021-05_Abrolhos_BOSS","npz6.50","Pomacentridae","Chromis","spp",50.38706,1,831.62787
"2021-05_Abrolhos_BOSS","npz6.50","Pomacentridae","Chromis","spp",59.11285,1,968.54168
"2021-05_Abrolhos_BOSS","npz6.50","Pomacentridae","Chromis","spp",42.79653,1,779.96666
"2021-05_Abrolhos_BOSS","npz6.50","Pomacentridae","Chromis","spp",52.15885,1,825.69332
"2021-05_Abrolhos_BOSS","npz6.50","Pomacentridae","Chromis","spp",41.35388,1,781.9848
"2021-05_Abrolhos_BOSS","npz6.50","Pomacentridae","Chromis","spp",40.67001,1,867.04095
"2021-05_Abrolhos_BOSS","npz6.50","Pomacentridae","Chromis","spp",44.79161,1,987.66725
"2021-05_Abrolhos_BOSS","npz6.50","Pomacentridae","Chromis","spp",56.40423,1,1319.24959
"2021-05_Abrolhos_BOSS","npz6.50","Pomacentridae","Chromis","spp",43.38893,1,812.61659
"2021-05_Abrolhos_BOSS","npz6.50","Pomacentridae","Chromis","spp",53.57835,1,1038.93915
"2021-05_Abrolhos_BOSS","npz6.50","Pomacentridae","Chromis","spp",48.02444,1,1099.89042
"2021-05_Abrolhos_BOSS","npz6.50","Pomacentridae","Chromis","spp",44.44289,1,1055.52722
"2021-05_Abrolhos_BOSS","npz6.50","Pomacentridae","Chromis","spp",39.09984,1,889.23804
"2021-05_Abrolhos_BOSS","npz6.50","Pomacentridae","Chromis","spp",65.04515,1,869.7882
"2021-05_Abrolhos_BOSS","npz6.50","Pomacentridae","Chromis","spp",46.75292,1,1076.74291
"2021-05_Abrolhos_BOSS","npz6.50","Pomacentridae","Chromis","spp",45.55395,1,792.19827
"2021-05_Abrolhos_BOSS","npz6.50","Pomacentridae","Chromis","spp",42.19037,1,928.69689
"2021-05_Abrolhos_BOSS","npz6.50","Pomacentridae","Chromis","spp",40.80912,1,1126.0516
"2021-05_Abrolhos_BOSS","npz6.50","Pomacentridae","Chromis","spp",44.44033,1,1016.53423
"2021-05_Abrolhos_BOSS","npz6.50","Pomacentridae","Chromis","spp",50.12235,1,946.39791
"2021-05_Abrolhos_BOSS","npz6.50","Pomacentridae","Chromis","spp",48.41715,1,865.16159
"2021-05_Abrolhos_BOSS","npz6.50","Labridae","Coris","auricularis",107.53253,1,2896.60159
"2021-05_Abrolhos_BOSS","npz6.50","Labridae","Coris","auricularis",58.81929,1,1018.41412
"2021-05_Abrolhos_BOSS","npz6.50","Labridae","Coris","auricularis",54.87627,1,1091.4791
"2021-05_Abrolhos_BOSS","npz6.50","Labridae","Coris","auricularis",114.64751,1,2250.89822
"2021-05_Abrolhos_BOSS","npz6.50","Labridae","Choerodon","rubescens",266.47688,1,2413.2208
"2021-05_Abrolhos_BOSS","npz6.50","Labridae","Choerodon","rubescens",357.70941,1,2932.98052
"2021-05_Abrolhos_BOSS","npz6.50","Labridae","Austrolabrus","maculatus",53.63503,1,1142.27767
"2021-05_Abrolhos_BOSS","npz6.46","Labridae","Choerodon","rubescens",279.24747,1,1454.35272
"2021-05_Abrolhos_BOSS","npz6.46","Labridae","Choerodon","rubescens",396.14139,1,2770.04229
"2021-05_Abrolhos_BOSS","npz6.46","Lethrinidae","Lethrinus","miniatus",283.79308,1,2337.22128
"2021-05_Abrolhos_BOSS","npz6.46","Lethrinidae","Lethrinus","miniatus",292.42235,1,2497.66328
"2021-05_Abrolhos_BOSS","npz6.46","Lethrinidae","Lethrinus","miniatus",288.42432,1,1747.71757
"2021-05_Abrolhos_BOSS","npz6.46","Lethrinidae","Lethrinus","miniatus",247.93664,1,2241.68437
"2021-05_Abrolhos_BOSS","npz6.46","Lethrinidae","Lethrinus","miniatus",328.56164,1,1525.34084
"2021-05_Abrolhos_BOSS","npz6.46","Lethrinidae","Lethrinus","miniatus",322.52059,1,1674.66555
"2021-05_Abrolhos_BOSS","npz6.24","Mullidae","Parupeneus","chrysopleuron",91.6829,1,1642.96937
"2021-05_Abrolhos_BOSS","npz6.24","Nemipteridae","Pentapodus","nagasakiensis",184.82012,1,2853.64387
"2021-05_Abrolhos_BOSS","npz6.24","Labridae","Suezichthys","cyanolaemus",58.76223,1,1246.99603
"2021-05_Abrolhos_BOSS","npz6.24","Labridae","Unknown","sp3",85.92254,1,1674.00641
"2021-05_Abrolhos_BOSS","npz6.18","Scaridae","Scarus","chameleon",282.93034,1,2291.95853
"2021-05_Abrolhos_BOSS","npz6.18","Scaridae","Scarus","chameleon",239.82033,1,2634.52671
"2021-05_Abrolhos_BOSS","npz6.18","Scaridae","Scarus","sp3",200.13888,1,2285.03619
"2021-05_Abrolhos_BOSS","npz6.18","Scaridae","Scarus","sp3",147.64184,1,2349.49781
"2021-05_Abrolhos_BOSS","npz6.18","Chaetodontidae","Chaetodon","assarius",54.48197,1,1250.87061
"2021-05_Abrolhos_BOSS","npz6.18","Lethrinidae","Lethrinus","miniatus",480.96699,1,3365.80856
"2021-05_Abrolhos_BOSS","npz6.18","Labridae","Anampses","geographicus",68.1339,1,2285.07301
"2021-05_Abrolhos_BOSS","npz6.18","Labridae","Anampses","geographicus",59.9897,1,2375.75121
"2021-05_Abrolhos_BOSS","npz6.18","Labridae","Suezichthys","cyanolaemus",72.88358,1,1020.83133
"2021-05_Abrolhos_BOSS","npz6.18","Pomacentridae","Chromis","spp",65.91698,1,1413.96406
"2021-05_Abrolhos_BOSS","npz6.18","Pomacentridae","Chromis","spp",76.45836,1,1661.73451
"2021-05_Abrolhos_BOSS","npz6.18","Pomacentridae","Chromis","spp",89.13132,1,1413.58312
"2021-05_Abrolhos_BOSS","npz6.18","Pomacentridae","Chromis","spp",69.44239,1,1557.84191
"2021-05_Abrolhos_BOSS","npz6.18","Pomacentridae","Chromis","spp",64.42072,1,1063.00493
"2021-05_Abrolhos_BOSS","npz6.18","Pomacentridae","Chromis","spp",89.91055,1,1135.94577
"2021-05_Abrolhos_BOSS","npz6.18","Pomacentridae","Chromis","spp",75.34608,1,1359.85867
"2021-05_Abrolhos_BOSS","npz6.18","Pomacentridae","Chromis","spp",83.96294,1,755.78565
"2021-05_Abrolhos_BOSS","npz6.18","Pomacentridae","Chromis","spp",68.13413,1,1227.23533
"2021-05_Abrolhos_BOSS","npz6.18","Pomacentridae","Chromis","spp",79.22089,1,1005.51389
"2021-05_Abrolhos_BOSS","npz6.18","Pomacentridae","Chromis","spp",89.059,1,1272.6965
"2021-05_Abrolhos_BOSS","npz6.18","Pomacentridae","Chromis","spp",79.52934,1,948.31261
"2021-05_Abrolhos_BOSS","npz6.18","Pomacentridae","Chromis","spp",91.2361,1,1271.88512
"2021-05_Abrolhos_BOSS","npz6.18","Pomacentridae","Chromis","spp",69.14946,1,1131.36318
"2021-05_Abrolhos_BOSS","npz6.18","Pomacentridae","Chromis","spp",79.03788,1,882.5171
"2021-05_Abrolhos_BOSS","npz6.18","Pomacentridae","Chromis","spp",76.59246,1,1060.70158
"2021-05_Abrolhos_BOSS","npz6.18","Pomacentridae","Chromis","spp",72.61563,1,962.753
"2021-05_Abrolhos_BOSS","npz6.18","Pomacentridae","Chromis","spp",78.91159,1,1301.12385
"2021-05_Abrolhos_BOSS","npz6.18","Pomacentridae","Chromis","spp",77.66575,1,798.50761
"2021-05_Abrolhos_BOSS","npz6.18","Pomacentridae","Chromis","spp",69.49072,1,1239.40317
"2021-05_Abrolhos_BOSS","npz6.18","Pomacentridae","Chromis","spp",72.10203,1,1546.33912
"2021-05_Abrolhos_BOSS","npz6.18","Pomacentridae","Chromis","spp",76.12277,1,1289.92453
"2021-05_Abrolhos_BOSS","npz6.18","Pomacentridae","Chromis","spp",71.54714,1,1172.28818
"2021-05_Abrolhos_BOSS","npz6.18","Pomacentridae","Chromis","spp",63.998,1,1014.18104
"2021-05_Abrolhos_BOSS","npz6.18","Pomacentridae","Chromis","spp",73.30097,1,1277.76375
"2021-05_Abrolhos_BOSS","npz6.18","Pomacentridae","Chromis","spp",81.39,1,1767.16831
"2021-05_Abrolhos_BOSS","npz6.18","Pomacentridae","Chromis","spp",70.5656,1,1088.81569
"2021-05_Abrolhos_BOSS","npz6.18","Pomacentridae","Chromis","spp",76.00251,1,958.29209
"2021-05_Abrolhos_BOSS","npz6.18","Pomacentridae","Chromis","spp",57.90739,1,1559.82045
"2021-05_Abrolhos_BOSS","npz6.18","Labridae","Coris","auricularis",96.80258,1,1810.20823
"2021-05_Abrolhos_BOSS","npz6.18","Labridae","Coris","auricularis",122.02878,1,2396.40351
"2021-05_Abrolhos_BOSS","npz6.18","Labridae","Coris","auricularis",104.38983,1,1929.92863
"2021-05_Abrolhos_BOSS","npz6.18","Labridae","Coris","auricularis",191.94888,1,2247.46223
"2021-05_Abrolhos_BOSS","npz6.18","Labridae","Coris","auricularis",137.61714,1,1922.57989
"2021-05_Abrolhos_BOSS","npz6.18","Mullidae","Parupeneus","spilurus",152.31714,1,1992.89177
"2021-05_Abrolhos_BOSS","npz6.18","Mullidae","Parupeneus","spilurus",91.11363,1,2021.03696
"2021-05_Abrolhos_BOSS","npz6.18","Mullidae","Parupeneus","spilurus",82.55299,1,2019.50833
"2021-05_Abrolhos_BOSS","npz6.18","Mullidae","Parupeneus","spilurus",81.62617,1,2001.29524
"2021-05_Abrolhos_BOSS","npz6.18","Labridae","Coris","auricularis",258.44663,1,2691.33972
"2021-05_Abrolhos_BOSS","npz6.18","Pempherididae","Pempheris","klunzingeri",127.39847,1,1907.04376
"2021-05_Abrolhos_BOSS","npz6.18","Pempherididae","Pempheris","klunzingeri",78.98568,1,1868.95921
"2021-05_Abrolhos_BOSS","npz6.18","Labridae","Unknown","spp",100.07091,1,2678.56044
"2021-05_Abrolhos_BOSS","npz6.18","Labridae","Choerodon","rubescens",176.49684,1,2190.58202
"2021-05_Abrolhos_BOSS","npz6.18","Labridae","Choerodon","rubescens",238.27549,1,2150.64516
"2021-05_Abrolhos_BOSS","npz6.47","Labridae","Unknown","spp",75.72383,1,1864.27105
"2021-05_Abrolhos_BOSS","npz6.47","Labridae","Coris","auricularis",153.44506,1,2244.5082
"2021-05_Abrolhos_BOSS","npz6.47","Labridae","Coris","auricularis",163.91581,1,1806.51937
"2021-05_Abrolhos_BOSS","npz6.49","Labridae","Coris","auricularis",100.02428,1,864.30565
"2021-05_Abrolhos_BOSS","npz6.49","Labridae","Coris","auricularis",122.54798,1,1728.60289
"2021-05_Abrolhos_BOSS","npz6.49","Labridae","Coris","auricularis",111.75102,1,1870.21177
"2021-05_Abrolhos_BOSS","npz6.49","Labridae","Coris","auricularis",83.55751,1,1763.01475
"2021-05_Abrolhos_BOSS","npz6.49","Labridae","Coris","auricularis",113.68129,1,1695.87781
"2021-05_Abrolhos_BOSS","npz6.49","Labridae","Suezichthys","cyanolaemus",96.42204,1,1386.24054
"2021-05_Abrolhos_BOSS","npz6.49","Labridae","Austrolabrus","maculatus",91.57127,1,1468.14991
"2021-05_Abrolhos_BOSS","npz6.49","Lethrinidae","Lethrinus","miniatus",484.75237,1,1942.04655
"2021-05_Abrolhos_BOSS","npz6.49","Labridae","Suezichthys","cyanolaemus",54.54954,1,1115.39541
"2021-05_Abrolhos_BOSS","npz6.38","Pomacentridae","Chromis","spp",76.98396,1,1225.1018
"2021-05_Abrolhos_BOSS","npz6.38","Pomacentridae","Chromis","spp",46.07923,1,1105.91351
"2021-05_Abrolhos_BOSS","npz6.38","Pomacentridae","Chromis","spp",52.00383,1,1134.30934
"2021-05_Abrolhos_BOSS","npz6.38","Pomacentridae","Chromis","spp",56.43243,1,911.06176
"2021-05_Abrolhos_BOSS","npz6.38","Pomacentridae","Chromis","spp",47.78078,1,1277.81257
"2021-05_Abrolhos_BOSS","npz6.38","Pomacentridae","Chromis","spp",62.47327,1,1183.29647
"2021-05_Abrolhos_BOSS","npz6.38","Pomacentridae","Chromis","spp",50.79797,1,1098.15059
"2021-05_Abrolhos_BOSS","npz6.38","Pomacentridae","Chromis","spp",71.76367,1,1886.01679
"2021-05_Abrolhos_BOSS","npz6.38","Pomacentridae","Chromis","spp",75.78369,1,1123.18982
"2021-05_Abrolhos_BOSS","npz6.38","Pomacentridae","Chromis","spp",44.63547,1,749.05229
"2021-05_Abrolhos_BOSS","npz6.38","Pomacentridae","Chromis","spp",64.76026,1,1463.31319
"2021-05_Abrolhos_BOSS","npz6.38","Pomacentridae","Chromis","spp",57.16138,1,996.92743
"2021-05_Abrolhos_BOSS","npz6.38","Pomacentridae","Chromis","spp",66.81292,1,680.59594
"2021-05_Abrolhos_BOSS","npz6.38","Pomacentridae","Chromis","spp",42.93703,1,772.64853
"2021-05_Abrolhos_BOSS","npz6.38","Pomacentridae","Chromis","spp",57.22021,1,1822.11667
"2021-05_Abrolhos_BOSS","npz6.38","Pomacentridae","Chromis","spp",54.25202,1,703.45162
"2021-05_Abrolhos_BOSS","npz6.38","Pomacentridae","Chromis","spp",53.52297,1,1408.67156
"2021-05_Abrolhos_BOSS","npz6.38","Pomacentridae","Chromis","spp",51.64832,1,1298.53586
"2021-05_Abrolhos_BOSS","npz6.38","Pomacentridae","Chromis","spp",64.5213,1,1281.98775
"2021-05_Abrolhos_BOSS","npz6.38","Pomacentridae","Chromis","spp",50.4184,1,825.89916
"2021-05_Abrolhos_BOSS","npz6.38","Mullidae","Parupeneus","spilurus",130.84882,1,1135.61009
"2021-05_Abrolhos_BOSS","npz6.38","Mullidae","Parupeneus","spilurus",94.49004,1,1130.31549
"2021-05_Abrolhos_BOSS","npz6.38","Mullidae","Parupeneus","spilurus",86.45086,1,990.38272
"2021-05_Abrolhos_BOSS","npz6.38","Labridae","Anampses","geographicus",106.891,1,3247.21077
"2021-05_Abrolhos_BOSS","npz6.38","Labridae","Suezichthys","cyanolaemus",90.3786,1,1164.56189
"2021-05_Abrolhos_BOSS","npz6.38","Labridae","Suezichthys","cyanolaemus",110.37851,1,896.78896
"2021-05_Abrolhos_BOSS","npz6.38","Labridae","Suezichthys","cyanolaemus",70.31137,1,1147.42734
"2021-05_Abrolhos_BOSS","npz6.38","Labridae","Coris","caudimacula",122.60445,1,1591.29157
"2021-05_Abrolhos_BOSS","npz6.38","Labridae","Coris","caudimacula",103.19736,1,1952.44527
"2021-05_Abrolhos_BOSS","npz6.38","Labridae","Coris","caudimacula",117.18847,1,1049.41791
"2021-05_Abrolhos_BOSS","npz6.38","Labridae","Coris","auricularis",179.31277,1,2000.58114
"2021-05_Abrolhos_BOSS","npz6.38","Labridae","Coris","auricularis",165.44132,1,2343.58685
"2021-05_Abrolhos_BOSS","npz6.38","Labridae","Coris","auricularis",114.51008,1,1294.08962
"2021-05_Abrolhos_BOSS","npz6.38","Labridae","Coris","auricularis",127.04414,1,2414.41133
"2021-05_Abrolhos_BOSS","npz6.38","Labridae","Coris","auricularis",74.61052,1,900.64611
"2021-05_Abrolhos_BOSS","npz6.38","Labridae","Coris","auricularis",72.46597,1,979.5362
"2021-05_Abrolhos_BOSS","npz6.38","Labridae","Coris","auricularis",56.93787,1,969.38815
"2021-05_Abrolhos_BOSS","npz6.38","Labridae","Coris","auricularis",103.97657,1,1627.38813
"2021-05_Abrolhos_BOSS","npz6.38","Labridae","Coris","auricularis",164.64904,1,1107.00892
"2021-05_Abrolhos_BOSS","npz6.38","Labridae","Coris","auricularis",91.05345,1,933.39803
"2021-05_Abrolhos_BOSS","npz6.38","Labridae","Coris","auricularis",76.30017,1,909.8929
"2021-05_Abrolhos_BOSS","npz6.38","Labridae","Coris","auricularis",116.19974,1,1604.63897
"2021-05_Abrolhos_BOSS","npz6.38","Labridae","Coris","auricularis",136.88138,1,1810.21605
"2021-05_Abrolhos_BOSS","npz6.38","Labridae","Coris","auricularis",168.58792,1,3021.29966
"2021-05_Abrolhos_BOSS","npz6.38","Labridae","Coris","auricularis",131.55343,1,2087.86971
"2021-05_Abrolhos_BOSS","npz6.38","Labridae","Choerodon","rubescens",315.10994,1,2962.35009
"2021-05_Abrolhos_BOSS","npz6.38","Labridae","Choerodon","rubescens",269.90601,1,1620.0137
"2021-05_Abrolhos_BOSS","npz6.38","Lethrinidae","Lethrinus","miniatus",450.3001,1,3676.02871
"2021-05_Abrolhos_BOSS","npz6.39","Pomacentridae","Chromis","spp",67.33353,1,1584.79832
"2021-05_Abrolhos_BOSS","npz6.39","Pomacentridae","Chromis","spp",48.11589,1,921.34761
"2021-05_Abrolhos_BOSS","npz6.39","Pomacentridae","Chromis","spp",85.38668,1,1806.30993
"2021-05_Abrolhos_BOSS","npz6.39","Pomacentridae","Chromis","spp",58.32208,1,1693.14694
"2021-05_Abrolhos_BOSS","npz6.39","Pomacentridae","Chromis","spp",63.76049,1,848.44536
"2021-05_Abrolhos_BOSS","npz6.39","Pomacentridae","Chromis","spp",59.33358,1,2054.89353
"2021-05_Abrolhos_BOSS","npz6.39","Pomacentridae","Chromis","spp",54.62364,1,781.54573
"2021-05_Abrolhos_BOSS","npz6.39","Pomacentridae","Chromis","spp",59.14791,1,760.88369
"2021-05_Abrolhos_BOSS","npz6.39","Pomacentridae","Chromis","spp",56.21745,1,750.70926
"2021-05_Abrolhos_BOSS","npz6.39","Pomacentridae","Chromis","spp",49.71519,1,823.7004
"2021-05_Abrolhos_BOSS","npz6.39","Pomacentridae","Chromis","spp",40.83655,1,694.87608
"2021-05_Abrolhos_BOSS","npz6.39","Pomacentridae","Chromis","spp",68.91702,1,1071.47141
"2021-05_Abrolhos_BOSS","npz6.39","Pomacentridae","Chromis","spp",65.94423,1,1565.10075
"2021-05_Abrolhos_BOSS","npz6.39","Pomacentridae","Chromis","spp",60.7408,1,792.81295
"2021-05_Abrolhos_BOSS","npz6.39","Pomacentridae","Chromis","spp",51.14012,1,866.23365
"2021-05_Abrolhos_BOSS","npz6.39","Labridae","Coris","auricularis",138.04309,1,2244.26691
"2021-05_Abrolhos_BOSS","npz6.39","Labridae","Coris","auricularis",63.39237,1,1931.37063
"2021-05_Abrolhos_BOSS","npz6.39","Labridae","Coris","auricularis",157.63974,1,2138.61622
"2021-05_Abrolhos_BOSS","npz6.39","Labridae","Coris","auricularis",55.02288,1,1513.18691
"2021-05_Abrolhos_BOSS","npz6.39","Lethrinidae","Lethrinus","miniatus",443.03861,1,4894.62801
"2021-05_Abrolhos_BOSS","npz6.39","Labridae","Coris","auricularis",63.92576,1,1312.67921
"2021-05_Abrolhos_BOSS","npz6.39","Labridae","Coris","auricularis",69.05126,1,1295.8863
"2021-05_Abrolhos_BOSS","npz6.39","Labridae","Coris","auricularis",109.81746,1,1827.21109
"2021-05_Abrolhos_BOSS","npz6.39","Labridae","Coris","auricularis",61.81004,1,1244.04602
"2021-05_Abrolhos_BOSS","npz6.39","Labridae","Coris","auricularis",67.53084,1,1969.4445
"2021-05_Abrolhos_BOSS","npz6.39","Labridae","Coris","auricularis",58.86644,1,1665.46539
"2021-05_Abrolhos_BOSS","npz6.39","Labridae","Coris","auricularis",70.19972,1,1470.65933
"2021-05_Abrolhos_BOSS","npz6.39","Labridae","Coris","auricularis",128.31231,1,2264.4759
"2021-05_Abrolhos_BOSS","npz6.39","Labridae","Coris","auricularis",78.8425,1,1544.32978
"2021-05_Abrolhos_BOSS","npz6.39","Labridae","Coris","auricularis",77.95224,1,1117.09826
"2021-05_Abrolhos_BOSS","npz6.39","Labridae","Coris","auricularis",61.72796,1,1248.53722
"2021-05_Abrolhos_BOSS","npz6.39","Labridae","Coris","auricularis",72.64262,1,1048.99397
"2021-05_Abrolhos_BOSS","npz6.39","Labridae","Coris","auricularis",77.06793,1,1434.68611
"2021-05_Abrolhos_BOSS","npz6.39","Labridae","Coris","auricularis",61.11228,1,967.67405
"2021-05_Abrolhos_BOSS","npz6.39","Labridae","Coris","auricularis",55.16354,1,1190.67764
"2021-05_Abrolhos_BOSS","npz6.39","Labridae","Coris","auricularis",254.6508,1,1545.17484
"2021-05_Abrolhos_BOSS","npz6.39","Labridae","Coris","auricularis",121.25804,1,1228.06223
"2021-05_Abrolhos_BOSS","npz6.39","Mullidae","Parupeneus","spilurus",77.74151,1,940.22364
"2021-05_Abrolhos_BOSS","npz6.39","Mullidae","Parupeneus","spilurus",276.9154,1,1923.42774
"2021-05_Abrolhos_BOSS","npz6.39","Labridae","Anampses","geographicus",72.9402,1,1701.35459
"2021-05_Abrolhos_BOSS","npz6.39","Mullidae","Parupeneus","spilurus",247.0801,1,2430.69451
"2021-05_Abrolhos_BOSS","npz6.39","Labridae","Choerodon","rubescens",186.35502,1,1584.28277
"2021-05_Abrolhos_BOSS","npz6.39","Labridae","Suezichthys","cyanolaemus",100.51995,1,1458.85778
"2021-05_Abrolhos_BOSS","npz6.40","Labridae","Coris","auricularis",125.67167,1,1470.03069
"2021-05_Abrolhos_BOSS","npz6.40","Labridae","Coris","auricularis",118.78408,1,896.12585
"2021-05_Abrolhos_BOSS","npz6.40","Labridae","Coris","auricularis",123.33277,1,1081.16648
"2021-05_Abrolhos_BOSS","npz6.40","Labridae","Coris","auricularis",91.97021,1,1294.03549
"2021-05_Abrolhos_BOSS","npz6.40","Labridae","Coris","auricularis",191.5206,1,3170.21655
"2021-05_Abrolhos_BOSS","npz6.40","Labridae","Coris","auricularis",93.75964,1,877.9986
"2021-05_Abrolhos_BOSS","npz6.40","Labridae","Coris","auricularis",124.9777,1,1498.69389
"2021-05_Abrolhos_BOSS","npz6.40","Labridae","Austrolabrus","maculatus",52.77729,1,1516.38582
"2021-05_Abrolhos_BOSS","npz6.40","Labridae","Austrolabrus","maculatus",80.67796,1,1455.42028
"2021-05_Abrolhos_BOSS","npz6.40","Labridae","Coris","auricularis",175.35485,1,3325.41658
"2021-05_Abrolhos_BOSS","npz6.40","Labridae","Choerodon","rubescens",252.18795,1,1869.74961
"2021-05_Abrolhos_BOSS","npz6.28","Labridae","Coris","auricularis",106.77445,1,1972.46472
"2021-05_Abrolhos_BOSS","npz6.28","Labridae","Coris","auricularis",97.64749,1,1756.57563
"2021-05_Abrolhos_BOSS","npz6.28","Labridae","Coris","auricularis",117.55323,1,2716.29538
"2021-05_Abrolhos_BOSS","npz6.28","Labridae","Suezichthys","cyanolaemus",74.50068,1,1291.48778
"2021-05_Abrolhos_BOSS","npz6.43","Sparidae","Chrysophrys","auratus",422.45612,1,3195.96146
"2021-05_Abrolhos_BOSS","npz6.43","Pomacanthidae","Chaetodontoplus","personifer",325.29286,1,3911.96967
"2021-05_Abrolhos_BOSS","npz6.43","Pomacanthidae","Chaetodontoplus","personifer",253.83683,1,3296.00488
"2021-05_Abrolhos_BOSS","npz6.43","Pomacentridae","Chromis","spp",85.21548,1,1115.27324
"2021-05_Abrolhos_BOSS","npz6.43","Labridae","Coris","auricularis",210.27462,1,1462.34967
"2021-05_Abrolhos_BOSS","npz6.43","Labridae","Coris","auricularis",125.92152,1,1619.29138
"2021-05_Abrolhos_BOSS","npz6.43","Labridae","Coris","auricularis",111.62539,1,1223.60415
"2021-05_Abrolhos_BOSS","npz6.43","Labridae","Coris","auricularis",68.92448,1,1712.42263
"2021-05_Abrolhos_BOSS","npz6.43","Labridae","Coris","auricularis",179.71,1,1132.22284
"2021-05_Abrolhos_BOSS","npz6.43","Labridae","Coris","auricularis",104.70776,1,1686.56719
"2021-05_Abrolhos_BOSS","npz6.43","Labridae","Coris","auricularis",151.6334,1,1677.64394
"2021-05_Abrolhos_BOSS","npz6.43","Labridae","Coris","auricularis",120.79522,1,1738.46824
"2021-05_Abrolhos_BOSS","npz6.43","Labridae","Coris","auricularis",114.51626,1,1780.07372
"2021-05_Abrolhos_BOSS","npz6.43","Pomacentridae","Chromis","spp",84.21946,1,1000.20575
"2021-05_Abrolhos_BOSS","npz6.43","Pomacentridae","Chromis","spp",61.1349,1,533.68003
"2021-05_Abrolhos_BOSS","npz6.43","Pomacentridae","Chromis","spp",88.50696,1,1146.15323
"2021-05_Abrolhos_BOSS","npz6.43","Pomacentridae","Chromis","spp",62.91774,1,841.33932
"2021-05_Abrolhos_BOSS","npz6.43","Pomacentridae","Chromis","spp",88.07274,1,1143.56965
"2021-05_Abrolhos_BOSS","npz6.43","Pomacentridae","Chromis","spp",59.02576,1,878.12797
"2021-05_Abrolhos_BOSS","npz6.43","Pomacentridae","Chromis","spp",58.62362,1,1413.70185
"2021-05_Abrolhos_BOSS","npz6.43","Pomacentridae","Chromis","spp",70.56395,1,1252.17969
"2021-05_Abrolhos_BOSS","npz6.43","Pomacentridae","Chromis","spp",80.49822,1,1340.21707
"2021-05_Abrolhos_BOSS","npz6.43","Pomacentridae","Chromis","spp",61.72508,1,1694.07539
"2021-05_Abrolhos_BOSS","npz6.43","Pomacentridae","Chromis","spp",58.95043,1,1388.75113
"2021-05_Abrolhos_BOSS","npz6.43","Pomacentridae","Chromis","spp",78.43865,1,1665.90235
"2021-05_Abrolhos_BOSS","npz6.43","Pomacentridae","Chromis","spp",49.80026,1,1430.82058
"2021-05_Abrolhos_BOSS","npz6.43","Labridae","Suezichthys","cyanolaemus",97.77514,1,1180.64684
"2021-05_Abrolhos_BOSS","npz6.43","Labridae","Suezichthys","cyanolaemus",83.87743,1,1153.40463
"2021-05_Abrolhos_BOSS","npz6.43","Labridae","Suezichthys","cyanolaemus",48.77056,1,1084.30377
"2021-05_Abrolhos_BOSS","npz6.2","Scorpididae","Neatypus","obliquus",162.2707,1,1870.89836
"2021-05_Abrolhos_BOSS","npz6.2","Scorpididae","Neatypus","obliquus",146.67134,1,1538.53188
"2021-05_Abrolhos_BOSS","npz6.2","Scorpididae","Neatypus","obliquus",174.319,1,2020.2112
"2021-05_Abrolhos_BOSS","npz6.2","Scorpididae","Neatypus","obliquus",152.27393,1,2254.56439
"2021-05_Abrolhos_BOSS","npz6.2","Scorpididae","Neatypus","obliquus",151.39652,1,1694.39155
"2021-05_Abrolhos_BOSS","npz6.2","Scorpididae","Neatypus","obliquus",147.72773,1,1814.8916
"2021-05_Abrolhos_BOSS","npz6.2","Scorpididae","Neatypus","obliquus",150.94596,1,1877.8179
"2021-05_Abrolhos_BOSS","npz6.2","Scorpididae","Neatypus","obliquus",199.26652,1,2002.45088
"2021-05_Abrolhos_BOSS","npz6.2","Scorpididae","Neatypus","obliquus",148.3502,1,1903.03525
"2021-05_Abrolhos_BOSS","npz6.2","Scorpididae","Neatypus","obliquus",144.67254,1,1598.05737
"2021-05_Abrolhos_BOSS","npz6.2","Scorpididae","Neatypus","obliquus",186.74261,1,1297.79977
"2021-05_Abrolhos_BOSS","npz6.2","Scorpididae","Neatypus","obliquus",168.76731,1,2286.21908
"2021-05_Abrolhos_BOSS","npz6.2","Scorpididae","Neatypus","obliquus",156.15547,1,1510.50341
"2021-05_Abrolhos_BOSS","npz6.2","Scorpididae","Neatypus","obliquus",150.50731,1,1814.18514
"2021-05_Abrolhos_BOSS","npz6.2","Scorpididae","Neatypus","obliquus",160.85824,1,2059.32896
"2021-05_Abrolhos_BOSS","npz6.2","Scorpididae","Neatypus","obliquus",158.6049,1,1816.52844
"2021-05_Abrolhos_BOSS","npz6.2","Scorpididae","Neatypus","obliquus",149.47331,1,1653.95648
"2021-05_Abrolhos_BOSS","npz6.2","Scorpididae","Neatypus","obliquus",149.48741,1,2259.77441
"2021-05_Abrolhos_BOSS","npz6.2","Pomacanthidae","Apolemichthys","trimaculatus",184.95342,1,2758.18352
"2021-05_Abrolhos_BOSS","npz9.19","Lethrinidae","Lethrinus","miniatus",431.01716,1,2518.18937
"2021-05_Abrolhos_BOSS","npz9.47","Lethrinidae","Lethrinus","miniatus",501.50575,1,1521.56942
"2021-05_Abrolhos_BOSS","npz9.49","Lethrinidae","Lethrinus","miniatus",312.86448,1,3166.94774
"2021-05_Abrolhos_BOSS","npz9.49","Lethrinidae","Lethrinus","miniatus",468.27128,1,2018.68276
"2021-05_Abrolhos_BOSS","npz9.49","Lethrinidae","Lethrinus","miniatus",507.01331,1,3035.64761
"2021-05_Abrolhos_BOSS","npz9.45","Labridae","Coris","auricularis",202.15284,1,2293.29777
"2021-05_Abrolhos_BOSS","npz9.43","Lethrinidae","Lethrinus","miniatus",559.45969,1,2783.86724
"2021-05_Abrolhos_BOSS","npz9.43","Monacanthidae","Eubalichthys","caeruleoguttatus",433.35301,1,3613.68294
"2021-05_Abrolhos_BOSS","npz9.43","Pomacanthidae","Chaetodontoplus","personifer",235.73094,1,1858.21462
"2021-05_Abrolhos_BOSS","npz9.43","Serranidae","Caprodon","schlegelii",191.00397,1,1830.81485
"2021-05_Abrolhos_BOSS","npz9.43","Serranidae","Caprodon","schlegelii",213.7661,1,3522.07646
"2021-05_Abrolhos_BOSS","npz9.43","Serranidae","Caprodon","schlegelii",207.76956,1,1600.12591
"2021-05_Abrolhos_BOSS","npz9.43","Serranidae","Caprodon","schlegelii",215.64023,1,1591.38615
"2021-05_Abrolhos_BOSS","npz9.43","Serranidae","Caprodon","schlegelii",192.02367,1,2243.12645
"2021-05_Abrolhos_BOSS","npz9.43","Serranidae","Caprodon","schlegelii",189.53172,1,3111.51284
"2021-05_Abrolhos_BOSS","npz9.43","Chaetodontidae","Chaetodon","assarius",104.56112,1,2526.26149
"2021-05_Abrolhos_BOSS","npz9.43","Chaetodontidae","Chaetodon","assarius",129.18342,1,2010.78534
"2021-05_Abrolhos_BOSS","npz9.43","Serranidae","Caprodon","schlegelii",181.79077,1,1739.22603
"2021-05_Abrolhos_BOSS","npz9.43","Serranidae","Caprodon","schlegelii",189.69998,1,3185.44891
"2021-05_Abrolhos_BOSS","npz9.43","Chaetodontidae","Chaetodon","assarius",115.90732,1,2173.92251
"2021-05_Abrolhos_BOSS","npz9.43","Chaetodontidae","Chaetodon","assarius",120.59511,1,2793.70263
"2021-05_Abrolhos_BOSS","npz9.43","Chaetodontidae","Chaetodon","assarius",130.81224,1,1682.8133
"2021-05_Abrolhos_BOSS","npz9.43","Chaetodontidae","Chaetodon","assarius",137.42117,1,1642.20657
"2021-05_Abrolhos_BOSS","npz9.43","Chaetodontidae","Chaetodon","assarius",124.88366,1,1717.74022
"2021-05_Abrolhos_BOSS","npz9.43","Chaetodontidae","Chaetodon","assarius",150.40839,1,2337.16582
"2021-05_Abrolhos_BOSS","npz9.43","Chaetodontidae","Chaetodon","assarius",107.1773,1,2197.59551
"2021-05_Abrolhos_BOSS","npz9.43","Chaetodontidae","Chaetodon","assarius",140.0558,1,2739.96112
"2021-05_Abrolhos_BOSS","npz9.43","Chaetodontidae","Chaetodon","assarius",112.00979,1,1716.21652
"2021-05_Abrolhos_BOSS","npz9.43","Chaetodontidae","Chaetodon","assarius",146.49864,1,2144.38457
"2021-05_Abrolhos_BOSS","npz9.43","Chaetodontidae","Chaetodon","assarius",133.99933,1,2339.07744
"2021-05_Abrolhos_BOSS","npz9.43","Chaetodontidae","Chaetodon","assarius",109.34294,1,2008.40271
"2021-05_Abrolhos_BOSS","npz9.43","Chaetodontidae","Chaetodon","assarius",117.59742,1,1888.93338
"2021-05_Abrolhos_BOSS","npz9.43","Chaetodontidae","Chaetodon","assarius",143.36516,1,3260.15596
"2021-05_Abrolhos_BOSS","npz9.43","Chaetodontidae","Chaetodon","assarius",157.14743,1,2845.27114
"2021-05_Abrolhos_BOSS","npz9.43","Chaetodontidae","Chaetodon","assarius",132.18617,1,1293.97868
"2021-05_Abrolhos_BOSS","npz9.43","Chaetodontidae","Chaetodon","assarius",126.09261,1,1892.92739
"2021-05_Abrolhos_BOSS","npz9.43","Chaetodontidae","Chaetodon","assarius",159.62981,1,2667.65105
"2021-05_Abrolhos_BOSS","npz9.43","Chaetodontidae","Chaetodon","assarius",145.44881,1,2618.9302
"2021-05_Abrolhos_BOSS","npz9.43","Chaetodontidae","Chaetodon","assarius",150.81483,1,1983.28793
"2021-05_Abrolhos_BOSS","npz9.43","Chaetodontidae","Chaetodon","assarius",134.40992,1,2496.62063
"2021-05_Abrolhos_BOSS","npz9.43","Chaetodontidae","Chaetodon","assarius",159.13292,1,3022.03371
"2021-05_Abrolhos_BOSS","npz9.43","Chaetodontidae","Chaetodon","assarius",125.56061,1,2422.35102
"2021-05_Abrolhos_BOSS","npz9.43","Chaetodontidae","Chaetodon","assarius",141.6885,1,2195.16764
"2021-05_Abrolhos_BOSS","npz9.43","Chaetodontidae","Chaetodon","assarius",137.33006,1,2473.77555
"2021-05_Abrolhos_BOSS","npz9.43","Chaetodontidae","Chaetodon","assarius",128.94139,1,2583.04565
"2021-05_Abrolhos_BOSS","npz9.43","Chaetodontidae","Chaetodon","assarius",139.75208,1,2574.67646
"2021-05_Abrolhos_BOSS","npz9.43","Chaetodontidae","Chaetodon","assarius",150.46684,1,1575.37608
"2021-05_Abrolhos_BOSS","npz9.43","Chaetodontidae","Chaetodon","assarius",134.08405,1,1983.59266
"2021-05_Abrolhos_BOSS","npz9.43","Chaetodontidae","Chaetodon","assarius",89.40467,1,1254.55448
"2021-05_Abrolhos_BOSS","npz9.43","Chaetodontidae","Chaetodon","assarius",106.24684,1,2232.16579
"2021-05_Abrolhos_BOSS","npz9.43","Chaetodontidae","Chaetodon","assarius",109.41206,1,1952.93886
"2021-05_Abrolhos_BOSS","npz9.43","Chaetodontidae","Chaetodon","assarius",131.81017,1,1631.48255
"2021-05_Abrolhos_BOSS","npz9.43","Chaetodontidae","Chaetodon","assarius",124.56759,1,2551.81548
"2021-05_Abrolhos_BOSS","npz9.43","Chaetodontidae","Chaetodon","assarius",111.97693,1,1195.90179
"2021-05_Abrolhos_BOSS","npz9.43","Chaetodontidae","Chaetodon","assarius",128.7307,1,1999.76417
"2021-05_Abrolhos_BOSS","npz9.43","Chaetodontidae","Chaetodon","assarius",145.15743,1,1651.42479
"2021-05_Abrolhos_BOSS","npz9.43","Chaetodontidae","Chaetodon","assarius",139.01397,1,3122.41859
"2021-05_Abrolhos_BOSS","npz9.43","Chaetodontidae","Chaetodon","assarius",133.23488,1,2017.4301
"2021-05_Abrolhos_BOSS","npz9.43","Chaetodontidae","Chaetodon","assarius",118.06194,1,1309.48548
"2021-05_Abrolhos_BOSS","npz9.43","Chaetodontidae","Chaetodon","assarius",129.5055,1,1242.63838
"2021-05_Abrolhos_BOSS","npz9.43","Chaetodontidae","Chaetodon","assarius",97.30377,1,1207.13742
"2021-05_Abrolhos_BOSS","npz9.43","Chaetodontidae","Chaetodon","assarius",131.0072,1,1910.22629
"2021-05_Abrolhos_BOSS","npz9.43","Chaetodontidae","Chaetodon","assarius",125.80077,1,1918.70961
"2021-05_Abrolhos_BOSS","npz9.43","Chaetodontidae","Chaetodon","assarius",152.01024,1,1881.90879
"2021-05_Abrolhos_BOSS","npz9.43","Chaetodontidae","Chaetodon","assarius",131.6291,1,1715.33989
"2021-05_Abrolhos_BOSS","npz9.43","Chaetodontidae","Chaetodon","assarius",138.94128,1,1631.9229
"2021-05_Abrolhos_BOSS","npz9.43","Chaetodontidae","Chaetodon","assarius",131.63283,1,1874.73098
"2021-05_Abrolhos_BOSS","npz9.43","Chaetodontidae","Chaetodon","assarius",123.69644,1,1913.52294
"2021-05_Abrolhos_BOSS","npz9.43","Chaetodontidae","Chaetodon","assarius",144.89705,1,1962.66127
"2021-05_Abrolhos_BOSS","npz9.43","Chaetodontidae","Chaetodon","assarius",123.43875,1,1437.72557
"2021-05_Abrolhos_BOSS","npz9.43","Chaetodontidae","Chaetodon","assarius",124.25941,1,1832.80768
"2021-05_Abrolhos_BOSS","npz9.43","Chaetodontidae","Chaetodon","assarius",142.23702,1,2082.5613
"2021-05_Abrolhos_BOSS","npz9.43","Chaetodontidae","Chaetodon","assarius",121.82359,1,1929.47758
"2021-05_Abrolhos_BOSS","npz9.43","Chaetodontidae","Chaetodon","assarius",151.45804,1,2004.43444
"2021-05_Abrolhos_BOSS","npz9.43","Chaetodontidae","Chaetodon","assarius",149.66136,1,1810.31268
"2021-05_Abrolhos_BOSS","npz9.43","Chaetodontidae","Chaetodon","assarius",127.08333,1,1699.28338
"2021-05_Abrolhos_BOSS","npz9.43","Chaetodontidae","Chaetodon","assarius",111.54042,1,1360.84691
"2021-05_Abrolhos_BOSS","npz9.43","Chaetodontidae","Chaetodon","assarius",97.89955,1,2193.48367
"2021-05_Abrolhos_BOSS","npz9.43","Chaetodontidae","Chaetodon","assarius",155.21722,1,1558.98367
"2021-05_Abrolhos_BOSS","npz9.43","Chaetodontidae","Chaetodon","assarius",121.56837,1,1883.32328
"2021-05_Abrolhos_BOSS","npz9.43","Chaetodontidae","Chaetodon","assarius",104.17311,1,2068.66066
"2021-05_Abrolhos_BOSS","npz9.43","Chaetodontidae","Chaetodon","assarius",135.4237,1,1963.62921
"2021-05_Abrolhos_BOSS","npz9.43","Chaetodontidae","Chaetodon","assarius",150.20667,1,2455.9264
"2021-05_Abrolhos_BOSS","npz9.43","Chaetodontidae","Chaetodon","assarius",129.61402,1,1594.62969
"2021-05_Abrolhos_BOSS","npz9.43","Chaetodontidae","Chaetodon","assarius",124.86586,1,2081.3836
"2021-05_Abrolhos_BOSS","npz9.43","Chaetodontidae","Chaetodon","assarius",142.12787,1,1886.95312
"2021-05_Abrolhos_BOSS","npz9.43","Chaetodontidae","Chaetodon","assarius",123.82919,1,2477.92739
"2021-05_Abrolhos_BOSS","npz9.43","Chaetodontidae","Chaetodon","assarius",155.69053,1,1634.01278
"2021-05_Abrolhos_BOSS","npz9.43","Chaetodontidae","Chaetodon","assarius",144.40927,1,1664.22582
"2021-05_Abrolhos_BOSS","npz9.43","Chaetodontidae","Chaetodon","assarius",120.59229,1,2236.27391
"2021-05_Abrolhos_BOSS","npz9.43","Chaetodontidae","Chaetodon","assarius",124.44366,1,2103.39027
"2021-05_Abrolhos_BOSS","npz9.43","Chaetodontidae","Chaetodon","assarius",142.73634,1,2208.76016
"2021-05_Abrolhos_BOSS","npz9.43","Chaetodontidae","Chaetodon","assarius",113.15776,1,1228.43838
"2021-05_Abrolhos_BOSS","npz9.43","Chaetodontidae","Chaetodon","assarius",147.43122,1,1716.06774
"2021-05_Abrolhos_BOSS","npz9.43","Chaetodontidae","Chaetodon","assarius",129.34622,1,1570.31328
"2021-05_Abrolhos_BOSS","npz9.43","Chaetodontidae","Chaetodon","assarius",138.35128,1,2427.23094
"2021-05_Abrolhos_BOSS","npz9.43","Chaetodontidae","Chaetodon","assarius",130.89213,1,2487.12677
"2021-05_Abrolhos_BOSS","npz9.43","Chaetodontidae","Chaetodon","assarius",134.79129,1,1381.70361
"2021-05_Abrolhos_BOSS","npz9.43","Chaetodontidae","Chaetodon","assarius",132.72689,1,2464.56163
"2021-05_Abrolhos_BOSS","npz9.43","Chaetodontidae","Chaetodon","assarius",136.80218,1,1858.36683
"2021-05_Abrolhos_BOSS","npz9.43","Chaetodontidae","Chaetodon","assarius",142.23174,1,2372.27029
"2021-05_Abrolhos_BOSS","npz9.43","Chaetodontidae","Chaetodon","assarius",135.13604,1,1325.65507
"2021-05_Abrolhos_BOSS","npz9.43","Chaetodontidae","Chaetodon","assarius",112.75483,1,2287.61161
"2021-05_Abrolhos_BOSS","npz9.43","Chaetodontidae","Chaetodon","assarius",116.88919,1,2334.06765
"2021-05_Abrolhos_BOSS","npz9.43","Chaetodontidae","Chaetodon","assarius",117.87909,1,2228.46481
"2021-05_Abrolhos_BOSS","npz9.43","Chaetodontidae","Chaetodon","assarius",122.47199,1,1572.37636
"2021-05_Abrolhos_BOSS","npz9.43","Chaetodontidae","Chaetodon","assarius",101.86115,1,2074.20447
"2021-05_Abrolhos_BOSS","npz9.43","Chaetodontidae","Chaetodon","assarius",139.48077,1,1590.33497
"2021-05_Abrolhos_BOSS","npz9.43","Labridae","Bodianus","solatus",259.31242,1,3165.84453
"2021-05_Abrolhos_BOSS","npz9.43","Labridae","Bodianus","solatus",319.73184,1,3267.8651
"2021-05_Abrolhos_BOSS","npz9.43","Chaetodontidae","Chaetodon","assarius",98.09257,1,2589.46293
"2021-05_Abrolhos_BOSS","npz9.43","Labridae","Labroides","dimidiatus",75.11362,1,1265.49056
"2021-05_Abrolhos_BOSS","npz9.43","Scaridae","Scarus","ghobban",239.50017,1,2252.04569
"2021-05_Abrolhos_BOSS","npz9.43","Mullidae","Parupeneus","spilurus",294.5186,1,2809.58773
"2021-05_Abrolhos_BOSS","npz9.43","Mullidae","Parupeneus","spilurus",270.5439,1,3707.52354
"2021-05_Abrolhos_BOSS","npz9.43","Mullidae","Parupeneus","spilurus",251.06915,1,3104.80956
"2021-05_Abrolhos_BOSS","npz9.43","Mullidae","Parupeneus","spilurus",270.51564,1,2955.8502
"2021-05_Abrolhos_BOSS","npz9.43","Mullidae","Parupeneus","spilurus",289.44677,1,3508.07567
"2021-05_Abrolhos_BOSS","npz9.43","Mullidae","Parupeneus","spilurus",278.73573,1,3228.89551
"2021-05_Abrolhos_BOSS","npz9.43","Mullidae","Parupeneus","spilurus",197.03946,1,3322.77616
"2021-05_Abrolhos_BOSS","npz9.43","Lutjanidae","Lutjanus","sp10",225.72586,1,3036.15812
"2021-05_Abrolhos_BOSS","npz9.43","Labridae","Choerodon","rubescens",572.94782,1,3872.00212
"2021-05_Abrolhos_BOSS","npz9.5","Lethrinidae","Lethrinus","miniatus",430.5633,1,3508.40568
"2021-05_Abrolhos_BOSS","npz9.5","Lethrinidae","Lethrinus","miniatus",364.41801,1,3814.70287
"2021-05_Abrolhos_BOSS","npz9.5","Lethrinidae","Lethrinus","miniatus",427.96209,1,4518.98335
"2021-05_Abrolhos_BOSS","npz9.5","Lethrinidae","Lethrinus","miniatus",413.35939,1,4905.95714
"2021-05_Abrolhos_BOSS","npz9.5","Lethrinidae","Lethrinus","miniatus",315.7674,1,2526.14839
"2021-05_Abrolhos_BOSS","npz9.5","Lethrinidae","Lethrinus","miniatus",328.91512,1,3236.07949
"2021-05_Abrolhos_BOSS","npz9.5","Lethrinidae","Lethrinus","miniatus",401.14425,1,4863.82198
"2021-05_Abrolhos_BOSS","npz9.5","Lethrinidae","Lethrinus","miniatus",537.18806,1,6059.89619
"2021-05_Abrolhos_BOSS","npz9.7","Blenniidae","Unknown","spp",51.19615,1,1508.56047
"2021-05_Abrolhos_BOSS","npz9.27","Carangidae","Seriola","dumerili",624.54384,1,3706.9407
"2021-05_Abrolhos_BOSS","npz9.27","Carangidae","Seriola","dumerili",636.69024,1,3420.65198
"2021-05_Abrolhos_BOSS","npz9.27","Carangidae","Seriola","dumerili",627.38418,1,2813.01551
"2021-05_Abrolhos_BOSS","npz9.27","Carangidae","Seriola","dumerili",615.23688,1,4170.5133
"2021-05_Abrolhos_BOSS","npz9.27","Carangidae","Seriola","dumerili",619.16091,1,3678.56169
"2021-05_Abrolhos_BOSS","npz9.27","Carangidae","Seriola","dumerili",651.87274,1,3511.76919
"2021-05_Abrolhos_BOSS","npz9.27","Carangidae","Seriola","dumerili",626.51151,1,3174.90936
"2021-05_Abrolhos_BOSS","npz9.27","Carangidae","Seriola","dumerili",736.81468,1,3650.23351
"2021-05_Abrolhos_BOSS","npz9.41","Lethrinidae","Gymnocranius","spp",561.73167,1,3253.87817
"2021-05_Abrolhos_BOSS","npz9.44","Labridae","Coris","auricularis",303.67428,1,3657.0135
"2021-05_Abrolhos_BOSS","npz9.44","Lethrinidae","Lethrinus","miniatus",463.8674,1,4310.06348
"2021-05_Abrolhos_BOSS","npz9.44","Labridae","Pseudojuloides","elongatus",66.38906,1,1346.81801
"2021-05_Abrolhos_BOSS","npz9.22","Labridae","Unknown","spp",82.97946,1,2106.77416
"2021-05_Abrolhos_BOSS","npz9.6","Carangidae","Decapterus","spp",326.11243,1,3188.08349
"2021-05_Abrolhos_BOSS","npz9.6","Carangidae","Decapterus","spp",302.19081,1,3268.50491
"2021-05_Abrolhos_BOSS","npz9.6","Lethrinidae","Gymnocranius","spp",605.98308,1,3450.69927
"2021-05_Abrolhos_BOSS","npz9.4","Lethrinidae","Lethrinus","miniatus",335.54536,1,1605.26385
"2021-05_Abrolhos_BOSS","npz9.4","Monacanthidae","Eubalichthys","caeruleoguttatus",415.00934,1,2093.18156
"2021-05_Abrolhos_BOSS","npz9.42","Labridae","Unknown","spp",42.55162,1,1604.38667
"2021-05_Abrolhos_BOSS","npz9.17","Mullidae","Parupeneus","spilurus",311.3782,1,3411.45821
"2021-05_Abrolhos_BOSS","npz9.17","Apogonidae","Unknown","sp10",88.249,1,1399.29766
"2021-05_Abrolhos_BOSS","npz9.17","Apogonidae","Unknown","sp10",71.79769,1,1635.05337
"2021-05_Abrolhos_BOSS","npz9.17","Labridae","Unknown","spp",52.72244,1,1447.11629
"2021-05_Abrolhos_BOSS","npz9.17","Chaetodontidae","Chaetodon","assarius",58.18544,1,1570.64861
"2021-05_Abrolhos_BOSS","npz6.34","Cirrhitidae","Paracirrhites","forsteri",NA,1,1586.36547
"2021-05_Abrolhos_BOSS","npz6.34","Scaridae","Scarus","sp3",NA,4,3690.05353
"2021-05_Abrolhos_BOSS","npz6.34","Mullidae","Parupeneus","spilurus",NA,1,3367.33018
"2021-05_Abrolhos_BOSS","npz6.19","Pomacentridae","Chromis","spp",NA,1,1896.0889
"2021-05_Abrolhos_BOSS","npz6.19","Labridae","Coris","auricularis",NA,1,3883.53937
"2021-05_Abrolhos_BOSS","npz6.19","Labridae","Coris","auricularis",NA,1,4007.80622
"2021-05_Abrolhos_BOSS","npz6.19","SUS","SUS","sus",NA,3,2342.01057
"2021-05_Abrolhos_BOSS","npz6.5","Labridae","Coris","auricularis",NA,1,1766.35396
"2021-05_Abrolhos_BOSS","npz6.37","Labridae","Unknown","spp",NA,1,2912.20598
"2021-05_Abrolhos_BOSS","npz6.37","Labridae","Unknown","spp",NA,1,2493.4281
"2021-05_Abrolhos_BOSS","npz6.14","Pomacentridae","Chromis","spp",NA,9,1602.44443
"2021-05_Abrolhos_BOSS","npz6.14","Pomacentridae","Chromis","spp",NA,1,1284.50297
"2021-05_Abrolhos_BOSS","npz6.14","Pomacentridae","Chromis","spp",NA,1,1655.79834
"2021-05_Abrolhos_BOSS","npz6.14","Labridae","Coris","auricularis",NA,1,4472.97729
"2021-05_Abrolhos_BOSS","npz6.14","Labridae","Coris","auricularis",NA,1,2896.54673
"2021-05_Abrolhos_BOSS","npz6.14","Labridae","Coris","auricularis",NA,1,1061.45214
"2021-05_Abrolhos_BOSS","npz6.14","Labridae","Coris","auricularis",NA,1,3180.6568
"2021-05_Abrolhos_BOSS","npz6.14","Labridae","Coris","auricularis",NA,2,2018.72041
"2021-05_Abrolhos_BOSS","npz6.14","Labridae","Coris","auricularis",NA,1,3856.23564
"2021-05_Abrolhos_BOSS","npz6.14","Lethrinidae","Lethrinus","miniatus",NA,3,3834.39852
"2021-05_Abrolhos_BOSS","npz6.14","Lethrinidae","Lethrinus","miniatus",NA,1,4724.73948
"2021-05_Abrolhos_BOSS","npz6.33","Labridae","Coris","auricularis",NA,1,3130.275
"2021-05_Abrolhos_BOSS","npz6.33","Labridae","Coris","auricularis",NA,1,4041.39977
"2021-05_Abrolhos_BOSS","npz6.33","Labridae","Coris","auricularis",NA,1,4492.04575
"2021-05_Abrolhos_BOSS","npz6.33","Labridae","Coris","auricularis",NA,1,3196.38909
"2021-05_Abrolhos_BOSS","npz6.33","Labridae","Coris","auricularis",NA,1,3032.94402
"2021-05_Abrolhos_BOSS","npz6.33","Labridae","Austrolabrus","maculatus",NA,1,1214.27779
"2021-05_Abrolhos_BOSS","npz6.29","Labridae","Coris","auricularis",NA,1,3186.89825
"2021-05_Abrolhos_BOSS","npz6.29","Labridae","Coris","auricularis",NA,1,3892.95797
"2021-05_Abrolhos_BOSS","npz6.29","Labridae","Coris","auricularis",NA,1,3868.5044
"2021-05_Abrolhos_BOSS","npz6.11","Glaucosomatidae","Glaucosoma","hebraicum",NA,1,6049.2944
"2021-05_Abrolhos_BOSS","npz6.11","Lethrinidae","Lethrinus","miniatus",NA,1,5944.35893
"2021-05_Abrolhos_BOSS","npz6.11","Lethrinidae","Lethrinus","miniatus",NA,1,4782.99304
"2021-05_Abrolhos_BOSS","npz6.11","Ginglymostomatidae","Nebrius","ferrugineus",NA,1,7119.02854
"2021-05_Abrolhos_BOSS","npz6.11","Echeneidae","Unknown","spp",NA,1,7067.41243
"2021-05_Abrolhos_BOSS","npz6.11","Carangidae","Unknown","sp10",NA,1,6805.93413
"2021-05_Abrolhos_BOSS","npz6.11","Labridae","Coris","auricularis",NA,1,3342.89091
"2021-05_Abrolhos_BOSS","npz6.26","Pomacentridae","Chromis","spp",NA,1,2404.51071
"2021-05_Abrolhos_BOSS","npz6.26","Pomacentridae","Chromis","spp",NA,1,1436.27786
"2021-05_Abrolhos_BOSS","npz6.26","Pomacentridae","Chromis","spp",NA,1,1932.79254
"2021-05_Abrolhos_BOSS","npz6.26","Pomacentridae","Chromis","spp",NA,1,1731.73649
"2021-05_Abrolhos_BOSS","npz6.26","Pomacentridae","Chromis","spp",NA,1,1644.29574
"2021-05_Abrolhos_BOSS","npz6.26","Pomacentridae","Chromis","spp",NA,1,1666.76719
"2021-05_Abrolhos_BOSS","npz6.26","Pomacentridae","Chromis","spp",NA,1,1732.79813
"2021-05_Abrolhos_BOSS","npz6.26","Pomacentridae","Chromis","spp",NA,1,1899.52427
"2021-05_Abrolhos_BOSS","npz6.26","Pomacentridae","Chromis","spp",NA,1,1396.9335
"2021-05_Abrolhos_BOSS","npz6.26","Labridae","Coris","auricularis",NA,4,1933.07221
"2021-05_Abrolhos_BOSS","npz6.26","Labridae","Coris","auricularis",NA,1,2055.05377
"2021-05_Abrolhos_BOSS","npz6.26","Labridae","Coris","auricularis",NA,1,1788.86943
"2021-05_Abrolhos_BOSS","npz6.26","Labridae","Coris","auricularis",NA,1,3483.02005
"2021-05_Abrolhos_BOSS","npz6.20","Scaridae","Scarus","spp",NA,1,3917.07354
"2021-05_Abrolhos_BOSS","npz6.20","Pomacentridae","Chromis","spp",NA,48,1216.46435
"2021-05_Abrolhos_BOSS","npz6.20","Serranidae","Pseudanthias","spp",NA,1,1872.82946
"2021-05_Abrolhos_BOSS","npz6.20","Serranidae","Pseudanthias","spp",NA,1,1487.2995
"2021-05_Abrolhos_BOSS","npz6.20","Serranidae","Pseudanthias","spp",NA,1,1684.45013
"2021-05_Abrolhos_BOSS","npz6.20","Serranidae","Pseudanthias","spp",NA,1,1788.97781
"2021-05_Abrolhos_BOSS","npz6.20","Serranidae","Pseudanthias","spp",NA,1,1268.26913
"2021-05_Abrolhos_BOSS","npz6.6","Platycephalidae","Platycephalus","spp",NA,1,1982.85089
"2021-05_Abrolhos_BOSS","npz6.21","Labridae","Coris","auricularis",NA,1,3063.56066
"2021-05_Abrolhos_BOSS","npz6.31","SUS","SUS","sus",NA,1,2539.58151
"2021-05_Abrolhos_BOSS","npz6.15","SUS","SUS","sus",NA,1,1956.04878
"2021-05_Abrolhos_BOSS","npz6.1","SUS","SUS","sus",NA,1,2931.81125
"2021-05_Abrolhos_BOSS","npz6.1","Labridae","Unknown","spp",NA,1,2146.23811
"2021-05_Abrolhos_BOSS","npz6.42","Nemipteridae","Pentapodus","nagasakiensis",NA,1,3986.51749
"2021-05_Abrolhos_BOSS","npz6.42","Labridae","Unknown","spp",NA,1,1624.75051
"2021-05_Abrolhos_BOSS","npz6.50","Pomacentridae","Chromis","spp",NA,55,1263.63506
"2021-05_Abrolhos_BOSS","npz6.50","Scaridae","Scarus","sp3",NA,1,3656.71654
"2021-05_Abrolhos_BOSS","npz6.50","Lethrinidae","Lethrinus","miniatus",NA,1,3308.64079
"2021-05_Abrolhos_BOSS","npz6.50","Labridae","Coris","auricularis",NA,1,2532.40176
"2021-05_Abrolhos_BOSS","npz6.50","Labridae","Coris","auricularis",NA,1,3071.82872
"2021-05_Abrolhos_BOSS","npz6.50","Labridae","Coris","auricularis",NA,1,3334.16529
"2021-05_Abrolhos_BOSS","npz6.50","Labridae","Coris","auricularis",NA,1,1276.75073
"2021-05_Abrolhos_BOSS","npz6.50","Labridae","Coris","auricularis",NA,1,3565.0594
"2021-05_Abrolhos_BOSS","npz6.50","Labridae","Anampses","geographicus",NA,1,2061.74335
"2021-05_Abrolhos_BOSS","npz6.45","Labridae","Unknown","spp",NA,1,2871.51938
"2021-05_Abrolhos_BOSS","npz6.46","Labridae","Unknown","spp",NA,1,3086.44208
"2021-05_Abrolhos_BOSS","npz6.46","SUS","SUS","sus",NA,1,2532.39529
"2021-05_Abrolhos_BOSS","npz6.46","Lethrinidae","Lethrinus","miniatus",NA,1,3492.45237
"2021-05_Abrolhos_BOSS","npz6.24","SUS","SUS","sus",NA,1,2098.79712
"2021-05_Abrolhos_BOSS","npz6.24","Nemipteridae","Pentapodus","nagasakiensis",NA,1,3486.66027
"2021-05_Abrolhos_BOSS","npz6.18","SUS","SUS","sus",NA,1,1959.8948
"2021-05_Abrolhos_BOSS","npz6.18","Labridae","Anampses","geographicus",NA,1,2404.1412
"2021-05_Abrolhos_BOSS","npz6.18","Pomacentridae","Chromis","spp",NA,1,2046.96593
"2021-05_Abrolhos_BOSS","npz6.18","Pomacentridae","Chromis","spp",NA,1,1166.8037
"2021-05_Abrolhos_BOSS","npz6.18","Pomacentridae","Chromis","spp",NA,1,2200.34661
"2021-05_Abrolhos_BOSS","npz6.18","Pomacentridae","Chromis","spp",NA,1,1687.71302
"2021-05_Abrolhos_BOSS","npz6.18","Pomacentridae","Chromis","spp",NA,1,1036.00126
"2021-05_Abrolhos_BOSS","npz6.18","Pomacentridae","Chromis","spp",NA,1,686.6893
"2021-05_Abrolhos_BOSS","npz6.18","Pomacentridae","Chromis","spp",NA,1,1822.68368
"2021-05_Abrolhos_BOSS","npz6.18","Pomacentridae","Chromis","spp",NA,1,1541.57913
"2021-05_Abrolhos_BOSS","npz6.18","Pomacentridae","Chromis","spp",NA,1,1638.55144
"2021-05_Abrolhos_BOSS","npz6.18","Pomacentridae","Chromis","spp",NA,1,2436.89081
"2021-05_Abrolhos_BOSS","npz6.49","Labridae","Unknown","spp",NA,1,1927.39029
"2021-05_Abrolhos_BOSS","npz6.38","Pomacentridae","Chromis","spp",NA,73,558.55798
"2021-05_Abrolhos_BOSS","npz6.38","Labridae","Coris","auricularis",NA,1,1169.99457
"2021-05_Abrolhos_BOSS","npz6.38","Labridae","Coris","auricularis",NA,1,3279.41533
"2021-05_Abrolhos_BOSS","npz6.39","Pomacentridae","Chromis","spp",NA,28,1302.37547
"2021-05_Abrolhos_BOSS","npz6.39","Lethrinidae","Lethrinus","miniatus",NA,1,4584.17169
"2021-05_Abrolhos_BOSS","npz6.39","Labridae","Coris","auricularis",NA,1,1448.48729
"2021-05_Abrolhos_BOSS","npz6.39","Labridae","Coris","auricularis",NA,1,1668.78264
"2021-05_Abrolhos_BOSS","npz6.39","Labridae","Coris","auricularis",NA,1,2576.79706
"2021-05_Abrolhos_BOSS","npz6.39","Labridae","Coris","auricularis",NA,1,1881.50366
"2021-05_Abrolhos_BOSS","npz6.39","Labridae","Anampses","geographicus",NA,1,1809.67136
"2021-05_Abrolhos_BOSS","npz6.40","Lethrinidae","Lethrinus","spp",NA,1,5091.55208
"2021-05_Abrolhos_BOSS","npz6.40","Lethrinidae","Lethrinus","spp",NA,1,7816.23028
"2021-05_Abrolhos_BOSS","npz6.40","Labridae","Coris","auricularis",NA,1,2924.09794
"2021-05_Abrolhos_BOSS","npz6.28","Labridae","Coris","auricularis",NA,1,4019.15105
"2021-05_Abrolhos_BOSS","npz6.28","Labridae","Coris","auricularis",NA,1,3641.73793
"2021-05_Abrolhos_BOSS","npz6.43","Serranidae","Epinephelus","rivulatus",NA,1,1883.55116
"2021-05_Abrolhos_BOSS","npz6.43","Lethrinidae","Lethrinus","spp",NA,1,3465.65591
"2021-05_Abrolhos_BOSS","npz6.43","Lethrinidae","Lethrinus","spp",NA,1,6796.74541
"2021-05_Abrolhos_BOSS","npz6.43","Sparidae","Chrysophrys","auratus",NA,1,2104.48843
"2021-05_Abrolhos_BOSS","npz6.43","Sparidae","Chrysophrys","auratus",NA,1,3185.4669
"2021-05_Abrolhos_BOSS","npz6.43","Labridae","Coris","auricularis",NA,1,2083.04801
"2021-05_Abrolhos_BOSS","npz6.43","Labridae","Coris","auricularis",NA,1,1823.43623
"2021-05_Abrolhos_BOSS","npz6.43","Pomacentridae","Chromis","spp",NA,48,1872.47123
"2021-05_Abrolhos_BOSS","npz6.8","SUS","SUS","sus",NA,1,1828.45335
"2021-05_Abrolhos_BOSS","npz6.8","Labridae","Unknown","spp",NA,1,2616.97316
"2021-05_Abrolhos_BOSS","npz6.8","Chaetodontidae","Chaetodon","assarius",NA,1,1788.60443
"2021-05_Abrolhos_BOSS","npz6.30","SUS","SUS","sus",NA,1,1963.37506
"2021-05_Abrolhos_BOSS","npz6.2","Scorpididae","Scorpis","georgiana",NA,1,4220.17571
"2021-05_Abrolhos_BOSS","npz6.2","SUS","SUS","sus",NA,1,2428.48463
"2021-05_Abrolhos_BOSS","npz6.2","Scorpididae","Neatypus","obliquus",NA,1,1723.49997
"2021-05_Abrolhos_BOSS","npz6.2","Scorpididae","Neatypus","obliquus",NA,9,1471.09073
"2021-05_Abrolhos_BOSS","npz6.2","Scorpididae","Neatypus","obliquus",NA,1,1996.80527
"2021-05_Abrolhos_BOSS","npz6.2","Scorpididae","Neatypus","obliquus",NA,1,3025.29535
"2021-05_Abrolhos_BOSS","npz6.2","Scorpididae","Neatypus","obliquus",NA,1,1933.7101
"2021-05_Abrolhos_BOSS","npz6.2","Scorpididae","Neatypus","obliquus",NA,1,2194.24285
"2021-05_Abrolhos_BOSS","npz6.2","Scorpididae","Neatypus","obliquus",NA,1,2397.19421
"2021-05_Abrolhos_BOSS","npz6.2","Scorpididae","Neatypus","obliquus",NA,1,1827.08464
"2021-05_Abrolhos_BOSS","npz6.2","Scorpididae","Neatypus","obliquus",NA,1,2041.23238
"2021-05_Abrolhos_BOSS","npz6.2","Scorpididae","Neatypus","obliquus",NA,1,1846.91565
"2021-05_Abrolhos_BOSS","npz6.2","Scorpididae","Neatypus","obliquus",NA,1,1886.24841
"2021-05_Abrolhos_BOSS","npz6.2","Scorpididae","Neatypus","obliquus",NA,1,2242.72883
"2021-05_Abrolhos_BOSS","npz6.2","Scorpididae","Neatypus","obliquus",NA,1,1355.23197
"2021-05_Abrolhos_BOSS","npz6.2","Scorpididae","Neatypus","obliquus",NA,1,2370.86719
"2021-05_Abrolhos_BOSS","npz6.2","Lutjanidae","Lutjanus","sp10",NA,1,2562.03602
"2021-05_Abrolhos_BOSS","npz6.3","SUS","SUS","sus",NA,1,1252.79721
"2021-05_Abrolhos_BOSS","npz9.24","Lethrinidae","Lethrinus","miniatus",NA,1,2804.4985
"2021-05_Abrolhos_BOSS","npz9.24","SUS","SUS","sus",NA,1,2921.05755
"2021-05_Abrolhos_BOSS","npz9.48","Lethrinidae","Lethrinus","miniatus",NA,1,4301.94861
"2021-05_Abrolhos_BOSS","npz9.47","Labridae","Bodianus","bilunulatus",NA,1,4720.3332
"2021-05_Abrolhos_BOSS","npz9.47","Chaetodontidae","Chaetodon","assarius",NA,4,4964.42153
"2021-05_Abrolhos_BOSS","npz9.45","Pomacentridae","Chromis","spp",NA,25,3292.16097
"2021-05_Abrolhos_BOSS","npz9.45","Lethrinidae","Gymnocranius","spp",NA,1,5954.56218
"2021-05_Abrolhos_BOSS","npz9.45","Lethrinidae","Unknown","spp",NA,1,7066.60459
"2021-05_Abrolhos_BOSS","npz9.43","Pomacentridae","Chromis","spp",NA,88,3312.06274
"2021-05_Abrolhos_BOSS","npz9.43","Lethrinidae","Lethrinus","miniatus",NA,1,5189.73064
"2021-05_Abrolhos_BOSS","npz9.43","Lethrinidae","Lethrinus","miniatus",NA,1,4814.93335
"2021-05_Abrolhos_BOSS","npz9.43","Mullidae","Parupeneus","spilurus",NA,1,2747.78406
"2021-05_Abrolhos_BOSS","npz9.43","Pomacanthidae","Pomacanthus","semicirculatus",NA,1,7537.03951
"2021-05_Abrolhos_BOSS","npz9.43","Pomacanthidae","Pomacanthus","semicirculatus",NA,1,7562.33043
"2021-05_Abrolhos_BOSS","npz9.43","Serranidae","Caprodon","schlegelii",NA,1,5516.69095
"2021-05_Abrolhos_BOSS","npz9.43","Chaetodontidae","Chaetodon","assarius",NA,17,3048.20687
"2021-05_Abrolhos_BOSS","npz9.5","Lethrinidae","Lethrinus","miniatus",NA,3,5945.83709
"2021-05_Abrolhos_BOSS","npz9.5","Labridae","Unknown","spp",NA,1,1453.77045
"2021-05_Abrolhos_BOSS","npz9.16","Carcharhinidae","Carcharhinus","plumbeus",NA,1,5244.08357
"2021-05_Abrolhos_BOSS","npz9.16","Carangidae","Unknown","sp10",NA,2,5033.36512
"2021-05_Abrolhos_BOSS","npz9.8","Pinguipedidae","Parapercis","spp",NA,1,2296.09377
"2021-05_Abrolhos_BOSS","npz9.8","Pinguipedidae","Parapercis","spp",NA,1,2357.91347
"2021-05_Abrolhos_BOSS","npz9.27","Carangidae","Seriola","dumerili",NA,1,3195.86664
"2021-05_Abrolhos_BOSS","npz9.27","Carangidae","Seriola","dumerili",NA,1,3319.48174
"2021-05_Abrolhos_BOSS","npz9.27","Carangidae","Seriola","dumerili",NA,1,3382.91336
"2021-05_Abrolhos_BOSS","npz9.44","Labridae","Choerodon","rubescens",NA,1,6736.59154
"2021-05_Abrolhos_BOSS","npz9.22","Sparidae","Chrysophrys","auratus",NA,1,5046.70609
"2021-05_Abrolhos_BOSS","npz9.17","Ostraciidae","Unknown","spp",NA,1,2356.63375
"2021-05_Abrolhos_BOSS","npz9.17","SUS","SUS","sus",NA,1,2606.60659
"2021-05_Abrolhos_BOSS","npz9.25","Pinguipedidae","Parapercis","spp",NA,1,2863.18311
"2021-05_Abrolhos_BOSS","npz9.1","SUS","SUS","sus",NA,1,1304.25244
"2021-05_Abrolhos_BOSS","npz9.23","Pinguipedidae","Parapercis","spp",NA,1,1913.9225
