"campaignid","sample","dataset","planned.or.exploratory","latitude","longitude","date","time","location","site","depth","observer","successful.count","successful.length","raw.hdd.number","con.hdd.number","id","commonwealth.zone","state.zone","status"
"2020-10_south-west_BOSS","OMR1",NA,NA,-33.9676,114.9582,20201030,NA,NA,NA,35.6,"Claude","Yes",NA,"BU4","CON1","2020-10_south-west_BOSS OMR1",NA,NA,"Fished"
"2020-10_south-west_BOSS","OMR2",NA,NA,-33.9679,114.9551,20201030,NA,NA,NA,38,"Claude","Yes",NA,"BU4","CON1","2020-10_south-west_BOSS OMR2",NA,NA,"Fished"
"2020-10_south-west_BOSS","OMR3",NA,NA,-33.9685,114.9543,20201030,NA,NA,NA,38,"Claude","Yes",NA,"BU4","CON1","2020-10_south-west_BOSS OMR3",NA,NA,"Fished"
"2020-10_south-west_BOSS","OMR4",NA,NA,-33.9682,114.9529,20201030,NA,NA,NA,38.6,"Claude","Yes",NA,"BU4","CON1","2020-10_south-west_BOSS OMR4",NA,NA,"Fished"
"2020-10_south-west_BOSS","216",NA,NA,-34.0612,114.9164,20201031,NA,NA,NA,47.5,"Rachel","Yes",NA,"BU4","CON1","2020-10_south-west_BOSS 216","National Park Zone",NA,"No-take"
"2020-10_south-west_BOSS","235",NA,NA,-34.0912,114.9364,20201031,NA,NA,NA,47,"Rachel","Yes",NA,"BU4","CON1","2020-10_south-west_BOSS 235",NA,"Cape Freycinet Sanctuary Zone","No-take"
"2020-10_south-west_BOSS","217",NA,NA,-34.0662,114.9189,20201031,NA,NA,NA,46.3,"Rachel","Yes",NA,"BU4","CON1","2020-10_south-west_BOSS 217","National Park Zone",NA,"No-take"
"2020-10_south-west_BOSS","215",NA,NA,-34.0687,114.9264,20201031,NA,NA,NA,46.9,"Rachel","Yes",NA,"BU4","CON1","2020-10_south-west_BOSS 215","National Park Zone",NA,"No-take"
"2020-10_south-west_BOSS","356",NA,NA,-34.0696,114.9185,20201031,NA,NA,NA,47.2,"Rachel","Yes",NA,"BU4","CON1","2020-10_south-west_BOSS 356","National Park Zone",NA,"No-take"
"2020-10_south-west_BOSS","278",NA,NA,-34.1112,114.6389,20201104,NA,NA,NA,140,"Claude","Yes",NA,"BU4","CON1","2020-10_south-west_BOSS 278","National Park Zone",NA,"No-take"
"2020-10_south-west_BOSS","40",NA,NA,-34.1037,114.7139,20201104,NA,NA,NA,130,"Claude","Yes",NA,"BU4","CON1","2020-10_south-west_BOSS 40","National Park Zone",NA,"No-take"
"2020-10_south-west_BOSS","36",NA,NA,-34.1037,114.7189,20201104,NA,NA,NA,129,"Claude","Yes",NA,"BU4","CON1","2020-10_south-west_BOSS 36","National Park Zone",NA,"No-take"
"2020-10_south-west_BOSS","37",NA,NA,-34.1087,114.7189,20201104,NA,NA,NA,129,"Claude","Yes",NA,"BU4","CON1","2020-10_south-west_BOSS 37","National Park Zone",NA,"No-take"
"2020-10_south-west_BOSS","308",NA,NA,-34.1112,114.7289,20201104,NA,NA,NA,125,"Claude","Yes",NA,"BU4","CON1","2020-10_south-west_BOSS 308","National Park Zone",NA,"No-take"
"2020-10_south-west_BOSS","333",NA,NA,-34.113,114.7251,20201104,NA,NA,NA,125,"Claude","Yes",NA,"BU4","CON1","2020-10_south-west_BOSS 333","National Park Zone",NA,"No-take"
"2020-10_south-west_BOSS","307",NA,NA,-34.1187,114.7264,20201104,NA,NA,NA,119,"Claude","Yes",NA,"BU4","CON1","2020-10_south-west_BOSS 307","National Park Zone",NA,"No-take"
"2020-10_south-west_BOSS","95",NA,NA,-34.1262,114.7339,20201104,NA,NA,NA,127,"Claude","Yes",NA,"BU4","CON1","2020-10_south-west_BOSS 95","National Park Zone",NA,"No-take"
"2020-10_south-west_BOSS","98",NA,NA,-34.1337,114.7314,20201104,NA,NA,NA,128,"Claude","Yes",NA,"BU4","CON1","2020-10_south-west_BOSS 98","National Park Zone",NA,"No-take"
"2020-10_south-west_BOSS","110",NA,NA,-34.1412,114.7289,20201104,NA,NA,NA,129,"Claude","Yes",NA,"BU4","CON1","2020-10_south-west_BOSS 110","National Park Zone",NA,"No-take"
"2020-10_south-west_BOSS","96",NA,NA,-34.1362,114.7364,20201104,NA,NA,NA,126,"Claude","Yes",NA,"BU4","CON1","2020-10_south-west_BOSS 96","National Park Zone",NA,"No-take"
"2020-10_south-west_BOSS","377",NA,NA,-34.1387,114.7589,20201104,NA,NA,NA,115,"Claude","Yes",NA,"BU4","CON1","2020-10_south-west_BOSS 377","National Park Zone",NA,"No-take"
"2020-10_south-west_BOSS","59",NA,NA,-34.1412,114.7664,20201104,NA,NA,NA,110,"Claude","Yes",NA,"BU4","CON1","2020-10_south-west_BOSS 59","National Park Zone",NA,"No-take"
"2020-10_south-west_BOSS","58",NA,NA,-34.1362,114.7739,20201104,NA,NA,NA,94.3,"Claude","Yes",NA,"BU4","CON1","2020-10_south-west_BOSS 58","National Park Zone",NA,"No-take"
"2020-10_south-west_BOSS","62",NA,NA,-34.1337,114.7664,20201104,NA,NA,NA,108,"Claude","Yes",NA,"BU4","CON1","2020-10_south-west_BOSS 62","National Park Zone",NA,"No-take"
"2020-10_south-west_BOSS","297",NA,NA,-34.1062,114.7489,20201104,NA,NA,NA,115,"Claude","Yes",NA,"BU4","CON1","2020-10_south-west_BOSS 297","National Park Zone",NA,"No-take"
"2020-10_south-west_BOSS","295",NA,NA,-34.1037,114.7539,20201104,NA,NA,NA,112,"Claude","Yes",NA,"BU4","CON1","2020-10_south-west_BOSS 295","National Park Zone",NA,"No-take"
"2020-10_south-west_BOSS","331",NA,NA,-34.0984,114.7501,20201104,NA,NA,NA,111,"Claude","Yes",NA,"BU4","CON1","2020-10_south-west_BOSS 331","National Park Zone",NA,"No-take"
"2020-10_south-west_BOSS","313",NA,NA,-34.0962,114.7564,20201104,NA,NA,NA,105,"Claude","Yes",NA,"BU4","CON1","2020-10_south-west_BOSS 313","National Park Zone",NA,"No-take"
"2020-10_south-west_BOSS","284",NA,NA,-34.0662,114.4764,20201107,NA,NA,NA,230,"Claude","Yes",NA,"BU4","CON1","2020-10_south-west_BOSS 284","National Park Zone",NA,"No-take"
"2020-10_south-west_BOSS","321",NA,NA,-34.0482,114.4681,20201107,NA,NA,NA,242,"Claude","Yes",NA,"BU4","CON1","2020-10_south-west_BOSS 321","Special Purpose Zone (Mining Exclusion)",NA,"Fished"
"2020-10_south-west_BOSS","358",NA,NA,-34.0462,114.4764,20201107,NA,NA,NA,213,"Claude","Yes",NA,"BU4","CON1","2020-10_south-west_BOSS 358","Special Purpose Zone (Mining Exclusion)",NA,"Fished"
"2020-10_south-west_BOSS","360",NA,NA,-34.0437,114.4714,20201107,NA,NA,NA,255,"Claude","Yes",NA,"BU4","CON1","2020-10_south-west_BOSS 360","Special Purpose Zone (Mining Exclusion)",NA,"Fished"
"2020-10_south-west_BOSS","248",NA,NA,-34.0362,114.4889,20201107,NA,NA,NA,154,"Claude","Yes",NA,"BU4","CON1","2020-10_south-west_BOSS 248","Special Purpose Zone (Mining Exclusion)",NA,"Fished"
"2020-10_south-west_BOSS","135",NA,NA,-34.0337,114.4839,20201107,NA,NA,NA,170,"Claude","Yes",NA,"BU4","CON1","2020-10_south-west_BOSS 135","Special Purpose Zone (Mining Exclusion)",NA,"Fished"
"2020-10_south-west_BOSS","247",NA,NA,-34.0337,114.4789,20201107,NA,NA,NA,197,"Claude","Yes",NA,"BU4","CON1","2020-10_south-west_BOSS 247","Special Purpose Zone (Mining Exclusion)",NA,"Fished"
"2020-10_south-west_BOSS","136",NA,NA,-34.0287,114.4789,20201107,NA,NA,NA,180,"Claude","Yes",NA,"BU4","CON1","2020-10_south-west_BOSS 136","Special Purpose Zone (Mining Exclusion)",NA,"Fished"
"2020-10_south-west_BOSS","76",NA,NA,-34.0237,114.4689,20201107,NA,NA,NA,233,"Claude","Yes",NA,"BU4","CON1","2020-10_south-west_BOSS 76","Special Purpose Zone (Mining Exclusion)",NA,"Fished"
"2020-10_south-west_BOSS","78",NA,NA,-34.0162,114.4689,20201107,NA,NA,NA,219,"Claude","Yes",NA,"BU4","CON1","2020-10_south-west_BOSS 78","Special Purpose Zone (Mining Exclusion)",NA,"Fished"
"2020-10_south-west_BOSS","63",NA,NA,-34.0112,114.4739,20201107,NA,NA,NA,203,"Claude","Yes",NA,"BU4","CON1","2020-10_south-west_BOSS 63","Special Purpose Zone (Mining Exclusion)",NA,"Fished"
"2020-10_south-west_BOSS","77",NA,NA,-34.0112,114.4664,20201107,NA,NA,NA,221,"Claude","Yes",NA,"BU4","CON1","2020-10_south-west_BOSS 77","Special Purpose Zone (Mining Exclusion)",NA,"Fished"
"2020-10_south-west_BOSS","49",NA,NA,-34.0612,114.7064,20201108,NA,NA,NA,130,"Rachel","Yes",NA,"BU5","CON1","2020-10_south-west_BOSS 49","National Park Zone",NA,"No-take"
"2020-10_south-west_BOSS","47",NA,NA,-34.0637,114.7114,20201108,NA,NA,NA,127,"Rachel","Yes",NA,"BU5","CON1","2020-10_south-west_BOSS 47","National Park Zone",NA,"No-take"
"2020-10_south-west_BOSS","46",NA,NA,-34.0687,114.7114,20201108,NA,NA,NA,125,"Rachel","Yes",NA,"BU5","CON1","2020-10_south-west_BOSS 46","National Park Zone",NA,"No-take"
"2020-10_south-west_BOSS","290",NA,NA,-34.0687,114.7189,20201108,NA,NA,NA,124,"Rachel","Yes",NA,"BU5","CON1","2020-10_south-west_BOSS 290","National Park Zone",NA,"No-take"
"2020-10_south-west_BOSS","302",NA,NA,-34.0712,114.7239,20201108,NA,NA,NA,122,"Rachel","Yes",NA,"BU5","CON1","2020-10_south-west_BOSS 302","National Park Zone",NA,"No-take"
"2020-10_south-west_BOSS","329",NA,NA,-34.0648,114.7266,20201108,NA,NA,NA,118,"Rachel","Yes",NA,"BU5","CON1","2020-10_south-west_BOSS 329","National Park Zone",NA,"No-take"
"2020-10_south-west_BOSS","117",NA,NA,-34.0637,114.7389,20201108,NA,NA,NA,112,"Rachel","Yes",NA,"BU5","CON1","2020-10_south-west_BOSS 117","National Park Zone",NA,"No-take"
"2020-10_south-west_BOSS","113",NA,NA,-34.0587,114.7389,20201108,NA,NA,NA,111,"Rachel","Yes",NA,"BU5","CON1","2020-10_south-west_BOSS 113","National Park Zone",NA,"No-take"
"2020-10_south-west_BOSS","115",NA,NA,-34.0537,114.7364,20201108,NA,NA,NA,111,"Rachel","Yes",NA,"BU5","CON1","2020-10_south-west_BOSS 115","National Park Zone",NA,"No-take"
"2020-10_south-west_BOSS","4",NA,NA,-34.0912,114.7814,20201108,NA,NA,NA,60,"Rachel","Yes",NA,"BU5","CON1","2020-10_south-west_BOSS 4","National Park Zone",NA,"No-take"
"2020-10_south-west_BOSS","5",NA,NA,-34.0887,114.7764,20201108,NA,NA,NA,66,"Rachel","Yes",NA,"BU5","CON1","2020-10_south-west_BOSS 5","National Park Zone",NA,"No-take"
"2020-10_south-west_BOSS","1",NA,NA,-34.0787,114.7789,20201108,NA,NA,NA,62.6,"Rachel","Yes",NA,"BU5","CON1","2020-10_south-west_BOSS 1","National Park Zone",NA,"No-take"
"2020-10_south-west_BOSS","3",NA,NA,-34.0762,114.7839,20201108,NA,NA,NA,61.4,"Rachel","Yes",NA,"BU5","CON1","2020-10_south-west_BOSS 3","National Park Zone",NA,"No-take"
"2020-10_south-west_BOSS","335",NA,NA,-34.0669,114.794,20201108,NA,NA,NA,54.9,"Rachel","Yes",NA,"BU5","CON1","2020-10_south-west_BOSS 335","National Park Zone",NA,"No-take"
"2020-10_south-west_BOSS","206",NA,NA,-34.0637,114.7914,20201108,NA,NA,NA,58.2,"Rachel","Yes",NA,"BU5","CON1","2020-10_south-west_BOSS 206","National Park Zone",NA,"No-take"
"2020-10_south-west_BOSS","204",NA,NA,-34.0662,114.7864,20201108,NA,NA,NA,60.6,"Rachel","Yes",NA,"BU5","CON1","2020-10_south-west_BOSS 204","National Park Zone",NA,"No-take"
"2020-10_south-west_BOSS","207",NA,NA,-34.0612,114.7864,20201108,NA,NA,NA,60.2,"Rachel","Yes",NA,"BU5","CON1","2020-10_south-west_BOSS 207","National Park Zone",NA,"No-take"
"2020-10_south-west_BOSS","312",NA,NA,-34.0662,114.7764,20201108,NA,NA,NA,65.2,"Rachel","Yes",NA,"BU5","CON1","2020-10_south-west_BOSS 312","National Park Zone",NA,"No-take"
"2020-10_south-west_BOSS","334",NA,NA,-34.0616,114.7754,20201108,NA,NA,NA,63,"Rachel","Yes",NA,"BU5","CON1","2020-10_south-west_BOSS 334","National Park Zone",NA,"No-take"
"2020-10_south-west_BOSS","310",NA,NA,-34.0587,114.7739,20201108,NA,NA,NA,64.1,"Rachel","Yes",NA,"BU5","CON1","2020-10_south-west_BOSS 310","National Park Zone",NA,"No-take"
"2020-10_south-west_BOSS","311",NA,NA,-34.0562,114.7689,20201108,NA,NA,NA,67.2,"Rachel","Yes",NA,"BU5","CON1","2020-10_south-west_BOSS 311","National Park Zone",NA,"No-take"
"2020-10_south-west_BOSS","327",NA,NA,-34.0295,114.7624,20201108,NA,NA,NA,64.9,"Rachel","Yes",NA,"BU5","CON1","2020-10_south-west_BOSS 327","Special Purpose Zone (Mining Exclusion)",NA,"Fished"
"2020-10_south-west_BOSS","267",NA,NA,-34.0262,114.7639,20201108,NA,NA,NA,62.7,"Claude","Yes",NA,"BU5","CON1","2020-10_south-west_BOSS 267","Special Purpose Zone (Mining Exclusion)",NA,"Fished"
"2020-10_south-west_BOSS","365",NA,NA,-34.0237,114.7539,20201108,NA,NA,NA,72,"Claude","Yes",NA,"BU5","CON1","2020-10_south-west_BOSS 365","Special Purpose Zone (Mining Exclusion)",NA,"Fished"
"2020-10_south-west_BOSS","266",NA,NA,-34.0212,114.7589,20201108,NA,NA,NA,67.3,"Claude","Yes",NA,"BU5","CON1","2020-10_south-west_BOSS 266","Special Purpose Zone (Mining Exclusion)",NA,"Fished"
"2020-10_south-west_BOSS","325",NA,NA,-33.9918,114.7443,20201108,NA,NA,NA,82.4,"Claude","Yes",NA,"BU5","CON1","2020-10_south-west_BOSS 325","Special Purpose Zone (Mining Exclusion)",NA,"Fished"
"2020-10_south-west_BOSS","361",NA,NA,-33.9887,114.7414,20201108,NA,NA,NA,84.3,"Claude","Yes",NA,"BU5","CON1","2020-10_south-west_BOSS 361","Special Purpose Zone (Mining Exclusion)",NA,"Fished"
"2020-10_south-west_BOSS","374",NA,NA,-33.9862,114.7464,20201108,NA,NA,NA,74.8,"Claude","Yes",NA,"BU5","CON1","2020-10_south-west_BOSS 374","Special Purpose Zone (Mining Exclusion)",NA,"Fished"
"2020-10_south-west_BOSS","363",NA,NA,-33.9862,114.7514,20201108,NA,NA,NA,65.6,"Claude","Yes",NA,"BU5","CON1","2020-10_south-west_BOSS 363","Special Purpose Zone (Mining Exclusion)",NA,"Fished"
"2020-10_south-west_BOSS","227",NA,NA,-33.9987,114.7839,20201108,NA,NA,NA,54.1,"Claude","Yes",NA,"BU5","CON1","2020-10_south-west_BOSS 227","Special Purpose Zone (Mining Exclusion)",NA,"Fished"
"2020-10_south-west_BOSS","229",NA,NA,-33.9937,114.7864,20201108,NA,NA,NA,52.5,"Claude","Yes",NA,"BU5","CON1","2020-10_south-west_BOSS 229","Special Purpose Zone (Mining Exclusion)",NA,"Fished"
"2020-10_south-west_BOSS","241",NA,NA,-33.9937,114.7914,20201108,NA,NA,NA,51.3,"Claude","Yes",NA,"BU5","CON1","2020-10_south-west_BOSS 241","Special Purpose Zone (Mining Exclusion)",NA,"Fished"
"2020-10_south-west_BOSS","228",NA,NA,-34.0037,114.7939,20201108,NA,NA,NA,50.6,"Claude","Yes",NA,"BU5","CON1","2020-10_south-west_BOSS 228","Special Purpose Zone (Mining Exclusion)",NA,"Fished"
"2020-10_south-west_BOSS","278REDO",NA,NA,-34.1112,114.6389,20201111,NA,NA,NA,140,"Claude","Yes",NA,"BU5","CON1","2020-10_south-west_BOSS 278REDO","National Park Zone",NA,"No-take"
"2020-10_south-west_BOSS","277",NA,NA,-34.1062,114.6464,20201111,NA,NA,NA,139,"Claude","Yes",NA,"BU5","CON1","2020-10_south-west_BOSS 277","National Park Zone",NA,"No-take"
"2020-10_south-west_BOSS","343",NA,NA,-34.1026,114.6407,20201111,NA,NA,NA,140,"Claude","Yes",NA,"BU5","CON1","2020-10_south-west_BOSS 343","National Park Zone",NA,"No-take"
"2020-10_south-west_BOSS","276",NA,NA,-34.1012,114.6364,20201111,NA,NA,NA,141,"Claude","Yes",NA,"BU5","CON1","2020-10_south-west_BOSS 276","National Park Zone",NA,"No-take"
"2020-10_south-west_BOSS","275",NA,NA,-34.0987,114.6464,20201111,NA,NA,NA,139,"Claude","Yes",NA,"BU5","CON1","2020-10_south-west_BOSS 275","National Park Zone",NA,"No-take"
"2020-10_south-west_BOSS","372",NA,NA,-34.0062,114.6439,20201111,NA,NA,NA,134,"Rachel","Yes",NA,"BU5","CON1","2020-10_south-west_BOSS 372","Special Purpose Zone (Mining Exclusion)",NA,"Fished"
"2020-10_south-west_BOSS","324",NA,NA,-33.9984,114.6406,20201111,NA,NA,NA,142,"Rachel","Yes",NA,"BU5","CON1","2020-10_south-west_BOSS 324","Special Purpose Zone (Mining Exclusion)",NA,"Fished"
"2020-10_south-west_BOSS","378",NA,NA,-33.9937,114.6389,20201111,NA,NA,NA,142,"Rachel","Yes",NA,"BU5","CON1","2020-10_south-west_BOSS 378","Special Purpose Zone (Mining Exclusion)",NA,"Fished"
"2020-10_south-west_BOSS","370",NA,NA,-33.9962,114.6464,20201111,NA,NA,NA,141,"Rachel","Yes",NA,"BU5","CON1","2020-10_south-west_BOSS 370","Special Purpose Zone (Mining Exclusion)",NA,"Fished"
"2020-10_south-west_BOSS","191",NA,NA,-33.9987,114.6714,20201111,NA,NA,NA,136,"Rachel","Yes",NA,"BU5","CON1","2020-10_south-west_BOSS 191","Special Purpose Zone (Mining Exclusion)",NA,"Fished"
"2020-10_south-west_BOSS","194",NA,NA,-33.9962,114.6639,20201111,NA,NA,NA,137,"Rachel","Yes",NA,"BU5","CON1","2020-10_south-west_BOSS 194","Special Purpose Zone (Mining Exclusion)",NA,"Fished"
"2020-10_south-west_BOSS","189",NA,NA,-33.9887,114.6639,20201111,NA,NA,NA,138,"Rachel","Yes",NA,"BU5","CON1","2020-10_south-west_BOSS 189","Special Purpose Zone (Mining Exclusion)",NA,"Fished"
"2020-10_south-west_BOSS","192",NA,NA,-33.9862,114.6689,20201111,NA,NA,NA,138,"Rachel","Yes",NA,"BU5","CON1","2020-10_south-west_BOSS 192","Special Purpose Zone (Mining Exclusion)",NA,"Fished"
"2020-10_south-west_BOSS","326",NA,NA,-34.0043,114.6893,20201111,NA,NA,NA,129,"Rachel","Yes",NA,"BU5","CON1","2020-10_south-west_BOSS 326","Special Purpose Zone (Mining Exclusion)",NA,"Fished"
"2020-10_south-west_BOSS","364",NA,NA,-34.0087,114.6889,20201111,NA,NA,NA,131,"Rachel","Yes",NA,"BU5","CON1","2020-10_south-west_BOSS 364","Special Purpose Zone (Mining Exclusion)",NA,"Fished"
"2020-10_south-west_BOSS","252",NA,NA,-34.0087,114.6939,20201111,NA,NA,NA,129,"Rachel","Yes",NA,"BU5","CON1","2020-10_south-west_BOSS 252","Special Purpose Zone (Mining Exclusion)",NA,"Fished"
"2020-10_south-west_BOSS","250",NA,NA,-34.0137,114.6939,20201111,NA,NA,NA,130,"Rachel","Yes",NA,"BU5","CON1","2020-10_south-west_BOSS 250","Special Purpose Zone (Mining Exclusion)",NA,"Fished"
"2020-10_south-west_BOSS","254",NA,NA,-34.0187,114.6964,20201111,NA,NA,NA,128,"Rachel","Yes",NA,"BU5","CON1","2020-10_south-west_BOSS 254","Special Purpose Zone (Mining Exclusion)",NA,"Fished"
"2020-10_south-west_BOSS","253",NA,NA,-34.0137,114.7039,20201111,NA,NA,NA,125,"Rachel","Yes",NA,"BU5","CON1","2020-10_south-west_BOSS 253","Special Purpose Zone (Mining Exclusion)",NA,"Fished"
"2020-10_south-west_BOSS","251",NA,NA,-34.0112,114.6989,20201111,NA,NA,NA,128,"Rachel","Yes",NA,"BU5","CON1","2020-10_south-west_BOSS 251","Special Purpose Zone (Mining Exclusion)",NA,"Fished"
"2020-10_south-west_BOSS","71",NA,NA,-34.0037,114.6989,20201111,NA,NA,NA,125,"Rachel","Yes",NA,"BU5","CON1","2020-10_south-west_BOSS 71","Special Purpose Zone (Mining Exclusion)",NA,"Fished"
"2020-10_south-west_BOSS","180",NA,NA,-33.9962,114.7039,20201111,NA,NA,NA,123,"Rachel","Yes",NA,"BU5","CON1","2020-10_south-west_BOSS 180","Special Purpose Zone (Mining Exclusion)",NA,"Fished"
"2020-10_south-west_BOSS","CP11-1",NA,NA,-33.9928,114.6966,20201111,NA,NA,NA,125,"Rachel","Yes",NA,"BU5","CON1","2020-10_south-west_BOSS CP11-1","Special Purpose Zone (Mining Exclusion)",NA,"Fished"
"2020-10_south-west_BOSS","181",NA,NA,-33.9887,114.6989,20201111,NA,NA,NA,125,"Rachel","Yes",NA,"BU5","CON1","2020-10_south-west_BOSS 181","Special Purpose Zone (Mining Exclusion)",NA,"Fished"
"2020-10_south-west_BOSS","CP11-2",NA,NA,-33.9743,114.6928,20201111,NA,NA,NA,124,"Rachel","Yes",NA,"BU5","CON1","2020-10_south-west_BOSS CP11-2","Special Purpose Zone (Mining Exclusion)",NA,"Fished"
"2020-10_south-west_BOSS","J11",NA,NA,-34.1178,114.9231,20201119,NA,NA,NA,39.7,"Charlotte","Yes",NA,"5.5","CON1","2020-10_south-west_BOSS J11","National Park Zone",NA,"No-take"
"2020-10_south-west_BOSS","J12",NA,NA,-34.1323,114.9285,20201119,NA,NA,NA,44.7,"Charlotte","Yes",NA,"5.5","CON1","2020-10_south-west_BOSS J12","National Park Zone",NA,"No-take"
"2020-10_south-west_BOSS","J9",NA,NA,-34.1195,114.9161,20201119,NA,NA,NA,44.1,"Charlotte","Yes",NA,"5.5","CON1","2020-10_south-west_BOSS J9","National Park Zone",NA,"No-take"
"2020-10_south-west_BOSS","J10",NA,NA,-34.1173,114.9187,20201119,NA,NA,NA,38.7,"Charlotte","Yes",NA,"5.5","CON1","2020-10_south-west_BOSS J10","National Park Zone",NA,"No-take"
"2020-10_south-west_BOSS","J1",NA,NA,-34.1286,114.9309,20201119,NA,NA,NA,44.3,"Charlotte","Yes",NA,"5.5","CON1","2020-10_south-west_BOSS J1","National Park Zone",NA,"No-take"
"2020-10_south-west_BOSS","J2",NA,NA,-34.1253,114.9288,20201119,NA,NA,NA,44.4,"Charlotte","Yes",NA,"5.5","CON1","2020-10_south-west_BOSS J2","National Park Zone",NA,"No-take"
"2020-10_south-west_BOSS","J3",NA,NA,-34.1269,114.9259,20201119,NA,NA,NA,44.4,"Charlotte","Yes",NA,"5.5","CON1","2020-10_south-west_BOSS J3","National Park Zone",NA,"No-take"
"2020-10_south-west_BOSS","J4",NA,NA,-34.1226,114.9203,20201119,NA,NA,NA,42.9,"Charlotte","Yes",NA,"5.5","CON1","2020-10_south-west_BOSS J4","National Park Zone",NA,"No-take"
"2020-10_south-west_BOSS","J8",NA,NA,-34.1294,114.9118,20201119,NA,NA,NA,43.4,"Charlotte","Yes",NA,"5.5","CON1","2020-10_south-west_BOSS J8","National Park Zone",NA,"No-take"
"2020-10_south-west_BOSS","J6",NA,NA,-34.1328,114.9124,20201119,NA,NA,NA,37.1,"Charlotte","Yes",NA,"5.5","CON1","2020-10_south-west_BOSS J6","National Park Zone",NA,"No-take"
"2020-10_south-west_BOSS","J5",NA,NA,-34.1315,114.9158,20201119,NA,NA,NA,42.7,"Charlotte","Yes",NA,"5.5","CON1","2020-10_south-west_BOSS J5","National Park Zone",NA,"No-take"
"2020-10_south-west_BOSS","J7",NA,NA,-34.1348,114.9102,20201119,NA,NA,NA,43.3,"Charlotte","Yes",NA,"5.5","CON1","2020-10_south-west_BOSS J7","National Park Zone",NA,"No-take"
"2020-10_south-west_BOSS","J17",NA,NA,-34.1321,114.9208,20201119,NA,NA,NA,40.6,"Charlotte","Yes",NA,"5.5","CON1","2020-10_south-west_BOSS J17","National Park Zone",NA,"No-take"
"2020-10_south-west_BOSS","J14",NA,NA,-34.1284,114.9255,20201119,NA,NA,NA,41.7,"Charlotte","Yes",NA,"5.5","CON1","2020-10_south-west_BOSS J14","National Park Zone",NA,"No-take"
"2020-10_south-west_BOSS","J16",NA,NA,-34.1262,114.9065,20201119,NA,NA,NA,41.2,"Charlotte","Yes",NA,"5.5","CON1","2020-10_south-west_BOSS J16","National Park Zone",NA,"No-take"
"2020-10_south-west_BOSS","J15",NA,NA,-34.125,114.9103,20201119,NA,NA,NA,40.8,"Charlotte","Yes",NA,"5.5","CON1","2020-10_south-west_BOSS J15","National Park Zone",NA,"No-take"
"2020-10_south-west_BOSS","J13",NA,NA,-34.1285,114.9305,20201119,NA,NA,NA,42.3,"Charlotte","Yes",NA,"5.5","CON1","2020-10_south-west_BOSS J13","National Park Zone",NA,"No-take"
"2020-10_south-west_BOSS","J18",NA,NA,-34.1287,114.9241,20201119,NA,NA,NA,41.4,"Charlotte","Yes",NA,"5.5","CON1","2020-10_south-west_BOSS J18","National Park Zone",NA,"No-take"
"2020-10_south-west_BOSS","J24",NA,NA,-34.1187,114.8264,20201119,NA,NA,NA,42.4,"Charlotte","Yes",NA,"5.5","CON1","2020-10_south-west_BOSS J24","National Park Zone",NA,"No-take"
"2020-10_south-west_BOSS","J26",NA,NA,-34.1209,114.8289,20201119,NA,NA,NA,42.6,"Charlotte","Yes",NA,"5.5","CON1","2020-10_south-west_BOSS J26","National Park Zone",NA,"No-take"
"2020-10_south-west_BOSS","J25",NA,NA,-34.1168,114.8284,20201119,NA,NA,NA,43,"Charlotte","Yes",NA,"5.5","CON1","2020-10_south-west_BOSS J25","National Park Zone",NA,"No-take"
"2020-10_south-west_BOSS","J32",NA,NA,-34.1301,114.8611,20201119,NA,NA,NA,42.9,"Charlotte","Yes",NA,"5.5","CON1","2020-10_south-west_BOSS J32","National Park Zone",NA,"No-take"
"2020-10_south-west_BOSS","J30",NA,NA,-34.1121,114.8595,20201119,NA,NA,NA,42.5,"Charlotte","Yes",NA,"5.5","CON1","2020-10_south-west_BOSS J30","National Park Zone",NA,"No-take"
"2020-10_south-west_BOSS","J28",NA,NA,-34.1129,114.8521,20201119,NA,NA,NA,42.9,"Charlotte","Yes",NA,"5.5","CON1","2020-10_south-west_BOSS J28","National Park Zone",NA,"No-take"
"2020-10_south-west_BOSS","J29",NA,NA,-34.1111,114.8556,20201119,NA,NA,NA,43.8,"Charlotte","Yes",NA,"5.5","CON1","2020-10_south-west_BOSS J29","National Park Zone",NA,"No-take"
"2020-10_south-west_BOSS","J31",NA,NA,-34.116,114.8607,20201119,NA,NA,NA,43.4,"Charlotte","Yes",NA,"5.5","CON1","2020-10_south-west_BOSS J31","National Park Zone",NA,"No-take"
"2020-10_south-west_BOSS","J27",NA,NA,-34.1218,114.8329,20201119,NA,NA,NA,43.5,"Charlotte","Yes",NA,"5.5","CON1","2020-10_south-west_BOSS J27","National Park Zone",NA,"No-take"
"2021-03_West-Coast_BOSS","148",NA,NA,-34.0518,114.925,20210308,NA,"West Coast",NA,46.6,"Claude","Yes","No","RAW2","CON1","2021-03_West-Coast_BOSS 148","National Park Zone",NA,"No-take"
"2021-03_West-Coast_BOSS","2",NA,NA,-34.0604,114.924,20210308,NA,"West Coast",NA,47.3,"Claude","Yes","No","RAW2","CON1","2021-03_West-Coast_BOSS 2","National Park Zone",NA,"No-take"
"2021-03_West-Coast_BOSS","99",NA,NA,-34.0555,114.916,20210308,NA,"West Coast",NA,47.2,"Claude","Yes","No","RAW2","CON1","2021-03_West-Coast_BOSS 99","National Park Zone",NA,"No-take"
"2021-03_West-Coast_BOSS","127",NA,NA,-34.0545,114.91,20210308,NA,"West Coast",NA,44,"Claude","Yes","No","RAW2","CON1","2021-03_West-Coast_BOSS 127","National Park Zone",NA,"No-take"
"2021-03_West-Coast_BOSS","43",NA,NA,-34.0521,114.909,20210308,NA,"West Coast",NA,45.5,"Claude","Yes","No","RAW2","CON1","2021-03_West-Coast_BOSS 43","National Park Zone",NA,"No-take"
"2021-03_West-Coast_BOSS","110",NA,NA,-34.0505,114.907,20210308,NA,"West Coast",NA,45,"Claude","Yes","No","RAW2","CON1","2021-03_West-Coast_BOSS 110","National Park Zone",NA,"No-take"
"2021-03_West-Coast_BOSS","139",NA,NA,-34.0616,114.898,20210308,NA,"West Coast",NA,44,"Claude","Yes","No","RAW2","CON1","2021-03_West-Coast_BOSS 139","National Park Zone",NA,"No-take"
"2021-03_West-Coast_BOSS","133",NA,NA,-34.075,114.911,20210308,NA,"West Coast",NA,44,"Claude","Yes","No","RAW2","CON1","2021-03_West-Coast_BOSS 133","National Park Zone",NA,"No-take"
"2021-03_West-Coast_BOSS","52",NA,NA,-34.0826,114.915,20210308,NA,"West Coast",NA,46.1,"Claude","Yes","No","RAW2","CON1","2021-03_West-Coast_BOSS 52","National Park Zone",NA,"No-take"
"2021-03_West-Coast_BOSS","91",NA,NA,-34.0807,114.928,20210308,NA,"West Coast",NA,44.8,"Claude","Yes","No","RAW2","CON1","2021-03_West-Coast_BOSS 91","National Park Zone",NA,"No-take"
"2021-03_West-Coast_BOSS","47",NA,NA,-34.0832,114.926,20210308,NA,"West Coast",NA,45.1,"Claude","Yes","No","RAW2","CON1","2021-03_West-Coast_BOSS 47","National Park Zone",NA,"No-take"
"2021-03_West-Coast_BOSS","16",NA,NA,-34.0848,114.924,20210308,NA,"West Coast",NA,44.1,"Claude","Yes","No","RAW2","CON1","2021-03_West-Coast_BOSS 16","National Park Zone",NA,"No-take"
"2021-03_West-Coast_BOSS","38",NA,NA,-34.0904,114.917,20210308,NA,"West Coast",NA,45.4,"Claude","Yes","No","RAW2","CON1","2021-03_West-Coast_BOSS 38","National Park Zone",NA,"No-take"
"2021-03_West-Coast_BOSS","71",NA,NA,-34.0923,114.908,20210308,NA,"West Coast",NA,43.5,"Claude","Yes","No","RAW2","CON1","2021-03_West-Coast_BOSS 71","National Park Zone",NA,"No-take"
"2021-03_West-Coast_BOSS","14",NA,NA,-34.0979,114.913,20210308,NA,"West Coast",NA,43.6,"Claude","Yes","No","RAW2","CON1","2021-03_West-Coast_BOSS 14","National Park Zone",NA,"No-take"
"2021-03_West-Coast_BOSS","150",NA,NA,-34.1,114.917,20210308,NA,"West Coast",NA,44.6,"Claude","Yes","No","RAW2","CON1","2021-03_West-Coast_BOSS 150","National Park Zone",NA,"No-take"
"2021-03_West-Coast_BOSS","92",NA,NA,-34.101,114.918,20210308,NA,"West Coast",NA,44.3,"Claude","Yes","No","RAW2","CON1","2021-03_West-Coast_BOSS 92","National Park Zone",NA,"No-take"
"2021-03_West-Coast_BOSS","28",NA,NA,-34.0995,114.923,20210308,NA,"West Coast",NA,47,"Claude","Yes","No","RAW2","CON1","2021-03_West-Coast_BOSS 28","National Park Zone",NA,"No-take"
"2021-03_West-Coast_BOSS","124",NA,NA,-34.1003,114.929,20210308,NA,"West Coast",NA,45,"Claude","Yes","No","RAW2","CON1","2021-03_West-Coast_BOSS 124","National Park Zone",NA,"No-take"
"2021-03_West-Coast_BOSS","53",NA,NA,-34.1047,114.92,20210308,NA,"West Coast",NA,45.4,"Claude","Yes","No","RAW2","CON1","2021-03_West-Coast_BOSS 53","National Park Zone",NA,"No-take"
"2021-03_West-Coast_BOSS","6",NA,NA,-34.1073,114.918,20210308,NA,"West Coast",NA,44.4,"Claude","Yes","No","RAW2","CON1","2021-03_West-Coast_BOSS 6","National Park Zone",NA,"No-take"
"2021-03_West-Coast_BOSS","149",NA,NA,-34.1135,114.931,20210308,NA,"West Coast",NA,45.1,"Claude","Yes","No","RAW2","CON1","2021-03_West-Coast_BOSS 149","National Park Zone",NA,"No-take"
"2021-03_West-Coast_BOSS","32",NA,NA,-34.1125,114.921,20210308,NA,"West Coast",NA,45.1,"Claude","Yes","No","RAW2","CON1","2021-03_West-Coast_BOSS 32","National Park Zone",NA,"No-take"
"2021-03_West-Coast_BOSS","116",NA,NA,-34.1138,114.919,20210308,NA,"West Coast",NA,45.1,"Claude","Yes","No","RAW2","CON1","2021-03_West-Coast_BOSS 116","National Park Zone",NA,"No-take"
"2021-03_West-Coast_BOSS","69",NA,NA,-34.1187,114.911,20210308,NA,"West Coast",NA,43.7,"Claude","Yes","No","RAW2","CON1","2021-03_West-Coast_BOSS 69","National Park Zone",NA,"No-take"
"2021-03_West-Coast_BOSS","138",NA,NA,-34.119,114.912,20210308,NA,"West Coast",NA,41.8,"Claude","Yes","No","RAW2","CON1","2021-03_West-Coast_BOSS 138","National Park Zone",NA,"No-take"
"2021-03_West-Coast_BOSS","76",NA,NA,-34.1217,114.916,20210308,NA,"West Coast",NA,43.3,"Claude","Yes","No","RAW2","CON1","2021-03_West-Coast_BOSS 76","National Park Zone",NA,"No-take"
"2021-03_West-Coast_BOSS","144",NA,NA,-34.1221,114.92,20210308,NA,"West Coast",NA,43.2,"Claude","Yes","No","RAW2","CON1","2021-03_West-Coast_BOSS 144","National Park Zone",NA,"No-take"
"2021-03_West-Coast_BOSS","5",NA,NA,-34.125,114.93,20210308,NA,"West Coast",NA,45.2,"Claude","Yes","No","RAW2","CON1","2021-03_West-Coast_BOSS 5","National Park Zone",NA,"No-take"
"2021-03_West-Coast_BOSS","107",NA,NA,-34.1347,114.94,20210308,NA,"West Coast",NA,44.4,"Claude","Yes","No","RAW2","CON1","2021-03_West-Coast_BOSS 107","National Park Zone",NA,"No-take"
"2021-03_West-Coast_BOSS","37",NA,NA,-34.1303,114.931,20210308,NA,"West Coast",NA,46.5,"Claude","Yes","No","RAW2","CON1","2021-03_West-Coast_BOSS 37","National Park Zone",NA,"No-take"
"2021-03_West-Coast_BOSS","102",NA,NA,-34.1305,114.926,20210308,NA,"West Coast",NA,35.3,"Claude","Yes","No","RAW2","CON1","2021-03_West-Coast_BOSS 102","National Park Zone",NA,"No-take"
"2021-03_West-Coast_BOSS","57",NA,NA,-34.1341,114.924,20210308,NA,"West Coast",NA,44.4,"Claude","Yes","No","RAW2","CON1","2021-03_West-Coast_BOSS 57","National Park Zone",NA,"No-take"
"2021-03_West-Coast_BOSS","24",NA,NA,-34.1347,114.923,20210308,NA,"West Coast",NA,39.9,"Claude","Yes","No","RAW2","CON1","2021-03_West-Coast_BOSS 24","National Park Zone",NA,"No-take"
"2021-03_West-Coast_BOSS","70",NA,NA,-34.1321,114.922,20210308,NA,"West Coast",NA,38.7,"Claude","Yes","No","RAW2","CON1","2021-03_West-Coast_BOSS 70","National Park Zone",NA,"No-take"
"2021-03_West-Coast_BOSS","62",NA,NA,-34.1281,114.919,20210308,NA,"West Coast",NA,40.4,"Claude","Yes","No","RAW2","CON1","2021-03_West-Coast_BOSS 62","National Park Zone",NA,"No-take"
"2021-03_West-Coast_BOSS","104",NA,NA,-34.1255,114.918,20210308,NA,"West Coast",NA,41.8,"Claude","Yes","No","RAW2","CON1","2021-03_West-Coast_BOSS 104","National Park Zone",NA,"No-take"
"2021-03_West-Coast_BOSS","30",NA,NA,-34.1256,114.915,20210308,NA,"West Coast",NA,41.7,"Claude","Yes","No","RAW2","CON1","2021-03_West-Coast_BOSS 30","National Park Zone",NA,"No-take"
"2021-03_West-Coast_BOSS","95",NA,NA,-34.1229,114.91,20210308,NA,"West Coast",NA,41.2,"Claude","Yes","No","RAW2","CON1","2021-03_West-Coast_BOSS 95","National Park Zone",NA,"No-take"
"2021-03_West-Coast_BOSS","106",NA,NA,-34.1313,114.875,20210308,NA,"West Coast",NA,43.9,"Claude","Yes","No","RAW2","CON1","2021-03_West-Coast_BOSS 106","National Park Zone",NA,"No-take"
"2021-03_West-Coast_BOSS","39",NA,NA,-34.1301,114.877,20210308,NA,"West Coast",NA,42.3,"Claude","Yes","No","RAW2","CON1","2021-03_West-Coast_BOSS 39","National Park Zone",NA,"No-take"
"2021-03_West-Coast_BOSS","140",NA,NA,-34.1163,114.882,20210308,NA,"West Coast",NA,42.4,"Claude","Yes","No","RAW2","CON1","2021-03_West-Coast_BOSS 140","National Park Zone",NA,"No-take"
"2021-03_West-Coast_BOSS","10",NA,NA,-34.1084,114.886,20210308,NA,"West Coast",NA,41.5,"Claude","Yes","No","RAW2","CON1","2021-03_West-Coast_BOSS 10","National Park Zone",NA,"No-take"
"2021-03_West-Coast_BOSS","147",NA,NA,-34.0908,114.895,20210308,NA,"West Coast",NA,43.3,"Claude","Yes","No","RAW2","CON1","2021-03_West-Coast_BOSS 147","National Park Zone",NA,"No-take"
"2021-03_West-Coast_BOSS","23",NA,NA,-34.0829,114.899,20210308,NA,"West Coast",NA,43.2,"Claude","Yes","No","RAW2","CON1","2021-03_West-Coast_BOSS 23","National Park Zone",NA,"No-take"
"2021-03_West-Coast_BOSS","Old Point",NA,NA,-34.050194,114.869122,20210309,NA,"West Coast",NA,42.3,"Claude","Yes","No","RAW2","CON1","2021-03_West-Coast_BOSS Old Point","National Park Zone",NA,"No-take"
"2021-03_West-Coast_BOSS","41",NA,NA,-34.0596,114.877,20210309,NA,"West Coast",NA,41.4,"Claude","Yes","No","RAW2","CON1","2021-03_West-Coast_BOSS 41","National Park Zone",NA,"No-take"
"2021-03_West-Coast_BOSS","33",NA,NA,-34.0742,114.871,20210309,NA,"West Coast",NA,46.7,"Claude","Yes","No","RAW2","CON1","2021-03_West-Coast_BOSS 33","National Park Zone",NA,"No-take"
"2021-03_West-Coast_BOSS","86",NA,NA,-34.0774,114.865,20210309,NA,"West Coast",NA,41.2,"Claude","Yes","No","RAW2","CON1","2021-03_West-Coast_BOSS 86","National Park Zone",NA,"No-take"
"2021-03_West-Coast_BOSS","56",NA,NA,-34.0782,114.873,20210309,NA,"West Coast",NA,41.6,"Claude","Yes","No","RAW2","CON1","2021-03_West-Coast_BOSS 56","National Park Zone",NA,"No-take"
"2021-03_West-Coast_BOSS","65",NA,NA,-34.0813,114.884,20210309,NA,"West Coast",NA,41.6,"Claude","Yes","No","RAW2","CON1","2021-03_West-Coast_BOSS 65","National Park Zone",NA,"No-take"
"2021-03_West-Coast_BOSS","137",NA,NA,-34.0854,114.877,20210309,NA,"West Coast",NA,42.1,"Claude","Yes","No","RAW2","CON1","2021-03_West-Coast_BOSS 137","National Park Zone",NA,"No-take"
"2021-03_West-Coast_BOSS","48",NA,NA,-34.0891,114.882,20210309,NA,"West Coast",NA,42.1,"Claude","Yes","No","RAW2","CON1","2021-03_West-Coast_BOSS 48","National Park Zone",NA,"No-take"
"2021-03_West-Coast_BOSS","67",NA,NA,-34.0899,114.873,20210309,NA,"West Coast",NA,42.5,"Claude","Yes","No","RAW2","CON1","2021-03_West-Coast_BOSS 67","National Park Zone",NA,"No-take"
"2021-03_West-Coast_BOSS","126",NA,NA,-34.0912,114.87,20210309,NA,"West Coast",NA,43.1,"Claude","Yes","No","RAW2","CON1","2021-03_West-Coast_BOSS 126","National Park Zone",NA,"No-take"
"2021-03_West-Coast_BOSS","44",NA,NA,-34.0931,114.858,20210309,NA,"West Coast",NA,43.8,"Claude","Yes","No","RAW2","CON1","2021-03_West-Coast_BOSS 44","National Park Zone",NA,"No-take"
"2021-03_West-Coast_BOSS","35",NA,NA,-34.0959,114.852,20210309,NA,"West Coast",NA,43.5,"Claude","Yes","No","RAW2","CON1","2021-03_West-Coast_BOSS 35","National Park Zone",NA,"No-take"
"2021-03_West-Coast_BOSS","100",NA,NA,-34.0961,114.847,20210309,NA,"West Coast",NA,43.4,"Claude","Yes","No","RAW2","CON1","2021-03_West-Coast_BOSS 100","National Park Zone",NA,"No-take"
"2021-03_West-Coast_BOSS","7",NA,NA,-34.0995,114.853,20210309,NA,"West Coast",NA,44.2,"Claude","Yes","No","RAW2","CON1","2021-03_West-Coast_BOSS 7","National Park Zone",NA,"No-take"
"2021-03_West-Coast_BOSS","108",NA,NA,-34.1001,114.85,20210309,NA,"West Coast",NA,44.1,"Claude","Yes","No","RAW2","CON1","2021-03_West-Coast_BOSS 108","National Park Zone",NA,"No-take"
"2021-03_West-Coast_BOSS","26",NA,NA,-34.1003,114.844,20210309,NA,"West Coast",NA,44.2,"Claude","Yes","No","RAW2","CON1","2021-03_West-Coast_BOSS 26","National Park Zone",NA,"No-take"
"2021-03_West-Coast_BOSS","125",NA,NA,-34.104,114.847,20210309,NA,"West Coast",NA,45.8,"Claude","Yes","No","RAW2","CON1","2021-03_West-Coast_BOSS 125","National Park Zone",NA,"No-take"
"2021-03_West-Coast_BOSS","98",NA,NA,-34.1139,114.856,20210309,NA,"West Coast",NA,43.5,"Claude","Yes","No","RAW2","CON1","2021-03_West-Coast_BOSS 98","National Park Zone",NA,"No-take"
"2021-03_West-Coast_BOSS","1",NA,NA,-34.1318,114.853,20210309,NA,"West Coast",NA,44.1,"Claude","Yes","No","RAW2","CON1","2021-03_West-Coast_BOSS 1","National Park Zone",NA,"No-take"
"2021-03_West-Coast_BOSS","83",NA,NA,-34.1341,114.838,20210309,NA,"West Coast",NA,47.9,"Claude","Yes","No","RAW2","CON1","2021-03_West-Coast_BOSS 83","National Park Zone",NA,"No-take"
"2021-03_West-Coast_BOSS","88",NA,NA,-34.1351,114.827,20210309,NA,"West Coast",NA,50.3,"Claude","Yes","No","RAW2","CON1","2021-03_West-Coast_BOSS 88","National Park Zone",NA,"No-take"
"2021-03_West-Coast_BOSS","36",NA,NA,-34.1317,114.822,20210309,NA,"West Coast",NA,50.7,"Claude","Yes","No","RAW2","CON1","2021-03_West-Coast_BOSS 36","National Park Zone",NA,"No-take"
"2021-03_West-Coast_BOSS","130",NA,NA,-34.1213,114.83,20210309,NA,"West Coast",NA,48.1,"Claude","Yes","No","RAW2","CON1","2021-03_West-Coast_BOSS 130","National Park Zone",NA,"No-take"
"2021-03_West-Coast_BOSS","46",NA,NA,-34.119,114.831,20210309,NA,"West Coast",NA,48.1,"Claude","Yes","No","RAW2","CON1","2021-03_West-Coast_BOSS 46","National Park Zone",NA,"No-take"
"2021-03_West-Coast_BOSS","93",NA,NA,-34.1196,114.845,20210309,NA,"West Coast",NA,45.1,"Claude","Yes","No","RAW2","CON1","2021-03_West-Coast_BOSS 93","National Park Zone",NA,"No-take"
"2021-03_West-Coast_BOSS","78",NA,NA,-34.1182,114.841,20210309,NA,"West Coast",NA,46.7,"Claude","Yes","No","RAW2","CON1","2021-03_West-Coast_BOSS 78","National Park Zone",NA,"No-take"
"2021-03_West-Coast_BOSS","50",NA,NA,-34.1143,114.842,20210309,NA,"West Coast",NA,45.7,"Claude","Yes","No","RAW2","CON1","2021-03_West-Coast_BOSS 50","National Park Zone",NA,"No-take"
"2021-03_West-Coast_BOSS","80",NA,NA,-34.1034,114.832,20210309,NA,"West Coast",NA,46.6,"Claude","Yes","No","RAW2","CON1","2021-03_West-Coast_BOSS 80","National Park Zone",NA,"No-take"
"2021-03_West-Coast_BOSS","114",NA,NA,-34.0969,114.834,20210309,NA,"West Coast",NA,46.4,"Claude","Yes","No","RAW2","CON1","2021-03_West-Coast_BOSS 114","National Park Zone",NA,"No-take"
"2021-03_West-Coast_BOSS","64",NA,NA,-34.0937,114.84,20210309,NA,"West Coast",NA,47.7,"Claude","Yes","No","RAW2","CON1","2021-03_West-Coast_BOSS 64","National Park Zone",NA,"No-take"
"2021-03_West-Coast_BOSS","136",NA,NA,-34.0891,114.833,20210309,NA,"West Coast",NA,46,"Claude","Yes","No","RAW2","CON1","2021-03_West-Coast_BOSS 136","National Park Zone",NA,"No-take"
"2021-03_West-Coast_BOSS","97",NA,NA,-34.0872,114.842,20210309,NA,"West Coast",NA,44.8,"Claude","Yes","No","RAW2","CON1","2021-03_West-Coast_BOSS 97","National Park Zone",NA,"No-take"
"2021-03_West-Coast_BOSS","121",NA,NA,-34.0836,114.853,20210309,NA,"West Coast",NA,42.8,"Claude","Yes","No","RAW2","CON1","2021-03_West-Coast_BOSS 121","National Park Zone",NA,"No-take"
"2021-03_West-Coast_BOSS","3",NA,NA,-34.0789,114.851,20210309,NA,"West Coast",NA,43.5,"Claude","Yes","No","RAW2","CON1","2021-03_West-Coast_BOSS 3","National Park Zone",NA,"No-take"
"2021-03_West-Coast_BOSS","73",NA,NA,-34.0802,114.848,20210309,NA,"West Coast",NA,43.4,"Claude","Yes","No","RAW2","CON1","2021-03_West-Coast_BOSS 73","National Park Zone",NA,"No-take"
"2021-03_West-Coast_BOSS","118",NA,NA,-34.0714,114.826,20210309,NA,"West Coast",NA,47.3,"Claude","Yes","No","RAW2","CON1","2021-03_West-Coast_BOSS 118","National Park Zone",NA,"No-take"
"2021-03_West-Coast_BOSS","128",NA,NA,-34.0694,114.823,20210309,NA,"West Coast",NA,47.8,"Claude","Yes","No","RAW2","CON1","2021-03_West-Coast_BOSS 128","National Park Zone",NA,"No-take"
"2021-03_West-Coast_BOSS","60",NA,NA,-34.0652,114.821,20210309,NA,"West Coast",NA,48.7,"Claude","Yes","No","RAW2","CON1","2021-03_West-Coast_BOSS 60","National Park Zone",NA,"No-take"
"2021-03_West-Coast_BOSS","134",NA,NA,-34.0631,114.857,20210309,NA,"West Coast",NA,41.7,"Claude","Yes","No","RAW2","CON1","2021-03_West-Coast_BOSS 134","National Park Zone",NA,"No-take"
"2021-03_West-Coast_BOSS","120",NA,NA,-34.0617,114.861,20210309,NA,"West Coast",NA,41.2,"Claude","Yes","No","RAW2","CON1","2021-03_West-Coast_BOSS 120","National Park Zone",NA,"No-take"
"2021-03_West-Coast_BOSS","8",NA,NA,-34.0554,114.851,20210309,NA,"West Coast",NA,42.5,"Claude","Yes","No","RAW2","CON1","2021-03_West-Coast_BOSS 8","National Park Zone",NA,"No-take"
"2021-03_West-Coast_BOSS","68",NA,NA,-34.05,114.859,20210309,NA,"West Coast",NA,41.1,"Claude","Yes","No","RAW2","CON1","2021-03_West-Coast_BOSS 68","National Park Zone",NA,"No-take"
"2021-03_West-Coast_BOSS","117",NA,NA,-34.0681,114.76,20210310,NA,"West Coast",NA,87.6,"Claude","Yes","No","RAW3","CON1","2021-03_West-Coast_BOSS 117","National Park Zone",NA,"No-take"
"2021-03_West-Coast_BOSS","17",NA,NA,-34.0742,114.757,20210310,NA,"West Coast",NA,92.2,"Claude","Yes","No","RAW3","CON1","2021-03_West-Coast_BOSS 17","National Park Zone",NA,"No-take"
"2021-03_West-Coast_BOSS","40",NA,NA,-34.0784,114.754,20210310,NA,"West Coast",NA,97,"Claude","Yes","No","RAW3","CON1","2021-03_West-Coast_BOSS 40","National Park Zone",NA,"No-take"
"2021-03_West-Coast_BOSS","72",NA,NA,-34.0685,114.747,20210310,NA,"West Coast",NA,105,"Claude","Yes","No","RAW3","CON1","2021-03_West-Coast_BOSS 72","National Park Zone",NA,"No-take"
"2021-03_West-Coast_BOSS","109",NA,NA,-34.0839,114.741,20210310,NA,"West Coast",NA,114,"Claude","Yes","No","RAW3","CON1","2021-03_West-Coast_BOSS 109","National Park Zone",NA,"No-take"
"2021-03_West-Coast_BOSS","145",NA,NA,-34.0891,114.732,20210310,NA,"West Coast",NA,121,"Claude","Yes","No","RAW3","CON1","2021-03_West-Coast_BOSS 145","National Park Zone",NA,"No-take"
"2021-03_West-Coast_BOSS","S1",NA,NA,-34.10277,114.639918,20210310,NA,"West Coast",NA,140,"Claude","Yes","No","RAW3","CON1","2021-03_West-Coast_BOSS S1","National Park Zone",NA,"No-take"
"2021-03_West-Coast_BOSS","S2",NA,NA,-34.10284,114.640335,20210310,NA,"West Coast",NA,140,"Claude","Yes","No","RAW3","CON1","2021-03_West-Coast_BOSS S2","National Park Zone",NA,"No-take"
"2021-03_West-Coast_BOSS","S3",NA,NA,-34.102738,114.640238,20210310,NA,"West Coast",NA,140,"Claude","Yes","No","RAW3","CON1","2021-03_West-Coast_BOSS S3","National Park Zone",NA,"No-take"
"2021-03_West-Coast_BOSS","90",NA,NA,-34.1003,114.731,20210310,NA,"West Coast",NA,122,"Claude","Yes","No","RAW3","CON1","2021-03_West-Coast_BOSS 90","National Park Zone",NA,"No-take"
"2021-03_West-Coast_BOSS","22",NA,NA,-34.1033,114.745,20210310,NA,"West Coast",NA,116,"Claude","Yes","No","RAW3","CON1","2021-03_West-Coast_BOSS 22","National Park Zone",NA,"No-take"
"2021-03_West-Coast_BOSS","77",NA,NA,-34.0979,114.75,20210310,NA,"West Coast",NA,111,"Claude","Yes","No","RAW3","CON1","2021-03_West-Coast_BOSS 77","National Park Zone",NA,"No-take"
"2021-03_West-Coast_BOSS","82",NA,NA,-34.0964,114.759,20210310,NA,"West Coast",NA,100,"Claude","Yes","No","RAW3","CON1","2021-03_West-Coast_BOSS 82","National Park Zone",NA,"No-take"
"2021-03_West-Coast_BOSS","49",NA,NA,-34.103,114.762,20210310,NA,"West Coast",NA,96.4,"Claude","Yes","No","RAW3","CON1","2021-03_West-Coast_BOSS 49","National Park Zone",NA,"No-take"
"2021-03_West-Coast_BOSS","141",NA,NA,-34.1175,114.762,20210310,NA,"West Coast",NA,105,"Claude","Yes","No","RAW3","CON1","2021-03_West-Coast_BOSS 141","National Park Zone",NA,"No-take"
"2021-03_West-Coast_BOSS","11",NA,NA,-34.1163,114.775,20210310,NA,"West Coast",NA,87.5,"Claude","Yes","No","RAW3","CON1","2021-03_West-Coast_BOSS 11","National Park Zone",NA,"No-take"
"2021-03_West-Coast_BOSS","146",NA,NA,-34.1099,114.79,20210310,NA,"West Coast",NA,62.1,"Claude","Yes","No","RAW3","CON1","2021-03_West-Coast_BOSS 146","National Park Zone",NA,"No-take"
"2021-03_West-Coast_BOSS","18",NA,NA,-34.1078,114.787,20210310,NA,"West Coast",NA,61.6,"Claude","Yes","No","RAW3","CON1","2021-03_West-Coast_BOSS 18","National Park Zone",NA,"No-take"
"2021-03_West-Coast_BOSS","42",NA,NA,-34.106,114.781,20210310,NA,"West Coast",NA,70.1,"Claude","Yes","No","RAW3","CON1","2021-03_West-Coast_BOSS 42","National Park Zone",NA,"No-take"
"2021-03_West-Coast_BOSS","84",NA,NA,-34.1034,114.78,20210310,NA,"West Coast",NA,69,"Claude","Yes","No","RAW3","CON1","2021-03_West-Coast_BOSS 84","National Park Zone",NA,"No-take"
"2021-03_West-Coast_BOSS","20",NA,NA,-34.1018,114.784,20210310,NA,"West Coast",NA,63.7,"Claude","Yes","No","RAW3","CON1","2021-03_West-Coast_BOSS 20","National Park Zone",NA,"No-take"
"2021-03_West-Coast_BOSS","55",NA,NA,-34.1011,114.778,20210310,NA,"West Coast",NA,71.7,"Claude","Yes","No","RAW3","CON1","2021-03_West-Coast_BOSS 55","National Park Zone",NA,"No-take"
"2021-03_West-Coast_BOSS","115",NA,NA,-34.1013,114.774,20210310,NA,"West Coast",NA,80.2,"Claude","Yes","No","RAW3","CON1","2021-03_West-Coast_BOSS 115","National Park Zone",NA,"No-take"
"2021-03_West-Coast_BOSS","96",NA,NA,-34.0975,114.776,20210310,NA,"West Coast",NA,71.4,"Claude","Yes","No","RAW3","CON1","2021-03_West-Coast_BOSS 96","National Park Zone",NA,"No-take"
"2021-03_West-Coast_BOSS","89",NA,NA,-34.0945,114.775,20210310,NA,"West Coast",NA,72.3,"Claude","Yes","No","RAW3","CON1","2021-03_West-Coast_BOSS 89","National Park Zone",NA,"No-take"
"2021-03_West-Coast_BOSS","131",NA,NA,-34.0906,114.773,20210310,NA,"West Coast",NA,73.4,"Claude","Yes","No","RAW3","CON1","2021-03_West-Coast_BOSS 131","National Park Zone",NA,"No-take"
"2021-03_West-Coast_BOSS","112",NA,NA,-34.0897,114.779,20210310,NA,"West Coast",NA,64.3,"Claude","Yes","No","RAW3","CON1","2021-03_West-Coast_BOSS 112","National Park Zone",NA,"No-take"
"2021-03_West-Coast_BOSS","101",NA,NA,-34.0917,114.782,20210310,NA,"West Coast",NA,65.1,"Claude","Yes","No","RAW3","CON1","2021-03_West-Coast_BOSS 101","National Park Zone",NA,"No-take"
"2021-03_West-Coast_BOSS","12",NA,NA,-34.0901,114.783,20210310,NA,"West Coast",NA,64.1,"Claude","Yes","No","RAW3","CON1","2021-03_West-Coast_BOSS 12","National Park Zone",NA,"No-take"
"2021-03_West-Coast_BOSS","54",NA,NA,-34.0925,114.789,20210310,NA,"West Coast",NA,61.4,"Claude","Yes","No","RAW3","CON1","2021-03_West-Coast_BOSS 54","National Park Zone",NA,"No-take"
"2021-03_West-Coast_BOSS","94",NA,NA,-34.0889,114.787,20210310,NA,"West Coast",NA,62.7,"Claude","Yes","No","RAW3","CON1","2021-03_West-Coast_BOSS 94","National Park Zone",NA,"No-take"
"2021-03_West-Coast_BOSS","4",NA,NA,-34.0862,114.785,20210310,NA,"West Coast",NA,63.5,"Claude","Yes","No","RAW3","CON1","2021-03_West-Coast_BOSS 4","National Park Zone",NA,"No-take"
"2021-03_West-Coast_BOSS","79",NA,NA,-34.0875,114.783,20210310,NA,"West Coast",NA,63.5,"Claude","Yes","No","RAW3","CON1","2021-03_West-Coast_BOSS 79","National Park Zone",NA,"No-take"
"2021-03_West-Coast_BOSS","103",NA,NA,-34.0866,114.774,20210310,NA,"West Coast",NA,69.1,"Claude","Yes","No","RAW3","CON1","2021-03_West-Coast_BOSS 103","National Park Zone",NA,"No-take"
"2021-03_West-Coast_BOSS","129",NA,NA,-34.0839,114.772,20210310,NA,"West Coast",NA,71.8,"Claude","Yes","No","RAW3","CON1","2021-03_West-Coast_BOSS 129","National Park Zone",NA,"No-take"
"2021-03_West-Coast_BOSS","45",NA,NA,-34.0816,114.771,20210310,NA,"West Coast",NA,74.4,"Claude","Yes","No","RAW3","CON1","2021-03_West-Coast_BOSS 45","National Park Zone",NA,"No-take"
"2021-03_West-Coast_BOSS","143",NA,NA,-34.0833,114.776,20210310,NA,"West Coast",NA,63.3,"Claude","Yes","No","RAW3","CON1","2021-03_West-Coast_BOSS 143","National Park Zone",NA,"No-take"
"2021-03_West-Coast_BOSS","113",NA,NA,-34.0809,114.78,20210310,NA,"West Coast",NA,64.4,"Claude","Yes","No","RAW3","CON1","2021-03_West-Coast_BOSS 113","National Park Zone",NA,"No-take"
"2021-03_West-Coast_BOSS","122",NA,NA,-34.0789,114.777,20210310,NA,"West Coast",NA,66.4,"Claude","Yes","No","RAW3","CON1","2021-03_West-Coast_BOSS 122","National Park Zone",NA,"No-take"
"2021-03_West-Coast_BOSS","27",NA,NA,-34.0521,114.789,20210311,NA,"West Coast",NA,54.2,"Claude","Yes","No","RAW3","CON1","2021-03_West-Coast_BOSS 27","National Park Zone",NA,"No-take"
"2021-03_West-Coast_BOSS","135",NA,NA,-34.0516,114.77,20210311,NA,"West Coast",NA,64.6,"Claude","Yes","No","RAW3","CON1","2021-03_West-Coast_BOSS 135","National Park Zone",NA,"No-take"
"2021-03_West-Coast_BOSS","74",NA,NA,-34.0513,114.769,20210311,NA,"West Coast",NA,64.9,"Claude","Yes","No","RAW3","CON1","2021-03_West-Coast_BOSS 74","National Park Zone",NA,"No-take"
"2021-03_West-Coast_BOSS","105",NA,NA,-34.0534,114.76,20210311,NA,"West Coast",NA,79.3,"Claude","Yes","No","RAW3","CON1","2021-03_West-Coast_BOSS 105","National Park Zone",NA,"No-take"
"2021-03_West-Coast_BOSS","63",NA,NA,-34.056,114.761,20210311,NA,"West Coast",NA,79.6,"Claude","Yes","No","RAW3","CON1","2021-03_West-Coast_BOSS 63","National Park Zone",NA,"No-take"
"2021-03_West-Coast_BOSS","25",NA,NA,-34.0626,114.765,20210311,NA,"West Coast",NA,75.4,"Claude","Yes","No","RAW3","CON1","2021-03_West-Coast_BOSS 25","National Park Zone",NA,"No-take"
"2021-03_West-Coast_BOSS","59",NA,NA,-34.062,114.766,20210311,NA,"West Coast",NA,70,"Claude","Yes","No","RAW3","CON1","2021-03_West-Coast_BOSS 59","National Park Zone",NA,"No-take"
"2021-03_West-Coast_BOSS","123",NA,NA,-34.0614,114.785,20210311,NA,"West Coast",NA,60.4,"Claude","Yes","No","RAW3","CON1","2021-03_West-Coast_BOSS 123","National Park Zone",NA,"No-take"
"2021-03_West-Coast_BOSS","119",NA,NA,-34.0634,114.771,20210311,NA,"West Coast",NA,64.8,"Claude","Yes","No","RAW3","CON1","2021-03_West-Coast_BOSS 119","National Park Zone",NA,"No-take"
"2021-03_West-Coast_BOSS","15",NA,NA,-34.0656,114.769,20210311,NA,"West Coast",NA,70.3,"Claude","Yes","No","RAW3","CON1","2021-03_West-Coast_BOSS 15","National Park Zone",NA,"No-take"
"2021-03_West-Coast_BOSS","85",NA,NA,-34.0701,114.767,20210311,NA,"West Coast",NA,76.3,"Claude","Yes","No","RAW3","CON1","2021-03_West-Coast_BOSS 85","National Park Zone",NA,"No-take"
"2021-03_West-Coast_BOSS","81",NA,NA,-34.0726,114.775,20210311,NA,"West Coast",NA,67.3,"Claude","Yes","No","RAW3","CON1","2021-03_West-Coast_BOSS 81","National Park Zone",NA,"No-take"
"2021-03_West-Coast_BOSS","29",NA,NA,-34.1266,114.784,20210311,NA,"West Coast",NA,74,"Claude","Yes","No","RAW3","CON1","2021-03_West-Coast_BOSS 29","National Park Zone",NA,"No-take"
"2021-03_West-Coast_BOSS","61",NA,NA,-34.1305,114.783,20210311,NA,"West Coast",NA,80.9,"Claude","Yes","No","RAW3","CON1","2021-03_West-Coast_BOSS 61","National Park Zone",NA,"No-take"
"2021-03_West-Coast_BOSS","21",NA,NA,-34.1285,114.797,20210311,NA,"West Coast",NA,62.5,"Claude","Yes","No","RAW3","CON1","2021-03_West-Coast_BOSS 21","National Park Zone",NA,"No-take"
"2021-03_West-Coast_BOSS","58",NA,NA,-34.1219,114.794,20210311,NA,"West Coast",NA,62.1,"Claude","Yes","No","RAW3","CON1","2021-03_West-Coast_BOSS 58","National Park Zone",NA,"No-take"
"2021-03_West-Coast_BOSS","87",NA,NA,-34.1259,114.805,20210311,NA,"West Coast",NA,59.2,"Claude","Yes","No","RAW3","CON1","2021-03_West-Coast_BOSS 87","National Park Zone",NA,"No-take"
"2021-03_West-Coast_BOSS","132",NA,NA,-34.1162,114.808,20210311,NA,"West Coast",NA,54.3,"Claude","Yes","No","RAW3","CON1","2021-03_West-Coast_BOSS 132","National Park Zone",NA,"No-take"
"2021-03_West-Coast_BOSS","9",NA,NA,-34.1175,114.813,20210311,NA,"West Coast",NA,51.7,"Claude","Yes","No","RAW3","CON1","2021-03_West-Coast_BOSS 9","National Park Zone",NA,"No-take"
"2021-03_West-Coast_BOSS","111",NA,NA,-34.1035,114.812,20210311,NA,"West Coast",NA,49.9,"Claude","Yes","No","RAW3","CON1","2021-03_West-Coast_BOSS 111","National Park Zone",NA,"No-take"
"2021-03_West-Coast_BOSS","142",NA,NA,-34.0971,114.814,20210311,NA,"West Coast",NA,49.3,"Claude","Yes","No","RAW3","CON1","2021-03_West-Coast_BOSS 142","National Park Zone",NA,"No-take"
"2021-03_West-Coast_BOSS","66",NA,NA,-34.0855,114.807,20210311,NA,"West Coast",NA,51,"Claude","Yes","No","RAW3","CON1","2021-03_West-Coast_BOSS 66","National Park Zone",NA,"No-take"
"2021-03_West-Coast_BOSS","34",NA,NA,-34.0829,114.798,20210311,NA,"West Coast",NA,56.3,"Claude","Yes","No","RAW3","CON1","2021-03_West-Coast_BOSS 34","National Park Zone",NA,"No-take"
"2021-03_West-Coast_BOSS","19",NA,NA,-34.0802,114.806,20210311,NA,"West Coast",NA,50.6,"Claude","Yes","No","RAW3","CON1","2021-03_West-Coast_BOSS 19","National Park Zone",NA,"No-take"
"2021-03_West-Coast_BOSS","75",NA,NA,-34.0836,114.816,20210311,NA,"West Coast",NA,49.6,"Claude","Yes","No","RAW3","CON1","2021-03_West-Coast_BOSS 75","National Park Zone",NA,"No-take"
"2021-03_West-Coast_BOSS","51",NA,NA,-34.0709,114.814,20210311,NA,"West Coast",NA,49.7,"Claude","Yes","No","RAW3","CON1","2021-03_West-Coast_BOSS 51","National Park Zone",NA,"No-take"
"2021-03_West-Coast_BOSS","31",NA,NA,-34.061,114.806,20210311,NA,"West Coast",NA,50.5,"Claude","Yes","No","RAW3","CON1","2021-03_West-Coast_BOSS 31","National Park Zone",NA,"No-take"
"2021-03_West-Coast_BOSS","13",NA,NA,-34.051,114.813,20210311,NA,"West Coast",NA,49.6,"Claude","Yes","No","RAW3","CON1","2021-03_West-Coast_BOSS 13","National Park Zone",NA,"No-take"
