Date,Sample,Time.bottom,Time.end,Depth,Raw.hdd.number,Con.hdd.number,Latitude,Longitude,Comment,FishNClipz,Forwards.habitat.north.exported,Forwards.habitat.north.annotated,Forwards.habitat.east.exported,Forwards.habitat.east.annotated,Forwards.habitat.south.exported,Forwards.habitat.south.annotated,Forwards.habitat.west.exported,Forwards.habitat.west.annotated,Downwards.habitat.exported,Downwards.habitat.completed,Habitat notes,Site,Location,Status,Observer,Successful.count,Successful.length,Video.notes,Maxn.analyst,Maxn.complete.yyyymmdd,Maxn.checker,Length.analyst,Length.complete.date.yyyymmdd,Notes
20201020,FH92,08:34:48,08:37:38,44.1,BU3,,-33.8437,114.8714,,No,Yes,,Yes,,Yes,,Yes,,Yes,Yes,,,,,,,,,,,,,,
20201020,FH61,09:06:40,09:09:40,,BU3,,-33.8412,114.8639,,No,Yes,,Yes,,Yes,,Yes,,Yes,Yes,,,,,,,,,,,,,,
20201020,FH27,09:32:24,09:35:24,42.8,BU3,,-33.8362,114.8714,,No,Yes,,Yes,,Yes,,Yes,,Yes,Yes,,,,,,,,,,,,,,
20201020,FH17,09:46:43,09:49:43,,BU3,,-33.8337,114.8764,,No,Yes,,Yes,,Yes,,Yes,,Yes,Yes,,,,,,,,,,,,,,
20201020,FH56,10:00:37,10:03:37,41.9,BU3,,-33.8312,114.8664,558 - file corrupt,No,Yes,,Yes,,Yes,,Yes,,Yes,Yes,,,,,,,,,,,,,,
20201020,FH96,10:40:01,10:43:01,,BU3,,-33.8187,114.8339,417 took photos,No,Yes,,Yes,,Yes,,Yes,,Yes,Yes,,,,,,,,,,,,,,
20201020,FH60,10:54:30,10:57:00,44.4,BU3,,-33.8162,114.8214,,No,Yes,,Yes,,Yes,,Yes,,Yes,Yes,check hard coral,,,,,,,,,,,,,
20201020,FH26,11:05:07,11:08:00,43.9,BU3,,-33.8112,114.8289,,No,Yes,,Yes,,Yes,,Yes,,Yes,Yes,,,,,,,,,,,,,,
20201020,FH110,11:17:02,11:20:00,44.9,BU3,,-33.8087,114.8214,,No,Yes,,Yes,,Yes,,Yes,,Yes,Yes,,,,,,,,,,,,,,
20201020,FH48,11:30:39,11:33:00,45,BU3,,-33.7962,114.8139,,No,Yes,,Yes,,Yes,,Yes,,Yes,Yes,,,,,,,,,,,,,,
20201020,FH21,11:41:29,11:44:00,46.3,BU3,,-33.7937,114.8089,,No,Yes,,Yes,,Yes,,Yes,,Yes,Yes,,,,,,,,,,,,,,
20201020,FH18,11:55:54,11:59:00,45.1,BU3,,-33.7912,114.8214,,No,Yes,,Yes,,Yes,,Yes,,Yes,Yes,,,,,,,,,,,,,,
20201020,FH106,12:06:58,12:10:00,46.2,BU3,,-33.7887,114.8164,,No,Yes,,Yes,,Yes,,Yes,,Yes,Yes,,,,,,,,,,,,,,
20201020,FH57,12:18:13,12:21:00,44.2,BU3,,-33.7887,114.8114,,No,Yes,,Yes,,Yes,,Yes,,Yes,Yes,,,,,,,,,,,,,,
20201020,FH34,12:51:20,12:54:00,44.6,BU3,,-33.7862,114.8839,,No,Yes,,Yes,,Yes,,Yes,,Yes,Yes,,,,,,,,,,,,,,
20201020,FH7,13:04:33,13:08:00,45.2,BU3,,-33.7837,114.8789,,No,Yes,,Yes,,Yes,,Yes,,Yes,Yes,,,,,,,,,,,,,,
20201020,FH20,13:17:56,13:21:00,42.4,BU3,,-33.7862,114.8739,,No,Yes,,Yes,,Yes,,Yes,,Yes,Yes,,,,,,,,,,,,,,
20201020,FH93,13:32:44,13:36:00,44.3,BU3,,-33.7762,114.8689,,No,Yes,,Yes,,Yes,,Yes,,Yes,Yes,,,,,,,,,,,,,,
20201020,FH44,13:46:18,13:50:00,44.5,BU3,,-33.7712,114.8639,,No,Yes,,Yes,,Yes,,Yes,,Yes,Yes,,,,,,,,,,,,,,
20201020,FH14,13:59:42,14:04:00,44.9,BU3,,-33.7662,114.8714,,No,Yes,,Yes,,Yes,,Yes,,Yes,Yes,,,,,,,,,,,,,,
20201020,FH95,14:17:10,14:21:00,,BU3,,-33.7587,114.8914,,No,Yes,,Yes,,Yes,,Yes,,Yes,Yes,,,,,,,,,,,,,,
20201020,FH62,14:32:04,14:36:00,45.2,BU3,,-33.7562,114.8814,,No,Yes,,Yes,,Yes,,Yes,,Yes,Yes,,,,,,,,,,,,,,
20201020,FH30,14:44:05,14:48:00,,BU3,,-33.7512,114.8889,,No,Yes,,Yes,,Yes,,Yes,,Yes,Yes,,,,,,,,,,,,,,
20201030,261,07:00:38,07:03:38,46.5,BU4,CON1 - Bottom only,-33.9762,114.9214,,Yes,Yes,Yes,Yes,Yes,Yes,Yes,Yes,Yes,Yes,Yes,,,,,,,,,,,,,,
20201030,338,07:16:01,07:19:01,46,BU4,CON1 - Bottom only,-33.9723,114.9225,,Yes,Yes,Yes,Yes,Yes,Yes,Yes,Yes,Yes,Yes,Yes,,,,,,,,,,,,,,
20201030,260,07:25:21,07:28:21,46.1,BU4,CON1 - Bottom only,-33.9712,114.9164,,Yes,Yes,Yes,Yes,Yes,Yes,,Yes,Yes,Yes,Yes,,,,,,,,,,,,,,
20201030,259,07:39:07,07:42:07,46.3,BU4,CON1 - Bottom only,-33.9687,114.9214,,Yes,Yes,Yes,Yes,Yes,Yes,Yes,Yes,Yes,Yes,Yes,,,,,,,,,,,,,,
20201030,258,07:48:52,07:51:52,46.2,BU4,CON1 - Bottom only,-33.9662,114.9139,,Yes,Yes,Yes,Yes,Yes,Yes,Yes,Yes,Yes,Yes,Yes,,,,,,,,,,,,,,
20201030,FH10,08:08:24,08:11:24,,BU4,CON1 - Bottom only,-33.9862,114.8864,Fishing HWY sample,Yes,Yes,Yes,Yes,Yes,Yes,Yes,Yes,Yes,Yes,Yes,,,,,,,,,,,,,,
20201030,FH111,08:17:49,08:20:49,,BU4,CON1 - Bottom only,-33.9862,114.8789,Fishing HWY sample,Yes,Yes,Yes,Yes,Yes,Yes,Yes,Yes,Yes,Yes,Yes,,,,,,,,,,,,,,
20201030,130,08:30:30,08:33:30,,BU4,CON1 - Bottom only,-33.9812,114.8764,,Yes,Yes,Yes,Yes,Yes,Yes,Yes,Yes,Yes,Yes,Yes,,,,,,,,,,,,,,
20201030,152,08:39:18,08:42:18,41.9,BU4,CON1 - Bottom only,-33.9812,114.8689,,Yes,Yes,Yes,Yes,Yes,Yes,Yes,Yes,Yes,Yes,Yes,,,,,,,,,,,,,,
20201030,134,08:47:50,08:50:50,41.3,BU4,CON1 - Bottom only,-33.9837,114.8614,,Yes,Yes,Yes,Yes,Yes,Yes,Yes,Yes,Yes,Yes,Yes,,,,,,,,,,,,,,
20201030,133,08:58:26,09:01:26,40.5,BU4,CON1 - Bottom only,-33.9912,114.8664,,Yes,Yes,Yes,Yes,Yes,Yes,Yes,Yes,Yes,Yes,Yes,,,,,,,,,,,,,,
20201030,132,09:07:01,09:10:01,42.7,BU4,CON1 - Bottom only,-33.9912,114.8714,,Yes,Yes,Yes,Yes,Yes,Yes,Yes,Yes,Yes,Yes,Yes,,,,,,,,,,,,,,
20201030,FH77,09:18:46,09:21:46,42,BU4,CON1 - Bottom only,-33.9962,114.8764,Fishing HWY sample,Yes,Yes,Yes,Yes,Yes,Yes,Yes,Yes,Yes,Yes,Yes,,,,,,,,,,,,,,
20201030,FH52,09:28:26,09:31:26,42.8,BU4,CON1 - Bottom only,-33.9912,114.8889,Fishing HWY sample - mako shark,Yes,Yes,Yes,Yes,Yes,Yes,Yes,Yes,Yes,Yes,Yes,,,,,,,,,,,,,,
20201030,244,09:46:06,09:49:06,45.6,BU4,CON1 - Bottom only,-34.0037,114.9064,,Yes,Yes,Yes,Yes,Yes,Yes,Yes,Yes,Yes,Yes,Yes,,,,,,,,,,,,,,
20201030,245,09:55:54,09:58:54,45.5,BU4,CON1 - Bottom only,-34.0087,114.9014,,Yes,Yes,Yes,Yes,Yes,Yes,Yes,Yes,Yes,Yes,Yes,,,,,,,,,,,,,,
20201030,64,10:06:10,10:09:10,,BU4,CON1 - Bottom only,-34.0137,114.8964,,Yes,Yes,Yes,Yes,Yes,Yes,Yes,Yes,Yes,Yes,Yes,,,,,,,,,,,,,,
20201030,C01,10:16:53,10:19:53,,BU4,CON1 - Bottom only,-34.015,114.8891,,Yes,Yes,Yes,Yes,Yes,Yes,Yes,Yes,Yes,Yes,Yes,,,,,,,,,,,,,,
20201030,65,10:25:08,10:28:08,,BU4,CON1 - Bottom only,-34.0112,114.8889,,Yes,Yes,Yes,Yes,Yes,Yes,Yes,Yes,Yes,Yes,Yes,,,,,,,,,,,,,,
20201030,272,10:52:55,10:53:55,50.1,BU4,CON1 - Bottom only,-34.0087,114.8139,,Yes,Yes,Yes,Yes,Yes,Yes,Yes,Yes,Yes,Yes,Yes,,,,,,,,,,,,,,
20201030,337,11:01:29,11:04:29,43.8,BU4,CON1 - Bottom only,-34.0054,114.8202,Snapper!! and snapper and dhueys and nannygai,Yes,Yes,Yes,Yes,Yes,Yes,Yes,Yes,Yes,Yes,Yes,,,,,,,,,,,,,,
20201030,273,11:09:00,11:12:00,46,BU4,,-33.9987,114.8214,,No,Yes,Yes,Yes,Yes,Yes,Yes,Yes,Yes,Yes,Yes,,,,,,,,,,,,,,
20201030,328,11:16:15,11:19:15,44.8,BU4,,-33.9936,114.8214,,No,Yes,Yes,Yes,Yes,Yes,Yes,Yes,Yes,Yes,Yes,one weird bright colored thing not sure what it is,,,,,,,,,,,,,
20201030,269,11:26:27,11:29:27,47.7,BU4,,-33.9887,114.8139,,No,Yes,Yes,Yes,Yes,Yes,Yes,Yes,Yes,Yes,Yes,,,,,,,,,,,,,,
20201030,145,11:36:14,11:39:14,44.3,BU4,,-33.9862,114.8239,,No,Yes,Yes,Yes,Yes,Yes,Yes,Yes,Yes,Yes,Yes,,,,,,,,,,,,,,
20201030,147,11:45:03,11:48:03,43.6,BU4,,-33.9812,114.8314,,No,Yes,Yes,Yes,Yes,Yes,Yes,Yes,Yes,Yes,Yes,,,,,,,,,,,,,,
20201030,158,11:57:31,12:00:31,46.1,BU4,,-33.9812,114.8189,,No,Yes,Yes,Yes,Yes,Yes,Yes,Yes,Yes,Yes,Yes,,,,,,,,,,,,,,
20201030,146,12:05:43,12:08:43,45.3,BU4,,-33.9762,114.8214,,No,Yes,Yes,Yes,Yes,Yes,Yes,Yes,Yes,Yes,Yes,,,,,,,,,,,,,,
20201030,157,12:14:40,12:17:40,44.7,BU4,,-33.9712,114.8239,,No,Yes,Yes,Yes,Yes,Yes,Yes,Yes,Yes,Yes,Yes,,,,,,,,,,,,,,
20201030,OMR1,13:03:59,13:06:59,35.6,BU4,CON1,-33.9676,114.9582,,Yes,Yes,Yes,Yes,Yes,Yes,Yes,Yes,Yes,Yes,Yes,,,,,Claude,Yes,,done on field laptop,Claude,20210429,Claude,,,
20201030,OMR2,13:15:35,13:18:35,38,BU4,CON1,-33.9679,114.9551,,Yes,Yes,Yes,Yes,Yes,Yes,Yes,Yes,Yes,Yes,Yes,,,,,Claude,Yes,,done on field laptop,Claude,20210429,Claude,,,
20201030,OMR3,13:23:54,13:26:54,38,BU4,CON1,-33.9685,114.9543,,Yes,Yes,Yes,Yes,Yes,Yes,Yes,Yes,Yes,Yes,Yes,,,,,Claude,Yes,,done on field laptop,Claude,20210430,Claude,,,
20201030,OMR4,13:35:02,13:38:02,38.6,BU4,CON1,-33.9682,114.9529,,Yes,Yes,Yes,Yes,Yes,Yes,Yes,Yes,Yes,Yes,Yes,,,,,Claude,Yes,,done on field laptop,Claude,20210430,Claude,,,
20201031,216,07:01:16,07:04:16,47.5,BU4,CON1,-34.0612,114.9164,Filmed 355 should be 216,Yes,Yes,Yes,Yes,Yes,Yes,Yes,Yes,Yes,Yes,Yes,,,,,Rachel,Yes,,,Rachel,20210316,Claude,,,
20201031,235,07:11:46,07:14:46,47,BU4,CON1,-34.0912,114.9364,,Yes,Yes,Yes,Yes,Yes,Yes,Yes,Yes,Yes,Yes,Yes,,,,,Rachel,Yes,,,Rachel,20210316,Claude,,,
20201031,217,07:19:39,07:22:39,46.3,BU4,CON1,-34.0662,114.9189,,Yes,Yes,Yes,Yes,Yes,Yes,Yes,Yes,Yes,Yes,Yes,,,,,Rachel,Yes,,,Rachel,20210316,Claude,,,
20201031,215,07:28:33,07:31:33,46.9,BU4,CON1,-34.0687,114.9264,,Yes,Yes,Yes,Yes,Yes,Yes,Yes,Yes,Yes,Yes,Yes,,,,,Rachel,Yes,,,Rachel,20210316,Claude,,,
20201031,356,07:39:03,07:42:03,47.2,BU4,CON1,-34.0696,114.9185,,Yes,Yes,Yes,Yes,Yes,Yes,Yes,Yes,Yes,Yes,Yes,,,,,Rachel,Yes,,,Rachel,20210316,Claude,,,
20201031,218,07:53:09,07:56:09,46.5,BU4,,-34.0737,114.9214,417 restarted,No,Yes,Yes,Yes,Yes,Yes,Yes,Yes,Yes,Yes,Yes,,,,,,,,,,,,,,
20201031,102,08:02:56,08:05:56,46.4,BU4,,-34.0712,114.9114,,No,Yes,Yes,Yes,Yes,Yes,Yes,Yes,Yes,Yes,Yes,,,,,,,,,,,,,,
20201031,100,08:12:11,08:15:11,44.5,BU4,,-34.0762,114.9089,,No,Yes,Yes,Yes,Yes,Yes,Yes,Yes,Yes,Yes,Yes,,,,,,,,,,,,,,
20201031,119,08:20:22,08:23:22,43.5,BU4,,-34.0762,114.9039,,No,Yes,Yes,Yes,Yes,Yes,Yes,Yes,Yes,Yes,Yes,Downwards check hard coral,,,,,,,,,,,,,
20201031,101,08:29:57,08:32:57,43.4,BU4,,-34.0787,114.8964,Mako Shark!,No,Yes,Yes,Yes,Yes,Yes,Yes,Yes,Yes,Yes,Yes,,,,,,,,,,,,,,
20201031,236,08:47:27,08:50:27,46,BU4,,-34.0812,114.9239,,No,Yes,Yes,Yes,Yes,Yes,Yes,Yes,Yes,Yes,Yes,,,,,,,,,,,,,,
20201031,237,08:57:11,09:00:11,43.2,BU4,,-34.0812,114.9364,,No,Yes,Yes,Yes,Yes,Yes,Yes,Yes,Yes,Yes,Yes,,,,,,,,,,,,,,
C02,C02,09:07:10,09:10:10,45,BU4,,-34.085378,114.927902,Snapper! Dhuey lump. 30m from 357. ,Yes,Yes,Yes,Yes,Yes,Yes,Yes,Yes,Yes,Yes,Yes,,,,,,,,,,,,,,
20201031,235REDO,09:17:31,09:20:31,44.3,BU4,,-34.0912,114.9364,Redo,No,Yes,Yes,Yes,Yes,Yes,Yes,Yes,Yes,Yes,Yes,,,,,,,,,,,,,,
20201031,239,09:25:33,09:28:33,45.3,BU4,,-34.0912,114.9314,,No,Yes,Yes,Yes,Yes,Yes,Yes,Yes,Yes,Yes,Yes,,,,,,,,,,,,,,
20201031,91,09:43:27,09:46:27,42.7,BU4,,-34.0937,114.8939,422 restarted - Sound trap on,No,Yes,Yes,Yes,Yes,Yes,Yes,Yes,Yes,Yes,Yes,,,,,,,,,,,,,,
20201031,80,09:51:03,09:54:03,43.1,BU4,,-34.0937,114.8889,,No,Yes,Yes,Yes,Yes,Yes,Yes,Yes,Yes,Yes,Yes,,,,,,,,,,,,,,
20201031,81,09:59:33,10:02:33,43.3,BU4,,-34.0987,114.8914,,No,Yes,Yes,Yes,Yes,Yes,Yes,Yes,Yes,Yes,Yes,,,,,,,,,,,,,,
20201031,92,10:07:45,10:10:45,41.3,BU4,,-34.0987,114.8864,,No,Yes,Yes,Yes,Yes,Yes,Yes,Yes,Yes,Yes,Yes,,,,,,,,,,,,,,
20201031,210,10:19:54,10:22:54,43.9,BU4,,-34.0912,114.8739,,No,Yes,Yes,Yes,Yes,Yes,Yes,Yes,Yes,Yes,Yes,,,,,,,,,,,,,,
20201031,336,10:28:58,10:31:58,43.1,BU4,,-34.0924,114.8664,,No,Yes,Yes,Yes,Yes,Yes,Yes,Yes,Yes,Yes,Yes,,,,,,,,,,,,,,
20201031,195,10:37:50,10:40:50,44.4,BU4,,-34.0937,114.8589,,No,Yes,Yes,Yes,Yes,Yes,Yes,Yes,Yes,Yes,Yes,,,,,,,,,,,,,,
20201031,199,10:47:22,10:50:22,42.7,BU4,,-34.0862,114.8614,Changed all batteries + sync,No,Yes,Yes,Yes,Yes,Yes,Yes,Yes,Yes,Yes,Yes,,,,,,,,,,,,,,
20201031,16,11:16:16,11:19:16,41.4,BU4,,-34.0737,114.8689,,No,Yes,Yes,Yes,Yes,Yes,Yes,Yes,Yes,Yes,Yes,,,,,,,,,,,,,,
20201031,17,11:26:32,11:29:32,41,BU4,,-34.0637,114.8764,,No,Yes,Yes,Yes,Yes,Yes,Yes,Yes,Yes,Yes,Yes,,,,,,,,,,,,,,
20201031,34,11:34:38,11:37:38,41.4,BU4,,-34.0612,114.8714,,No,Yes,Yes,Yes,Yes,Yes,Yes,Yes,Yes,Yes,Yes,,,,,,,,,,,,,,
20201031,15,11:42:46,11:45:46,41.6,BU4,,-34.0612,114.8664,,No,Yes,Yes,Yes,Yes,Yes,Yes,Yes,Yes,Yes,Yes,,,,,,,,,,,,,,
20201031,223,11:58:00,12:01:00,44.2,BU4,,-34.0712,114.8464,,No,Yes,Yes,Yes,Yes,Yes,Yes,Yes,Yes,Yes,Yes,,,,,,,,,,,,,,
20201031,225,12:09:16,12:12:16,45.2,BU4,,-34.0712,114.8339,,No,Yes,Yes,Yes,Yes,Yes,Yes,Yes,Yes,Yes,Yes,,,,,,,,,,,,,,
20201031,222,12:18:32,12:21:32,46.9,BU4,,-34.0662,114.8314,,No,Yes,Yes,Yes,Yes,Yes,Yes,Yes,Yes,Yes,Yes,,,,,,,,,,,,,,
20201031,C03.1,12:28:05,12:31:05,42.4,BU4,,-34.066438,114.83978,Snnapper! NO LED. 48M FROM 354. DEANS DHUEY GROUND.,Yes,Yes,Yes,Yes,Yes,Yes,Yes,Yes,Yes,Yes,Yes,,,,,,,,,,,,,,
20201031,C03.2,12:35:55,12:38:55,43.4,BU4,,-34.066438,114.83978,3 LEDs.,Yes,Yes,Yes,Yes,Yes,Yes,Yes,Yes,Yes,Yes,Yes,,,,,,,,,,,,,,
20201031,226,12:43:58,12:46:58,44,BU4,,-34.0637,114.8439,,No,Yes,Yes,Yes,Yes,Yes,Yes,Yes,Yes,Yes,Yes,,,,,,,,,,,,,,
20201031,224,12:53:00,12:56:00,44.9,BU4,,-34.0612,114.8389,,No,Yes,Yes,Yes,Yes,Yes,Yes,Yes,Yes,Yes,Yes,,,,,,,,,,,,,,
20201031,220,13:01:48,13:04:48,43.9,BU4,,-34.0562,114.8439,,No,Yes,Yes,Yes,Yes,Yes,Yes,Yes,Yes,Yes,Yes,,,,,,,,,,,,,,
20201031,353,13:11:00,13:14:00,45,BU4,,-34.0544,114.8391,,No,Yes,Yes,Yes,Yes,Yes,Yes,Yes,Yes,Yes,Yes,,,,,,,,,,,,,,
20201031,201,13:19:40,13:22:40,46.3,BU4,,-34.0562,114.8339,,No,Yes,Yes,Yes,Yes,Yes,Yes,Yes,Yes,Yes,Yes,,,,,,,,,,,,,,
20201031,72,13:36:24,13:39:24,43.3,BU4,,-34.0362,114.8464,,No,Yes,Yes,Yes,Yes,Yes,Yes,Yes,Yes,Yes,Yes,,,,,,,,,,,,,,
20201031,75,13:45:35,13:48:35,42.6,BU4,,-34.0337,114.8539,,No,Yes,Yes,Yes,Yes,Yes,Yes,Yes,Yes,Yes,Yes,,,,,,,,,,,,,,
20201031,74,13:55:30,13:58:30,43.2,BU4,,-34.0287,114.8514,,No,Yes,Yes,Yes,Yes,Yes,Yes,Yes,Yes,Yes,Yes,,,,,,,,,,,,,,
20201031,73,14:03:39,14:06:39,42.2,BU4,,-34.0287,114.8589,,No,Yes,Yes,Yes,Yes,Yes,Yes,Yes,Yes,Yes,Yes,,,,,,,,,,,,,,
20201031,264,14:24:30,14:27:30,42.4,BU4,,-34.0187,114.8739,423 & 417 restarted with no sync,No,Yes,Yes,Yes,Yes,Yes,Yes,Yes,Yes,Yes,Yes,,,,,,,,,,,,,,
20201031,66,14:33:06,14:36:06,42.5,BU4,,-34.0162,114.8814,,No,Yes,Yes,Yes,Yes,Yes,Yes,Yes,Yes,Yes,Yes,,,,,,,,,,,,,,
20201031,339,14:40:57,14:43:57,42.1,BU4,,-34.0146,114.8785,,No,Yes,Yes,Yes,Yes,Yes,Yes,Yes,Yes,Yes,Yes,,,,,,,,,,,,,,
20201031,262,14:48:37,14:51:37,42.1,BU4,,-34.0137,114.8739,,No,Yes,Yes,Yes,Yes,Yes,Yes,Yes,Yes,Yes,Yes,,,,,,,,,,,,,,
20201031,263,14:57:46,15:00:46,42.6,BU4,,-34.0087,114.8789,,No,Yes,Yes,Yes,Yes,Yes,Yes,Yes,Yes,Yes,Yes,,,,,,,,,,,,,,
20201104,278,07:43,,140,BU4,CON1,-34.1112,114.6389,Rope Snapped- time on bottom not accurate,Yes,Yes,Yes,Yes,Yes,Yes,Yes,Yes,Yes,Yes,Yes,,,,,Claude,Yes,,,Claude,20210315,Rachel,,,
20201104,40,10:31:33,10:34,130,BU4,CON1,-34.1037,114.7139,,Yes,Yes,Yes,Yes,Yes,Yes,Yes,Yes,Yes,Yes,Yes,,,,,Claude,Yes,,,Claude,20210315,Rachel,,,
20201104,36,10:42:42,10:45,129,BU4,CON1,-34.1037,114.7189,,Yes,Yes,Yes,Yes,Yes,Yes,Yes,Yes,Yes,Yes,Yes,,,,,Claude,Yes,,,Claude,20210315,Rachel,,,
20201104,37,10:54:04,10:58,129,BU4,CON1,-34.1087,114.7189,,Yes,Yes,Yes,Yes,Yes,Yes,Yes,Yes,Yes,Yes,Yes,,,,,Claude,Yes,,,Claude,20210315,Rachel,,,
20201104,308,11:08:18,11:11,125,BU4,CON1,-34.1112,114.7289,,Yes,Yes,Yes,Yes,Yes,Yes,Yes,Yes,Yes,Yes,Yes,,,,,Claude,Yes,,,Claude,20210315,Rachel,,,
20201104,333,11:20:14,11:23,125,BU4,CON1,-34.113,114.7251,,Yes,Yes,Yes,Yes,Yes,Yes,Yes,Yes,Yes,Yes,Yes,,,,,Claude,Yes,,,Claude,20210315,Rachel,,,
20201104,307,12:18:00,12:21,119,BU4,CON1,-34.1187,114.7264,says 95 but it's 307 -Battery change,Yes,Yes,Yes,Yes,Yes,Yes,Yes,Yes,Yes,Yes,Yes,,,,,Claude,Yes,,,Claude,20210315,Rachel,,,no fish
20201104,95,12:33:38,12:36,127,BU4,CON1,-34.1262,114.7339,,Yes,Yes,Yes,Yes,Yes,Yes,Yes,Yes,Yes,Yes,Yes,,,,,Claude,Yes,,,Claude,20210315,Rachel,,,
20201104,98,12:50:15,12:53,128,BU4,CON1,-34.1337,114.7314,,Yes,Yes,Yes,Yes,Yes,Yes,Yes,Yes,Yes,Yes,Yes,,,,,Claude,Yes,,,Claude,20210315,Rachel,,,
20201104,110,13:03:23,13:06,129,BU4,CON1,-34.1412,114.7289,,Yes,Yes,Yes,Yes,Yes,Yes,Yes,Yes,Yes,Yes,Yes,,,,,Claude,Yes,,,Claude,20210315,Rachel,,,
20201104,96,13:16:25,13:28,126,BU4,CON1,-34.1362,114.7364,,Yes,Yes,Yes,Yes,Yes,Yes,Yes,Yes,Yes,Yes,Yes,,,,,Claude,Yes,,,Claude,20210315,Rachel,,,
20201104,377,13:36:50,13:39,115,BU4,CON1,-34.1387,114.7589,,Yes,Yes,Yes,Yes,Yes,Yes,Yes,Yes,Yes,Yes,Yes,,,,,Claude,Yes,,,Claude,20210315,Rachel,,,
20201104,59,13:49:33,13:52,110,BU4,CON1,-34.1412,114.7664,,Yes,Yes,Yes,Yes,Yes,Yes,Yes,Yes,Yes,Yes,Yes,,,,,Claude,Yes,,,Claude,20210315,Rachel,,,no fish
20201104,58,14:02:50,14:05,94.3,BU4,CON1,-34.1362,114.7739,,Yes,Yes,Yes,Yes,Yes,Yes,Yes,Yes,Yes,Yes,Yes,,,,,Claude,Yes,,,Claude,20210315,Rachel,,,no fish
20201104,62,14:13:05,14:16,108,BU4,CON1,-34.1337,114.7664,Checked Cameras - 418 off,Yes,Yes,Yes,Yes,Yes,Yes,Yes,Yes,Yes,Yes,Yes,,,,,Claude,Yes,,,Claude,20210315,Rachel,,,no fish
20201104,297,14:33:05,14:36,115,BU4,CON1,-34.1062,114.7489,297 not 314,Yes,Yes,Yes,Yes,Yes,Yes,Yes,Yes,Yes,Yes,Yes,,,,,Claude,Yes,,,Claude,20210315,Rachel,,,
20201104,295,14:43:23,14:46,112,BU4,CON1,-34.1037,114.7539,,Yes,Yes,Yes,Yes,Yes,Yes,Yes,Yes,Yes,Yes,Yes,very blurry,,,,Claude,Yes,,,Claude,20210315,Rachel,,,no fish
20201104,331,14:53:29,14:56,111,BU4,CON1,-34.0984,114.7501,,Yes,Yes,Yes,Yes,Yes,Yes,Yes,Yes,Yes,Yes,Yes,,,,,Claude,Yes,,,Claude,20210315,Rachel,,,
20201104,313,15:04,15:07,105,BU4,CON1,-34.0962,114.7564,Sth light off when back on board,Yes,Yes,Yes,Yes,Yes,Yes,Yes,Yes,Yes,Yes,Yes,,,,,Claude,Yes,,,Claude,20210315,Rachel,,,tinies fish ever
20201107,282,06:52:16,06:55,147,BU4,,-34.1462,114.5439,"Lost BRUV site, No sign of floats, checked 422",No,Yes,Yes,Yes,Yes,Yes,Yes,Yes,Yes,Yes,Yes,,,,,,,,,,,,,,
20201107,265,07:07:03,07:10,148,BU4,,-34.1487,114.5364,,No,Yes,Yes,Yes,Yes,Yes,Yes,Yes,Yes,Yes,Yes,,,,,,,,,,,,,,
20201107,340,07:21:23,07:24,148,BU4,,-34.143,114.5378,,No,Yes,Yes,Yes,Yes,Yes,Yes,Yes,Yes,Yes,Yes,,,,,,,,,,,,,,
20201107,281,07:34:00,07:37,147,BU4,,-34.1387,114.5414,,No,Yes,Yes,Yes,Yes,Yes,Yes,Yes,Yes,Yes,Yes,,,,,,,,,,,,,,
20201107,283,07:44:40,07:47,149,BU4,,-34.1387,114.5364,,No,Yes,Yes,Yes,Yes,Yes,Yes,Yes,Yes,Yes,Yes,,,,,,,,,,,,,,
20201107,342,08:22:30,08:25,229,BU4,,-34.0958,114.4752,Checked 425- Hapuka,Yes,Yes,Yes,Yes,Yes,Yes,Yes,Yes,Yes,Yes,Yes,,,,,,,,,,,,,,
20201107,288,08:39:29,08:42,201,BU4,,-34.0912,114.4814,Hapuka and nanni,Yes,Yes,Yes,Yes,Yes,Yes,Yes,Yes,Yes,Yes,Yes,,,,,,,,,,,,,,
20201107,274,08:51:59,08:55,218,BU4,,-34.0912,114.4764,Kye - need to redo N and E habitat,No,Yes,Yes,Yes,Yes,Yes,Yes,Yes,Yes,Yes,Yes,,,,,,,,,,,,,,
20201107,287,09:00:00,09:00:00,,BU4,,,,Too Deep Did not Deploy- 300m,No,No,No,No,No,No,No,No,No,No,No,Unsuccessful,,,,,,,,,,,,,
20201107,286,09:13:10,09:17,203,BU4,,-34.0787,114.4789,,No,Yes,Yes,Yes,Yes,Yes,Yes,Yes,Yes,Yes,Yes,,,,,,,,,,,,,,
20201107,285,09:26:10,09:29,215,BU4,,-34.0737,114.4764,,No,Yes,Yes,Yes,Yes,Yes,Yes,Yes,Yes,Yes,Yes,,,,,,,,,,,,,,
20201107,341,09:39:17,09:42,215,BU4,,-34.0725,114.4776,Changed All Batteries,No,Yes,Yes,Yes,Yes,Yes,Yes,Yes,Yes,Yes,Yes,,,,,,,,,,,,,,
20201107,284,10:33:35,10:36,230,BU4,CON1,-34.0662,114.4764,Kye - need to redo N and E habitat,Yes,Yes,Yes,Yes,Yes,Yes,Yes,Yes,Yes,Yes,Yes,,,,,Claude,Yes,,,Claude,20210318,Rachel,,,sharkies
20201107,321,10:54:39,10:57,242,BU4,CON1,-34.0482,114.4681,,Yes,Yes,Yes,Yes,Yes,Yes,Yes,Yes,Yes,Yes,Yes,,,,,Claude,Yes,,,Claude,20210318,Rachel,,,"drops onto school of callanthias, some unknowns at the end"
20201107,358,11:08:35,11:11,213,BU4,CON1,-34.0462,114.4764,,Yes,Yes,Yes,Yes,Yes,Yes,Yes,Yes,Yes,Yes,Yes,,,,,Claude,Yes,,,Claude,20210318,Rachel,,,ayraud chasing boss up
20201107,360,11:22:49,11:25,255,BU4,CON1,-34.0437,114.4714,,Yes,Yes,Yes,Yes,Yes,Yes,Yes,Yes,Yes,Yes,Yes,,,,,Claude,Yes,,,Claude,20210318,Rachel,,,
20201107,248,11:36,11:39,154,BU4,CON1,-34.0362,114.4889,Time in not accurate,Yes,Yes,Yes,Yes,Yes,Yes,Yes,Yes,Yes,Yes,Yes,,,,,Claude,Yes,,,Claude,20210318,Rachel,,,tiny boi
20201107,135,11:51:47,11:54,170,BU4,CON1,-34.0337,114.4839,,Yes,Yes,Yes,Yes,Yes,Yes,Yes,Yes,Yes,Yes,Yes,,,,,Claude,Yes,,,Claude,20210318,Rachel,,,
20201107,247,12:03:22,12:06,197,BU4,CON1,-34.0337,114.4789,,Yes,Yes,Yes,Yes,Yes,Yes,Yes,Yes,Yes,Yes,Yes,,,,,Claude,Yes,,,Claude,20210318,Rachel,,,weird fish
20201107,136,12:16:17,12:19,180,BU4,CON1,-34.0287,114.4789,Checked Cameras - West light off,Yes,Yes,Yes,Yes,Yes,Yes,Yes,Yes,Yes,Yes,Yes,,,,,Claude,Yes,,,Claude,20210318,Rachel,,,
20201107,76,12:33:47,12:36,233,BU4,CON1,-34.0237,114.4689,Kye - need to redo N habitat,Yes,Yes,Yes,Yes,Yes,Yes,Yes,Yes,Yes,Yes,Yes,,,,,Claude,Yes,,,Claude,20210318,Rachel,,,
20201107,78,12:49:14,12:52,219,BU4,CON1,-34.0162,114.4689,,Yes,Yes,Yes,Yes,Yes,Yes,Yes,Yes,Yes,Yes,Yes,,,,,Claude,Yes,,,Claude,20210318,Rachel,,,
20201107,63,13:02:42,13:05,203,BU4,CON1,-34.0112,114.4739,,Yes,Yes,Yes,Yes,Yes,Yes,Yes,Yes,Yes,Yes,Yes,,,,,Claude,Yes,,,Claude,20210318,Rachel,,,
20201107,77,13:16:24,13:19,221,BU4,CON1,-34.0112,114.4664,Changed 426 Battery,Yes,Yes,Yes,Yes,Yes,Yes,Yes,Yes,Yes,Yes,Yes,,,,,Claude,Yes,,,Claude,20210318,Rachel,,,
20201107,347,13:44:04,13:47,146,BU4,,-34.0287,114.5414,,No,Yes,Yes,Yes,Yes,Yes,Yes,Yes,Yes,Yes,Yes,,,,,,,,,,,,,,
20201107,322,13:56:13,13:59,145,BU4,,-34.0327,114.5439,,No,Yes,Yes,Yes,Yes,Yes,Yes,Yes,Yes,Yes,Yes,,,,,,,,,,,,,,
20201107,346,14:08,14:11,145,BU4,,-34.0262,114.5464,Time in not accurate,No,Yes,Yes,Yes,Yes,Yes,Yes,Yes,Yes,Yes,Yes,,,,,,,,,,,,,,
20201107,345,14:17:40,14:20,146,BU4,,-34.0287,114.5514,,No,Yes,Yes,Yes,Yes,Yes,Yes,Yes,Yes,Yes,Yes,,,,,,,,,,,,,,
20201108,49,07:03:31,07:06,130,BU5,CON1,-34.0612,114.7064,Cameras turned on at 6:30AM,Yes,Yes,,Yes,,Yes,,Yes,,Yes,Yes,,,,,Rachel,Yes,,,Rachel,20210310,Claude,,,
20201108,47,07:14:14,07:14,127,BU5,CON1,-34.0637,114.7114,,Yes,Yes,,Yes,,Yes,,Yes,,Yes,Yes,,,,,Rachel,Yes,,,Rachel,20210310,Claude,,,
20201108,46,07:25:59,07:29,125,BU5,CON1,-34.0687,114.7114,Sponge garden,Yes,Yes,,Yes,,Yes,,Yes,,Yes,Yes,,,,,Rachel,Yes,,,Rachel,20210310,Claude,,,
20201108,290,07:38:01,07:41,124,BU5,CON1,-34.0687,114.7189,,Yes,Yes,,Yes,,Yes,,Yes,,Yes,Yes,very blurry,,,,Rachel,Yes,,,Rachel,20210311,Claude,,,
20201108,302,07:48:30,07:51,122,BU5,CON1,-34.0712,114.7239,,Yes,Yes,,Yes,,Yes,,Yes,,Yes,Yes,very blurry,,,,Rachel,Yes,,,Rachel,20210311,Claude,,,
20201108,329,07:59:37,08:02,118,BU5,CON1,-34.0648,114.7266,Fish on Sounder,Yes,Yes,,Yes,,Yes,,Yes,,Yes,Yes,,,,,Rachel,Yes,,,Rachel,20210311,Claude,,,
20201108,117,08:11:19,08:14,112,BU5,CON1,-34.0637,114.7389,,Yes,Yes,,Yes,,Yes,,Yes,,Yes,Yes,,,,,Rachel,Yes,,,Rachel,20210311,Claude,,,
20201108,113,08:21:39,08:24,111,BU5,CON1,-34.0587,114.7389,,Yes,Yes,,Yes,,Yes,,Yes,,Yes,Yes,,,,,Rachel,Yes,,,Rachel,20210311,Claude,,,
20201108,115,08:31:25,08:34,111,BU5,CON1,-34.0537,114.7364,Checked Cameras,Yes,Yes,,Yes,,Yes,,Yes,,Yes,Yes,,,,,Rachel,Yes,,,Rachel,20210311,Claude,,,
20201108,4,08:57:56,09:01,60,BU5,CON1,-34.0912,114.7814,,Yes,Yes,,Yes,,Yes,,Yes,,Yes,Yes,,,,,Rachel,Yes,,,Rachel,20210311,Claude,,,
20201108,5,09:07:02,09:10,66,BU5,CON1,-34.0887,114.7764,,Yes,Yes,,Yes,,Yes,,Yes,,Yes,Yes,,,,,Rachel,Yes,,,Rachel,20210315,Claude,,,
20201108,1,09:18:31,09:21,62.6,BU5,CON1,-34.0787,114.7789,Facing upwards,Yes,Yes,,Yes,,Yes,,Yes,,Yes,Yes,very blurry,,,,Rachel,Yes,,,Rachel,20210315,Claude,,,
20201108,3,09:29:21,09:32,61.4,BU5,CON1,-34.0762,114.7839,,Yes,Yes,,Yes,,Yes,,Yes,,Yes,Yes,,,,,Rachel,Yes,,,Rachel,20210315,Claude,,,
20201108,335,09:40:59,09:41,54.9,BU5,CON1,-34.0669,114.794,,Yes,Yes,,Yes,,Yes,,Yes,,Yes,Yes,,,,,Rachel,Yes,,,Rachel,20210315,Claude,,,
20201108,206,09:49:23,09:52,58.2,BU5,CON1,-34.0637,114.7914,,Yes,Yes,,Yes,,Yes,,Yes,,Yes,Yes,,,,,Rachel,Yes,,,Rachel,20210315,Claude,,,
20201108,204,09:59:09,10:02,60.6,BU5,CON1,-34.0662,114.7864,Checked Cameras,Yes,Yes,,Yes,,Yes,,Yes,,Yes,Yes,,,,,Rachel,Yes,,,Rachel,20210315,Claude,,,
20201108,207,10:08:10,10:11,60.2,BU5,CON1,-34.0612,114.7864,,Yes,Yes,,Yes,,Yes,,Yes,,Yes,Yes,,,,,Rachel,Yes,,,Rachel,20210315,Claude,,,
20201108,312,10:20:56,10:23,65.2,BU5,CON1,-34.0662,114.7764,,Yes,Yes,,Yes,,Yes,,Yes,,Yes,Yes,,,,,Rachel,Yes,,,Rachel,20210316,Claude,,,
20201108,334,10:29:33,10:32,63,BU5,CON1,-34.0616,114.7754,,Yes,Yes,,Yes,,Yes,,Yes,,Yes,Yes,,,,,Rachel,Yes,,,Rachel,20210316,Claude,,,
20201108,310,10:37:49,10:40,64.1,BU5,CON1,-34.0587,114.7739,,Yes,Yes,,Yes,,Yes,,Yes,,Yes,Yes,,,,,Rachel,Yes,,,Rachel,20210316,Claude,,,
20201108,311,10:47:06,10:50,67.2,BU5,CON1,-34.0562,114.7689,Changed all camera batteries,Yes,Yes,,Yes,,Yes,,Yes,,Yes,Yes,,,,,Rachel,Yes,,,Rachel,20210316,Claude,,,
20201108,327,11:34:53,11:37,64.9,BU5,CON1,-34.0295,114.7624,,Yes,Yes,,Yes,,Yes,,Yes,,Yes,Yes,,,,,Rachel,Yes,,,Rachel,20210316,Claude,,,
20201108,267,11:42:58,11:45,62.7,BU5,CON1,-34.0262,114.7639,,Yes,Yes,,Yes,,Yes,,Yes,,Yes,Yes,,,,,Claude,Yes,,,Claude,20210316,Rachel,,,
20201108,365,11:54:40,11:57,72,BU5,CON1,-34.0237,114.7539,,Yes,Yes,,Yes,,Yes,,Yes,,Yes,Yes,,,,,Claude,Yes,,,Claude,20210316,Rachel,,,
20201108,266,12:03:40,12:06,67.3,BU5,CON1,-34.0212,114.7589,,Yes,Yes,,Yes,,Yes,,Yes,,Yes,Yes,,,,,Claude,Yes,,,Claude,20210316,Rachel,,,
20201108,325,12:21:33,12:24,82.4,BU5,CON1,-33.9918,114.7443,Ledge- good ground,Yes,Yes,,Yes,,Yes,,Yes,,Yes,Yes,,,,,Claude,Yes,,,Claude,20210316,Rachel,,,
20201108,361,12:30:37,12:33,84.3,BU5,CON1,-33.9887,114.7414,,Yes,Yes,,Yes,,Yes,,Yes,,Yes,Yes,,,,,Claude,Yes,,,Claude,20210316,Rachel,,,
20201108,374,12:39:45,12:42,74.8,BU5,CON1,-33.9862,114.7464,,Yes,Yes,,Yes,,Yes,,Yes,,Yes,Yes,,,,,Claude,Yes,,,Claude,20210316,Rachel,,,
20201108,363,12:48:25,12:51,65.6,BU5,CON1,-33.9862,114.7514,,Yes,Yes,,Yes,,Yes,,Yes,,Yes,Yes,,,,,Claude,Yes,,,Claude,20210316,Rachel,,,
20201108,227,13:05:40,13:08,54.1,BU5,CON1,-33.9987,114.7839,,Yes,Yes,,Yes,,Yes,,Yes,,Yes,Yes,,,,,Claude,Yes,,,Claude,20210316,Rachel,,,
20201108,229,13:14:36,13:17,52.5,BU5,CON1,-33.9937,114.7864,,Yes,Yes,,Yes,,Yes,,Yes,,Yes,Yes,,,,,Claude,Yes,,,Claude,20210316,Rachel,,,
20201108,241,13:22:31,13:25,51.3,BU5,CON1,-33.9937,114.7914,,Yes,Yes,,Yes,,Yes,,Yes,,Yes,Yes,,,,,Claude,Yes,,,Claude,20210316,Rachel,,,
20201108,228,13:32:47,13:35,50.6,BU5,CON1,-34.0037,114.7939,,Yes,Yes,,Yes,,Yes,,Yes,,Yes,Yes,,,,,Claude,Yes,,,Claude,20210316,Rachel,,,
20201111,278REDO,07:18:57,07:21,140,BU5,CON1,-34.1112,114.6389,,Yes,Yes,Yes,Yes,Yes,Yes,Yes,Yes,Yes,Yes,Yes,,,,,Claude,Yes,,"was NA in lat long, added same lat long as 278",Claude,20210316,Rachel,,,
20201111,277,07:30:06,07:33,139,BU5,CON1,-34.1062,114.6464,,Yes,Yes,Yes,Yes,Yes,Yes,Yes,Yes,Yes,Yes,Yes,,,,,Claude,Yes,,,Claude,20210316,Rachel,,,no fish
20201111,343,07:41:11,07:44,140,BU5,CON1,-34.1026,114.6407,"Skippy spot of Deans, heaps of fish! can see mysetery object in distance N",Yes,Yes,Yes,Yes,Yes,Yes,Yes,Yes,Yes,Yes,Yes,,,,,Claude,Yes,,,Claude,20210316,Rachel,,,sea cube cube bust ups
20201111,276,07:53,07:56,141,BU5,CON1,-34.1012,114.6364,,Yes,Yes,Yes,Yes,Yes,Yes,Yes,Yes,Yes,Yes,Yes,,,,,Claude,Yes,,,Claude,20210316,Rachel,,,
20201111,275,08:04:11,08:07,139,BU5,CON1,-34.0987,114.6464,,Yes,Yes,Yes,Yes,Yes,Yes,Yes,Yes,Yes,Yes,Yes,,,,,Claude,Yes,,,Claude,20210316,Rachel,,,
20201111,280,08:20:04,08:23,138,BU5,,-34.0887,114.6739,423 corrupt memory card,No,Yes,Yes,Yes,Yes,Yes,Yes,Yes,Yes,Yes,Yes,,,,,,,,,,,,,,
20201111,344,08:29:59,08:33,138,BU5,,-34.0844,114.6744,,No,Yes,Yes,Yes,Yes,Yes,Yes,Yes,Yes,Yes,Yes,,,,,,,,,,,,,,
20201111,299,08:39:36,08:32,138,BU5,,-34.0812,114.6764,,No,Yes,Yes,Yes,Yes,Yes,Yes,Yes,Yes,Yes,Yes,,,,,,,,,,,,,,
20201111,298,08:50:46,08:53,136,BU5,,-34.0762,114.6714,Checked cameras changed 427 battery,No,Yes,Yes,Yes,Yes,Yes,Yes,Yes,Yes,Yes,Yes,,,,,,,,,,,,,,
20201111,352,09:22:42,09:25,140,BU5,,-34.0362,114.5989,,No,Yes,Yes,Yes,Yes,Yes,Yes,Yes,Yes,Yes,Yes,,,,,,,,,,,,,,
20201111,323,09:33:24,09:36,142,BU5,,-34.031,114.6001,,No,Yes,Yes,Yes,Yes,Yes,Yes,Yes,Yes,Yes,Yes,,,,,,,,,,,,,,
20201111,351,09:43:30,09:46,141,BU5,,-34.0312,114.5964,,No,Yes,Yes,Yes,Yes,Yes,Yes,Yes,Yes,Yes,Yes,,,,,,,,,,,,,,
20201111,369,09:54:08,09:57,134,BU5,,-34.0287,114.5914,,No,Yes,Yes,Yes,Yes,Yes,Yes,Yes,Yes,Yes,Yes,,,,,,,,,,,,,,
20201111,349,10:05:20,10:08,134,BU5,,-34.0237,114.5964,,No,Yes,Yes,Yes,Yes,Yes,Yes,Yes,Yes,Yes,Yes,,,,,,,,,,,,,,
20201111,350,10:15:42,10:18,142,BU5,,-34.0262,114.6039,Changed all batteries,No,Yes,Yes,Yes,Yes,Yes,Yes,Yes,Yes,Yes,Yes,,,,,,,,,,,,,,
20201111,372,10:56:54,10:59,134,BU5,CON1,-34.0062,114.6439,,Yes,Yes,Yes,Yes,Yes,Yes,Yes,Yes,Yes,Yes,Yes,,,,,Rachel,Yes,,,Rachel,20210205,Claude,,,
20201111,324,11:09:27,11:12,142,BU5,CON1,-33.9984,114.6406,,Yes,Yes,Yes,Yes,Yes,Yes,Yes,Yes,Yes,Yes,Yes,,,,,Rachel,Yes,,,Rachel,20210205,Claude,,,
20201111,378,11:19:31,11:22,142,BU5,CON1,-33.9937,114.6389,,Yes,Yes,Yes,Yes,Yes,Yes,Yes,Yes,Yes,Yes,Yes,,,,,Rachel,Yes,,,Rachel,20210205,Claude,,,
20201111,370,11:29:48,11:32,141,BU5,CON1,-33.9962,114.6464,,Yes,Yes,Yes,Yes,Yes,Yes,Yes,Yes,Yes,Yes,Yes,,,,,Rachel,Yes,,,Rachel,20210205,Claude,,,
20201111,191,11:44:55,11:48,136,BU5,CON1,-33.9987,114.6714,,Yes,Yes,Yes,Yes,Yes,Yes,Yes,Yes,Yes,Yes,Yes,,,,,Rachel,Yes,,,Rachel,20210205,Claude,,,
20201111,194,11:57:09,12:00,137,BU5,CON1,-33.9962,114.6639,,Yes,Yes,Yes,Yes,Yes,Yes,Yes,Yes,Yes,Yes,Yes,,,,,Rachel,Yes,,,Rachel,20210205,Claude,,,
20201111,189,12:08:49,12:11,138,BU5,CON1,-33.9887,114.6639,,Yes,Yes,Yes,Yes,Yes,Yes,Yes,Yes,Yes,Yes,Yes,,,,,Rachel,Yes,,,Rachel,20210205,Claude,,,
20201111,192,12:19:02,12:22,138,BU5,CON1,-33.9862,114.6689,,Yes,Yes,Yes,Yes,Yes,Yes,Yes,Yes,Yes,Yes,Yes,,,,,Rachel,Yes,,,Rachel,20210205,Claude,,,
20201111,326,12:36:42,12:39,129,BU5,CON1,-34.0043,114.6893,Sponge garden,Yes,Yes,Yes,Yes,Yes,Yes,Yes,Yes,Yes,Yes,Yes,,,,,Rachel,Yes,,,Rachel,20210208,Claude,,,
20201111,364,12:46:27,12:49,131,BU5,CON1,-34.0087,114.6889,,Yes,Yes,Yes,Yes,Yes,Yes,Yes,Yes,Yes,Yes,Yes,,,,,Rachel,Yes,,,Rachel,20210208,Claude,,,"no fish, watched twice"
20201111,252,12:55:36,12:58,129,BU5,CON1,-34.0087,114.6939,,Yes,Yes,Yes,Yes,Yes,Yes,Yes,Yes,Yes,Yes,Yes,,,,,Rachel,Yes,,,Rachel,20210208,Claude,,,no fish
20201111,250,13:06:10,13:09,130,BU5,CON1,-34.0137,114.6939,Checked Cameras,Yes,Yes,Yes,Yes,Yes,Yes,Yes,Yes,Yes,Yes,Yes,,,,,Rachel,Yes,,,Rachel,20210309,Claude,,,
20201111,254,13:16:56,13:19,128,BU5,CON1,-34.0187,114.6964,,Yes,Yes,Yes,Yes,Yes,Yes,Yes,Yes,Yes,Yes,Yes,,,,,Rachel,Yes,,,Rachel,20210309,Claude,,,
20201111,253,13:27:37,13:30,125,BU5,CON1,-34.0137,114.7039,,Yes,Yes,Yes,Yes,Yes,Yes,Yes,Yes,Yes,Yes,Yes,,,,,Rachel,Yes,,,Rachel,20210309,Claude,,,
20201111,251,13:37:17,13:40,128,BU5,CON1,-34.0112,114.6989,,Yes,Yes,Yes,Yes,Yes,Yes,Yes,Yes,Yes,Yes,Yes,,,,,Rachel,Yes,,,Rachel,20210309,Claude,,,
20201111,71,13:47:50,13:50,125,BU5,CON1,-34.0037,114.6989,,Yes,Yes,Yes,Yes,Yes,Yes,Yes,Yes,Yes,Yes,Yes,,,,,Rachel,Yes,,,Rachel,20210309,Claude,,,
20201111,180,13:58:35,14:01,123,BU5,CON1,-33.9962,114.7039,,Yes,Yes,Yes,Yes,Yes,Yes,Yes,Yes,Yes,Yes,Yes,,,,,Rachel,Yes,,,Rachel,20210309,Claude,,,"no fish, watched twice"
20201111,CP11-1,14:08:52,14:11,125,BU5,CON1,-33.9928,114.6966,,Yes,Yes,Yes,Yes,Yes,Yes,Yes,Yes,Yes,Yes,Yes,,,,,Rachel,Yes,,,Rachel,20210309,Claude,,,
20201111,181,14:18:40,14:21,125,BU5,CON1,-33.9887,114.6989,,Yes,Yes,Yes,Yes,Yes,Yes,Yes,Yes,Yes,Yes,Yes,,,,,Rachel,Yes,,,Rachel,20210309,Claude,,,"no fish, watched twice"
20201111,CP11-2,14:32:11,14:35,124,BU5,CON1,-33.9743,114.6928,,Yes,Yes,Yes,Yes,Yes,Yes,Yes,Yes,Yes,Yes,Yes,,,,,Rachel,Yes,,,Rachel,20200310,Claude,,,
20201119,J11,06:58:19,07:01,39.7,5.5,CON1,-34.1178,114.9231,J stands for June BRUV deployment,Yes,Yes,Yes,Yes,Yes,Yes,Yes,Yes,Yes,Yes,Yes,,,,,Charlotte,Yes,,,Charlotte,20210308,Claude,,,
20201119,J12,07:05:56,07:09,44.7,5.5,CON1,-34.1323,114.9285,,Yes,Yes,Yes,Yes,Yes,Yes,Yes,Yes,Yes,Yes,Yes,,,,,Charlotte,Yes,,,Charlotte,20210309,Claude/Rachel,,,1 unknown
20201119,J9,07:13:23,07:16,44.1,5.5,CON1,-34.1195,114.9161,,Yes,Yes,Yes,Yes,Yes,Yes,Yes,Yes,Yes,Yes,Yes,,,,,Charlotte,Yes,,,Charlotte,20210310,Claude,,,unknown labrid
20201119,J10,07:20:50,07:23,38.7,5.5,CON1,-34.1173,114.9187,,Yes,Yes,Yes,Yes,Yes,Yes,Yes,Yes,Yes,Yes,Yes,blurry,,,,Charlotte,Yes,,,Charlotte,20210310,Claude,,,
20201119,J1,07:29:32,07:32,44.3,5.5,CON1,-34.1286,114.9309,,Yes,Yes,Yes,Yes,Yes,Yes,Yes,Yes,Yes,Yes,Yes,blurry as,,,,Charlotte,Yes,,,Charlotte,20210311,Claude,,,
20201119,J2,07:37:40,07:40,44.4,5.5,CON1,-34.1253,114.9288,,Yes,Yes,Yes,Yes,Yes,Yes,Yes,Yes,Yes,Yes,Yes,blurry,,,,Charlotte,Yes,,,Charlotte,20210311,Claude,,,
20201119,J3,07:44:54,07:47,44.4,5.5,CON1,-34.1269,114.9259,,Yes,Yes,Yes,Yes,Yes,Yes,Yes,Yes,Yes,Yes,Yes,very blurry hard to categorise macroalgae,,,,Charlotte,Yes,,,Charlotte,20210315,Claude,,,
20201119,J4,07:52:40,07:55,42.9,5.5,CON1,-34.1226,114.9203,,Yes,Yes,Yes,Yes,Yes,Yes,Yes,Yes,Yes,Yes,Yes,,,,,Charlotte,Yes,,,Charlotte,20210315,Claude,,,
20201119,J8,08:03:44,08:06,43.4,5.5,CON1,-34.1294,114.9118,,Yes,Yes,Yes,Yes,Yes,Yes,Yes,Yes,Yes,Yes,Yes,,,,,Charlotte,Yes,,,Charlotte,20210315,Claude,,,
20201119,J6,08:11:29,08:14,37.1,5.5,CON1,-34.1328,114.9124,Checked Cameras,Yes,Yes,Yes,Yes,Yes,Yes,Yes,Yes,Yes,Yes,Yes,,,,,Charlotte,Yes,,,Charlotte,20210316,Claude,,,
20201119,J5,08:19:57,08:22,42.7,5.5,CON1,-34.1315,114.9158,,Yes,Yes,Yes,Yes,Yes,Yes,Yes,Yes,Yes,Yes,Yes,,,,,Charlotte,Yes,,,Charlotte,20210316,Claude,,,
20201119,J7,08:27:10,08:30,43.3,5.5,CON1,-34.1348,114.9102,,Yes,Yes,Yes,Yes,Yes,Yes,Yes,Yes,Yes,Yes,Yes,,,,,Charlotte,Yes,,,Charlotte,20210316,Claude,,,
20201119,J17,08:41:02,08:44,40.6,5.5,CON1,-34.1321,114.9208,,Yes,Yes,Yes,Yes,Yes,Yes,Yes,Yes,Yes,Yes,Yes,,,,,Charlotte,Yes,,,Charlotte,20210316,Claude,,,
20201119,J14,08:48:29,08:51,41.7,5.5,CON1,-34.1284,114.9255,,Yes,Yes,Yes,Yes,Yes,Yes,Yes,Yes,Yes,Yes,Yes,,,,,Charlotte,Yes,,,Charlotte,20210316,Claude,,,
20201119,J16,08:56:44,08:59,41.2,5.5,CON1,-34.1262,114.9065,,Yes,Yes,Yes,Yes,Yes,Yes,Yes,Yes,Yes,Yes,Yes,,,,,Charlotte,Yes,,,Charlotte,20210317,Claude,,,
20201119,J15,09:03:36,09:06,40.8,5.5,CON1,-34.125,114.9103,,Yes,Yes,Yes,Yes,Yes,Yes,Yes,Yes,Yes,Yes,Yes,,,,,Charlotte,Yes,,,Charlotte,20210317,Claude,,,
20201119,J13,09:11:19,09:14,42.3,5.5,CON1,-34.1285,114.9305,,Yes,Yes,Yes,Yes,Yes,Yes,Yes,Yes,Yes,Yes,Yes,,,,,Charlotte,Yes,,,Charlotte,20210317,Claude,,,
20201119,J18,09:18:36,09:21,41.4,5.5,CON1,-34.1287,114.9241,,Yes,Yes,Yes,Yes,Yes,Yes,Yes,Yes,Yes,Yes,Yes,,,,,Charlotte,Yes,,,Charlotte,20210317,Claude,,,
20201119,J24,09:28:14,09:31,42.4,5.5,CON1,-34.1187,114.8264,,Yes,Yes,Yes,Yes,Yes,Yes,Yes,Yes,Yes,Yes,Yes,,,,,Charlotte,Yes,,,Charlotte,20210317,Claude,,,
20201119,J26,09:35:38,09:38,42.6,5.5,CON1,-34.1209,114.8289,Checked Cameras,Yes,Yes,Yes,Yes,Yes,Yes,Yes,Yes,Yes,Yes,Yes,,,,,Charlotte,Yes,,,Charlotte,20210318,Claude,,,
20201119,J25,09:43:40,09:46,43,5.5,CON1,-34.1168,114.8284,,Yes,Yes,Yes,Yes,Yes,Yes,Yes,Yes,Yes,Yes,Yes,,,,,Charlotte,Yes,,,Charlotte,20210318,Claude,,,
20201119,J32,09:54:43,09:57,42.9,5.5,CON1,-34.1301,114.8611,,Yes,Yes,Yes,Yes,Yes,Yes,Yes,Yes,Yes,Yes,Yes,"blade coral, check form",,,,Charlotte,Yes,,,Charlotte,20210318,Claude,,,
20201119,J30,10:01:46,10:04,42.5,5.5,CON1,-34.1121,114.8595,,Yes,Yes,Yes,Yes,Yes,Yes,Yes,Yes,Yes,Yes,Yes,,,,,Charlotte,Yes,,,Charlotte ,20210318,Claude,,,
20201119,J28,10:09:12,10:12,42.9,5.5,CON1,-34.1129,114.8521,,Yes,Yes,Yes,Yes,Yes,Yes,Yes,Yes,Yes,Yes,Yes,,,,,Charlotte,Yes,,,Charlotte,20210318,Claude,,,
20201119,J29,10:16:30,10:19,43.8,5.5,CON1,-34.1111,114.8556,,Yes,Yes,Yes,Yes,Yes,Yes,Yes,Yes,Yes,Yes,Yes,,,,,Charlotte,Yes,,,Charlotte ,20210318,Rachel,,,
20201119,J31,10:24:15,10:27,43.4,5.5,CON1,-34.116,114.8607,,Yes,Yes,Yes,Yes,Yes,Yes,Yes,Yes,Yes,Yes,Yes,,,,,Charlotte,Yes,,,Charlotte,20210322,Rachel,,,
20201119,J27,10:31:14,10:34,43.5,5.5,CON1,-34.1218,114.8329,Changed Batteries,Yes,Yes,Yes,Yes,Yes,Yes,Yes,Yes,Yes,Yes,Yes,,,,,Charlotte,Yes,,,Charlotte ,20210322,Rachel,,,
20201119,J19,11:11:13,11:14,45.9,5.5,CON1 - only TOP,-34.1225,114.9278,,Yes,Yes,Yes,Yes,Yes,Yes,Yes,Yes,Yes,Yes,Yes,,,,,,,,,,,,,,
20201119,J21,11:18:42,11:21,48.2,5.5,CON1 - only TOP,-34.1282,114.8174,,Yes,Yes,Yes,Yes,Yes,Yes,Yes,Yes,Yes,Yes,Yes,,,,,,,,,,,,,,
20201119,J22,11:26:32,11:29,49.6,5.5,CON1 - only TOP,-34.1263,114.8196,,Yes,Yes,Yes,Yes,Yes,Yes,Yes,Yes,Yes,Yes,Yes,,,,,,,,,,,,,,
20201119,J34,11:34:05,11:37,49.6,5.5,CON1 - only TOP,-34.1313,114.8661,,Yes,Yes,Yes,Yes,Yes,Yes,Yes,Yes,Yes,Yes,Yes,,,,,,,,,,,,,,
20201119,J36,11:41:09,11:41,49.3,5.5,CON1 - only TOP,-34.1305,114.8783,,Yes,Yes,Yes,Yes,Yes,Yes,Yes,Yes,Yes,Yes,Yes,,,,,,,,,,,,,,
20201119,J35,11:49:38,11:52,52,5.5,CON1 - only TOP,-34.1348,114.8693,,Yes,Yes,Yes,Yes,Yes,Yes,Yes,Yes,Yes,Yes,Yes,,,,,,,,,,,,,,
20201119,J33,11:57:39,12:00,51.3,5.5,CON1 - only TOP,-34.1331,114.8627,,Yes,Yes,Yes,Yes,Yes,Yes,Yes,Yes,Yes,Yes,Yes,,,,,,,,,,,,,,
20201119,J38,12:04:47,12:07,51,5.5,CON1 - only TOP,-34.1279,114.8839,,Yes,Yes,Yes,Yes,Yes,Yes,Yes,Yes,Yes,Yes,Yes,,,,,,,,,,,,,,
20201119,J37,12:12:46,12:15,49.3,5.5,CON1 - only TOP,-34.1264,114.8789,,Yes,Yes,Yes,Yes,Yes,Yes,Yes,Yes,Yes,Yes,Yes,,,,,,,,,,,,,,
20201119,J20,12:23:27,12:26,48,5.5,CON1 - only TOP,-34.1302,114.8202,,Yes,Yes,Yes,Yes,Yes,Yes,Yes,Yes,Yes,Yes,Yes,,,,,,,,,,,,,,
20201119,122,12:31:15,12:34,49.4,5.5,CON1 - only TOP,-34.1162,114.8264,,Yes,Yes,Yes,Yes,Yes,Yes,Yes,Yes,Yes,Yes,Yes,,,,,,,,,,,,,,
20201119,125,12:40:33,12:43,48.3,5.5,CON1 - only TOP,-34.1087,114.8264,,Yes,Yes,Yes,Yes,Yes,Yes,Yes,Yes,Yes,Yes,Yes,,,,,,,,,,,,,,
20201119,123,12:49:26,12:52,49.1,5.5,CON1 - only TOP,-34.1062,114.8189,,Yes,Yes,Yes,Yes,Yes,Yes,Yes,Yes,Yes,Yes,Yes,,,,,,,,,,,,,,
20201119,126,12:58:23,13:01,48.8,5.5,CON1 - only TOP,-34.1137,114.8189,Checked Cameras 428 off due to dead battery,Yes,Yes,Yes,Yes,Yes,Yes,Yes,Yes,Yes,Yes,Yes,,,,,,,,,,,,,,
20201119,293,13:22:25,13:25,95.2,5.5,CON1 - only TOP,-34.0887,114.7589,,Yes,Yes,Yes,Yes,Yes,Yes,Yes,Yes,Yes,Yes,Yes,,,,,,,,,,,,,,
20201119,330,13:31:34,13:28,116,5.5,CON1 - only TOP,-34.0883,114.7545,,Yes,Yes,Yes,Yes,Yes,Yes,Yes,Yes,Yes,Yes,Yes,,,,,,,,,,,,,,
20201119,C04,13:41:55,13:44,110,5.5,CON1 - only TOP,-34.0876,114.7493,,Yes,Yes,Yes,Yes,Yes,Yes,Yes,Yes,Yes,Yes,Yes,,,,,,,,,,,,,,
20201119,291,13:51:37,13:54,108,5.5,CON1 - only TOP,-34.0837,114.7489,,Yes,Yes,Yes,Yes,Yes,Yes,Yes,Yes,Yes,Yes,Yes,,,,,,,,,,,,,,
20201119,294,14:00:52,14:03,102,5.5,CON1 - only TOP,-34.0837,114.7539,,Yes,Yes,Yes,Yes,Yes,Yes,Yes,Yes,Yes,Yes,Yes,,,,,,,,,,,,,,